Workbook

Sheet JANUARY
A1: Production | C1: 133131.83
A3: Particulars | B3: Ink | C3: Chemical
A4: Total Opening | B4: =SUM(B5:B7) -> 5920 | C4: =SUM(C5:C7) -> 174
A5: Fresh | B5: 1120
A6: Used | B6: 4800
A7: Chemical | C7: 174
A8: Fresh Amount | B8: =+B5*B25 -> 1294216
A9: Used Amount | B9: =+B6*(B25/100*75) -> 4159980
A10: Chemical Amount | C10: =+C4*C25 -> 95700
A11: Opening Amount | B11: =SUM(B8:B10) -> 5454196 | C11: =SUM(C8:C10) -> 95700
A12: Main Store Received | B12: 1878 | C12: 3135
A13: Received Amount | B13: =+B12*B25 -> 2170122.9 | C13: =+C12*C25 -> 1724250
A14: Return
A15: Total Closing | B15: =SUM(B16:B18) -> 5861.01 | C15: =SUM(C16:C18) -> 312
A16: Fresh | B16: 1297.48
A17: Used | B17: =5861.01-B16 -> 4563.53
A18: Chemical | C18: 312
A19: Fresh Amount | B19: =+B16*B25 -> 1499303
A20: Used Amount | B20: =+B17*(B25/100*75) -> 3955040.3
A21: Chemical Amount | C21: =+C15*C25 -> 171600
A22: Closing Amount | B22: =SUM(B19:B21) -> 5454343.3 | C22: =SUM(C19:C21) -> 171600
A23: Consumed | B23: =+(B4+B12)-(B14+B15) -> 1936.99 | C23: =+(C4+C12)-(C14+C15) -> 2997
A24: Consumed Amount | B24: =+(B11+B13-B22) -> 2169975.6 | C24: =+(C11+C13-C22) -> 1648350
A25: Ink Rate Avg | B25: 1155.55 | C25: 550
A26: Cost /KG | B26: =B24/$C$1 -> 16.29945 | C26: =C24/$C$1 -> 12.381337
A27: Total Cost /KG | C27: =+C26+B26 -> 28.680786
C30: =C24+B24 -> 3818325.6

Sheet FEBRUARY
A1: Production | C1: 123190.06
A3: Particulars | B3: Ink | C3: Chemical
A4: Total Opening | B4: =SUM(B5:B7) -> 5861.01 | C4: =SUM(C5:C7) -> 312
A5: Fresh | B5: 1297.48
A6: Used | B6: 4563.53
A7: Chemical | C7: 312
A8: Fresh Amount | B8: =+B5*B25 -> 1480424.7
A9: Used Amount | B9: =+B6*(B25/100*75) -> 3905240.8
A10: Chemical Amount | C10: =+C4*C25 -> 166046.4
A11: Opening Amount | B11: =SUM(B8:B10) -> 5385665.5 | C11: =SUM(C8:C10) -> 166046.4
A12: Main Store Received | B12: 1298 | C12: 2970
A13: Received Amount | B13: =+B12*B25 -> 1481018 | C13: =+C12*C25 -> 1580634
A14: Return
A15: Total Closing | B15: =SUM(B16:B18) -> 5316 | C15: =SUM(C16:C18) -> 764
A16: Fresh | B16: 901
A17: Used | B17: 4415
A18: Chemical | C18: 764
A19: Fresh Amount | B19: =+B16*B25 -> 1028041
A20: Used Amount | B20: =+B17*(B25/100*75) -> 3778136.2
A21: Chemical Amount | C21: =+C15*C25 -> 406600.8
A22: Closing Amount | B22: =SUM(B19:B21) -> 4806177.2 | C22: =SUM(C19:C21) -> 406600.8
A23: Consumed | B23: =+(B4+B12)-(B14+B15) -> 1843.01 | C23: =+(C4+C12)-(C14+C15) -> 2518
A24: Consumed Amount | B24: =+(B11+B13-B22) -> 2060506.2 | C24: =+(C11+C13-C22) -> 1340079.6
A25: Ink Rate Avg | B25: 1141 | C25: 532.2
A26: Cost /KG | B26: =B24/$C$1 -> 16.726238 | C26: =C24/$C$1 -> 10.878147
A27: Total Cost /KG | C27: =+C26+B26 -> 27.604385
C30: =C24+B24 -> 3400585.8

Sheet MARCH
A1: Production | C1: 147332.02
A3: Particulars | B3: Ink | C3: Chemical
A4: Total Opening | B4: =SUM(B5:B7) -> 5316 | C4: =SUM(C5:C7) -> 764
A5: Fresh | B5: 901
A6: Used | B6: 4415
A7: Chemical | C7: 764
A8: Fresh Amount | B8: =+B5*B25 -> 1007606.3
A9: Used Amount | B9: =+B6*(B25/100*75) -> 3703037.1
A10: Chemical Amount | C10: =+C4*C25 -> 394124.68
A11: Opening Amount | B11: =SUM(B8:B10) -> 4710643.4 | C11: =SUM(C8:C10) -> 394124.68
A12: Main Store Received | B12: 2013 | C12: =1650+990+1650+10 -> 4300
A13: Received Amount | B13: =+B12*B25 -> 2251178.2 | C13: =+C12*C25 -> 2218241
A14: Return
A15: Total Closing | B15: =SUM(B16:B18) -> 4467 | C15: =SUM(C16:C18) -> 764
A16: Fresh | B16: 987
A17: Used | B17: 3480
A18: Chemical | C18: 764
A19: Fresh Amount | B19: =+B16*B25 -> 1103781.8
A20: Used Amount | B20: =+B17*(B25/100*75) -> 2918815.2
A21: Chemical Amount | C21: =+C15*C25 -> 394124.68
A22: Closing Amount | B22: =SUM(B19:B21) -> 4022597 | C22: =SUM(C19:C21) -> 394124.68
A23: Consumed | B23: =+(B4+B12)-(B14+B15) -> 2862 | C23: =+(C4+C12)-(C14+C15) -> 4300
A24: Consumed Amount | B24: =+(B11+B13-B22) -> 2939224.5 | C24: =+(C11+C13-C22) -> 2218241
A25: Ink Rate Avg | B25: 1118.32 | C25: 515.87
A26: Cost /KG | B26: =B24/$C$1 -> 19.949666 | C26: =C24/$C$1 -> 15.056069
A27: Total Cost /KG | C27: =+C26+B26 -> 35.005734
C30: =C24+B24 -> 5157465.5

Sheet APRIL
A1: Production | C1: 87462.68
A3: Particulars | B3: Ink | C3: Chemical
A4: Total Opening | B4: =SUM(B5:B7) -> 4467 | C4: =SUM(C5:C7) -> 764
A5: Fresh | B5: 987
A6: Used | B6: 3480
A7: Chemical | C7: 764
A8: Fresh Amount | B8: =+B5*B25 -> 1323162.3
A9: Used Amount | B9: =+B6*(B25/100*75) -> 3498939.9
A10: Chemical Amount | C10: =+C4*C25 -> 356344.88
A11: Opening Amount | B11: =SUM(B8:B10) -> 4822102.2 | C11: =SUM(C8:C10) -> 356344.88
A12: Main Store Received | B12: 1552 | C12: 4446
A13: Received Amount | B13: =+B12*B25 -> 2080595.7 | C13: =+C12*C25 -> 2073703.3
A14: Return
A15: Total Closing | B15: =SUM(B16:B18) -> 5373 | C15: =SUM(C16:C18) -> 720
A16: Fresh | B16: 959
A17: Used | B17: 4414
A18: Chemical | C18: 720
A19: Fresh Amount | B19: =+B16*B25 -> 1285625.8
A20: Used Amount | B20: =+B17*(B25/100*75) -> 4438023.2
A21: Chemical Amount | C21: =+C15*C25 -> 335822.4
A22: Closing Amount | B22: =SUM(B19:B21) -> 5723649 | C22: =SUM(C19:C21) -> 335822.4
A23: Consumed | B23: =+(B4+B12)-(B14+B15) -> 646 | C23: =+(C4+C12)-(C14+C15) -> 4490
A24: Consumed Amount | B24: =+(B11+B13-B22) -> 1179048.9 | C24: =+(C11+C13-C22) -> 2094225.8
A25: Ink Rate Avg | B25: 1340.59 | C25: 466.42
A26: Cost /KG | B26: =B24/$C$1 -> 13.480594 | C26: =C24/$C$1 -> 23.944222
A27: Total Cost /KG | C27: =+C26+B26 -> 37.424816 | D27: 37.41
C30: =C24+B24 -> 3273274.7

Sheet MAY
A1: Production | C1: 222812
A3: Particulars | B3: Ink | C3: Chemical
A4: Total Opening | B4: =SUM(B5:B7) -> 5373 | C4: =SUM(C5:C7) -> 720
A5: Fresh | B5: 959
A6: Used | B6: 4414
A7: Chemical | C7: 720
A8: Fresh Amount | B8: =+B5*B25 -> 911663.76
A9: Used Amount | B9: =+B6*(B25/100*75) -> 3147093.7
A10: Chemical Amount | C10: =+C4*C25 -> 302400
A11: Opening Amount | B11: =SUM(B8:B10) -> 4058757.5 | C11: =SUM(C8:C10) -> 302400
A12: Main Store Received | B12: 1778 | C12: =495+3300 -> 3795
A13: Received Amount | B13: =+B12*B25 -> 1690237.9 | C13: =+C12*C25 -> 1593900
A14: Return
A15: Total Closing | B15: =SUM(B16:B18) -> 5926.18 | C15: =SUM(C16:C18) -> 696
A16: Fresh | B16: 1156.18
A17: Used | B17: 4770
A18: Chemical | C18: 696
A19: Fresh Amount | B19: =+B16*B25 -> 1099111
A20: Used Amount | B20: =+B17*(B25/100*75) -> 3400914.6
A21: Chemical Amount | C21: =+C15*C25 -> 292320
A22: Closing Amount | B22: =SUM(B19:B21) -> 4500025.6 | C22: =SUM(C19:C21) -> 292320
A23: Consumed | B23: =+(B4+B12)-(B14+B15) -> 1224.82 | C23: =+(C4+C12)-(C14+C15) -> 3819
A24: Consumed Amount | B24: =+(B11+B13-B22) -> 1248969.8 | C24: =+(C11+C13-C22) -> 1603980
A25: Ink Rate Avg | B25: 950.64 | C25: 420
A26: Cost /KG | B26: =B24/$C$1 -> 5.6054873 | C26: =C24/$C$1 -> 7.1988044
A27: Total Cost /KG | C27: =+C26+B26 -> 12.804292

Sheet JUNE
A1: Production | C1: 136837.31
A3: Particulars | B3: Ink | C3: Chemical
A4: Total Opening | B4: =SUM(B5:B7) -> 5926.18 | C4: =SUM(C5:C7) -> 696
A5: Fresh | B5: 1156.18
A6: Used | B6: 4770
A7: Chemical | C7: 696
A8: Fresh Amount | B8: =+B5*B25 -> 1358511.5
A9: Used Amount | B9: =+B6*(B25/100*75) -> 4203562.5
A10: Chemical Amount | C10: =+C4*C25 -> 292320
A11: Opening Amount | B11: =SUM(B8:B10) -> 5562074 | C11: =SUM(C8:C10) -> 292320
A12: Main Store Received | B12: 1350 | C12: =165+3135+330 -> 3630
A13: Received Amount | B13: =+B12*B25 -> 1586250 | C13: =+C12*C25 -> 1524600
A14: Return
A15: Total Closing | B15: =SUM(B16:B18) -> 5146.2 | C15: =SUM(C16:C18) -> 446.5
A16: Fresh | B16: 821.2
A17: Used | B17: 4325
A18: Chemical | C18: 446.5
A19: Fresh Amount | B19: =+B16*B25 -> 964910
A20: Used Amount | B20: =+B17*(B25/100*75) -> 3811406.2
A21: Chemical Amount | C21: =+C15*C25 -> 187530
A22: Closing Amount | B22: =SUM(B19:B21) -> 4776316.2 | C22: =SUM(C19:C21) -> 187530
A23: Consumed | B23: =+(B4+B12)-(B14+B15) -> 2129.98 | C23: =+(C4+C12)-(C14+C15) -> 3879.5
A24: Consumed Amount | B24: =+(B11+B13-B22) -> 2372007.8 | C24: =+(C11+C13-C22) -> 1629390
A25: Ink Rate Avg | B25: 1175 | C25: 420
A26: Cost /KG | B26: =B24/$C$1 -> 17.33451 | C26: =C24/$C$1 -> 11.907498
A27: Total Cost /KG | C27: =+C26+B26 -> 29.242008
C30: =C24+B24 -> 4001397.8

Sheet July
A1: Production | C1: 125074.8
A3: Particulars | B3: Ink | C3: Chemical
A4: Total Opening | B4: =SUM(B5:B7) -> 3072.43 | C4: =SUM(C5:C7) -> 446.5 | F4: Total Closing | G4: 5477.68 | H4: 446.5
A5: Fresh | B5: 821.2 | F5: Fresh | G5: 821.2
A6: Used | B6: =4656.48-2405.25 -> 2251.23 | F6: Used | G6: 4656.48 | J6: 4656.48 | K6: 4253694.5 | L6: =K6/J6 -> 913.5
A7: Chemical | C7: 446.5 | F7: Chemical | H7: 446.5 | J7: 2405.25 | K7: =L6*J7 -> 2197195.9
A8: Fresh Amount | B8: 1000221.6 | F8: =B5*G8 -> 1000221.6 | G8: 1218 | K8: =K6-K7 -> 2056498.6
A9: Used Amount | B9: 2056498.6 | F9: =B6*G9 -> 2056498.6 | G9: 913.5
A10: Chemical Amount | C10: =+C4*C25 -> 187530
A11: Opening Amount | B11: =SUM(B8:B10) -> 3056720.2 | C11: =SUM(C8:C10) -> 187530 | F11: =C10/C7 -> 420
A12: Main Store Received | B12: 1899 | C12: 3795
A13: Received Amount | B13: =+B12*B25 -> 2034455.7 | C13: =+C12*C25 -> 1593900 | F13: =B13/B12 -> 1071.33 | G13: =C13/C12 -> 420
A14: Return
A15: Total Closing | B15: =SUM(B16:B18) -> 3543.18 | C15: =SUM(C16:C18) -> 390
A16: Fresh | B16: 1272.3
A17: Used | B17: =3543.18-1272.3 -> 2270.88 | C17: 390
A18: Chemical
A19: Fresh Amount | B19: =+B16*B25 -> 1363053.2
A20: Used Amount | B20: =+B17*(B25/100*75) -> 1824646.4
A21: Chemical Amount | C21: =+C15*C25 -> 163800
A22: Closing Amount | B22: =SUM(B19:B21) -> 3187699.6 | C22: =SUM(C19:C21) -> 163800
A23: Consumed | B23: =+(B4+B12)-(B14+B15) -> 1428.25 | C23: =+(C4+C12)-(C14+C15) -> 3851.5
A24: Consumed Amount | B24: =+(B11+B13-B22) -> 1903476.3 | C24: =+(C11+C13-C22) -> 1617630
A25: Ink Rate Avg | B25: 1071.33 | C25: 420
A26: Cost /KG | B26: =B24/$C$1 -> 15.218704 | C26: =C24/$C$1 -> 12.933301
A27: Total Cost /KG | C27: =+C26+B26 -> 28.152004
C30: =C24+B24 -> 3521106.3

Sheet Aug
A1: Production | C1: 124297.7
A3: Particulars | B3: Ink | C3: Chemical
A4: Total Opening | B4: =SUM(B5:B7) -> 3543.18 | C4: =SUM(C5:C7) -> 390
A5: Fresh | B5: 1272.3
A6: Used | B6: 2270.88
A7: Chemical | C7: 390
A8: Fresh Amount | B8: 1000221.6
A9: Used Amount | B9: 2056498.6
A10: Chemical Amount | C10: =+C4*C25 -> 165360
A11: Opening Amount | B11: =SUM(B8:B10) -> 3056720.2 | C11: =SUM(C8:C10) -> 165360
A12: Main Store Received | B12: 1943 | C12: 3660
A13: Received Amount | B13: =+B12*B25 -> 2242222 | C13: =+C12*C25 -> 1551840
A14: Return
A15: Total Closing | B15: =SUM(B16:B18) -> 3571 | C15: =SUM(C16:C18) -> 492
A16: Fresh | B16: 1176
A17: Used | B17: 2395
A18: Chemical | C18: 492
A19: Fresh Amount | B19: =+B16*B25 -> 1357104
A20: Used Amount | B20: =+B17*(B25/100*75) -> 2072872.5
A21: Chemical Amount | C21: =+C15*C25 -> 208608
A22: Closing Amount | B22: =SUM(B19:B21) -> 3429976.5 | C22: =SUM(C19:C21) -> 208608
A23: Consumed | B23: =+(B4+B12)-(B14+B15) -> 1915.18 | C23: =+(C4+C12)-(C14+C15) -> 3558
A24: Consumed Amount | B24: =+(B11+B13-B22) -> 1868965.7 | C24: =+(C11+C13-C22) -> 1508592
A25: Ink Rate Avg | B25: 1154 | C25: 424
A26: Cost /KG | B26: =B24/$C$1 -> 15.036205 | C26: =C24/$C$1 -> 12.136926
A27: Total Cost /KG | C27: =+C26+B26 -> 27.173131

Sheet Aug Sohail sab
A1: Main store Rm-PP
C2: Opening | G2: Purchase | K2: Return | O2: Available for use | S2: Closing Stock | W2: Consumption
A3: Sr # | B3: Category | C3: Qty | D3: Rate | E3: Amount | G3: Qty | H3: Rate | I3: Amount | K3: Qty | L3: Rate | M3: Amount | O3: Qty | P3: Rate | Q3: Amount | S3: Qty | T3: Rate | U3: Amount | W3: Qty | X3: Rate | Y3: Amount | AA3: 124297.7
A4: 1 | B4: Ink -Fresh | C4: 1272.3 | D4: 1218 | E4: =C4*D4 -> 1549661.4 | G4: 1943 | H4: 1153.99 | I4: =G4*H4 -> 2242202.6 | K4: 0 | L4: 0 | M4: =K4*L4 -> 0 | O4: =C4+G4-K4 -> 3215.3 | P4: =Q4/O4 -> 1179.3189 | Q4: =E4+I4-M4 -> 3791864 | S4: 1176.2 | T4: =P4 -> 1179.3189 | U4: =S4*T4 -> 1387114.9 | W4: =O4-S4 -> 2039.1 | X4: =P4 -> 1179.3189 | Y4: =W4*X4 -> 2404749.1 | Z4: =+Y4+Y5 -> 2291365.5 | AA4: =+Z4/AA3 -> 18.434497
A5: 2 | B5: Ink - used | C5: 2270.88 | D5: 913.5 | E5: =C5*D5 -> 2074448.9 | G5: 0 | H5: 0 | I5: =G5*H5 -> 0 | K5: 0 | L5: 0 | M5: =K5*L5 -> 0 | O5: =C5+G5-K5 -> 2270.88 | P5: =Q5/O5 -> 913.5 | Q5: =E5+I5-M5 -> 2074448.9 | S5: 2395 | T5: =P5 -> 913.5 | U5: =S5*T5 -> 2187832.5 | W5: =O5-S5 -> -124.12 | X5: =P5 -> 913.5 | Y5: =W5*X5 -> -113383.62
A6: 3 | B6: Chemical | C6: 390 | D6: 420 | E6: =C6*D6 -> 163800 | G6: 3660 | H6: 423.64 | I6: =G6*H6 -> 1550522.4 | K6: 0 | L6: 0 | M6: =K6*L6 -> 0 | O6: =C6+G6-K6 -> 4050 | P6: =Q6/O6 -> 423.28948 | Q6: =E6+I6-M6 -> 1714322.4 | S6: 492 | T6: =P6 -> 423.28948 | U6: =S6*T6 -> 208258.42 | W6: =O6-S6 -> 3558 | X6: =P6 -> 423.28948 | Y6: =W6*X6 -> 1506064 | Z6: =+Y6 -> 1506064 | AA6: =+Z6/AA3 -> 12.116588
C7: =SUM(C4:C6) -> 3933.18 | D7: =E7/C7 -> 963.06558 | E7: =SUM(E4:E6) -> 3787910.3 | G7: =SUM(G4:G6) -> 5603 | H7: =I7/G7 -> 676.90969 | I7: =SUM(I4:I6) -> 3792725 | K7: =SUM(K4:K6) -> 0 | L7: =IFERROR(M7/K7,"-") -> - | M7: =SUM(M4:M6) -> 0 | O7: =SUM(O4:O6) -> 9536.18 | P7: =SUM(P4:P6) -> 2516.1084 | Q7: =SUM(Q4:Q6) -> 7580635.2 | S7: =SUM(S4:S6) -> 4063.2 | T7: =SUM(T4:T6) -> 2516.1084 | U7: =SUM(U4:U6) -> 3783205.8 | W7: =SUM(W4:W6) -> 5472.98 | X7: =Y7/W7 -> 693.85042 | Y7: =SUM(Y4:Y6) -> 3797429.5 | AA7: =SUM(AA4:AA6) -> 30.551085

Sheet Sep Sohail sb
A1: Main store Rm-PP
C2: Opening | G2: Purchase | K2: Return | O2: Available for use | S2: Closing Stock | W2: Consumption
A3: Sr # | B3: Category | C3: Qty | D3: Rate | E3: Amount | G3: Qty | H3: Rate | I3: Amount | K3: Qty | L3: Rate | M3: Amount | O3: Qty | P3: Rate | Q3: Amount | S3: Qty | T3: Rate | U3: Amount | W3: Qty | X3: Rate | Y3: Amount | AA3: 151478.97
A4: 1 | B4: Ink -Fresh | C4: 1176.2 | D4: 1179.3189 | E4: =C4*D4 -> 1387114.9 | G4: 2155.5 | H4: 1082.361 | I4: =G4*H4 -> 2333029.1 | K4: 0 | L4: 0 | M4: =K4*L4 -> 0 | O4: =C4+G4-K4 -> 3331.7 | P4: =Q4/O4 -> 1116.5903 | Q4: =E4+I4-M4 -> 3720144 | S4: 1481.5 | T4: =P4 -> 1116.5903 | U4: =S4*T4 -> 1654228.6 | W4: =O4-S4 -> 1850.2 | X4: =P4 -> 1116.5903 | Y4: =W4*X4 -> 2065915.4 | Z4: =+Y4+Y5 -> 2319320.3 | AA4: =+Z4/AA3 -> 15.311171
A5: 2 | B5: Ink - used | C5: 2395 | D5: 913.5 | E5: =C5*D5 -> 2187832.5 | I5: =G5*H5 -> 0 | K5: 0 | L5: 0 | M5: =K5*L5 -> 0 | O5: =C5+G5-K5 -> 2395 | P5: =Q5/O5 -> 913.5 | Q5: =E5+I5-M5 -> 2187832.5 | S5: 2117.6 | T5: =P5 -> 913.5 | U5: =S5*T5 -> 1934427.6 | W5: =O5-S5 -> 277.4 | X5: =P5 -> 913.5 | Y5: =W5*X5 -> 253404.9
A6: 3 | B6: Chemical | C6: 492 | D6: 423.28948 | E6: =C6*D6 -> 208258.42 | G6: 3960 | H6: 420 | I6: =G6*H6 -> 1663200 | K6: 0 | L6: 0 | M6: =K6*L6 -> 0 | O6: =C6+G6-K6 -> 4452 | P6: =Q6/O6 -> 420.36353 | Q6: =E6+I6-M6 -> 1871458.4 | S6: 901.6 | T6: =P6 -> 420.36353 | U6: =S6*T6 -> 378999.76 | W6: =O6-S6 -> 3550.4 | X6: =P6 -> 420.36353 | Y6: =W6*X6 -> 1492458.7 | Z6: =+Y6 -> 1492458.7 | AA6: =+Z6/AA3 -> 9.8525801
C7: =SUM(C4:C6) -> 4063.2 | D7: =E7/C7 -> 931.09022 | E7: =SUM(E4:E6) -> 3783205.8 | G7: =SUM(G4:G6) -> 6115.5 | H7: =I7/G7 -> 653.4591 | I7: =SUM(I4:I6) -> 3996229.1 | K7: =SUM(K4:K6) -> 0 | L7: =IFERROR(M7/K7,"-") -> - | M7: =SUM(M4:M6) -> 0 | O7: =SUM(O4:O6) -> 10178.7 | P7: =SUM(P4:P6) -> 2450.4539 | Q7: =SUM(Q4:Q6) -> 7779434.9 | S7: =SUM(S4:S6) -> 4500.7 | T7: =SUM(T4:T6) -> 2450.4539 | U7: =SUM(U4:U6) -> 3967655.9 | W7: =SUM(W4:W6) -> 5678 | X7: =Y7/W7 -> 671.32423 | Y7: =SUM(Y4:Y6) -> 3811779 | AA7: =SUM(AA4:AA6) -> 25.163751
W11: =+W4+W5 -> 2127.6 | X11: 1597.1736 | Y11: =+W11-X11 -> 530.42641
W12: =+W6 -> 3550.4 | X12: 4180.1833 | Y12: =+W12-X12 -> -629.78326

Sheet Oct Sohail sb
A1: Main store Rm-PP
C2: Opening | G2: Purchase | K2: Return | O2: Available for use | S2: Closing Stock | W2: Consumption
A3: Sr # | B3: Category | C3: Qty | D3: Rate | E3: Amount | G3: Qty | H3: Rate | I3: Amount | K3: Qty | L3: Rate | M3: Amount | O3: Qty | P3: Rate | Q3: Amount | S3: Qty | T3: Rate | U3: Amount | W3: Qty | X3: Rate | Y3: Amount | AA3: 153227.86
A4: 1 | B4: Ink -Fresh | C4: 1481.5 | D4: 1116.5903 | E4: 1654228.6 | G4: 1680 | H4: 1075 | I4: =G4*H4 -> 1806000 | K4: 0 | L4: 0 | M4: =K4*L4 -> 0 | O4: =C4+G4-K4 -> 3161.5 | P4: =Q4/O4 -> 1094.4895 | Q4: =E4+I4-M4 -> 3460228.6 | S4: 793 | T4: 1075.8 | U4: =S4*T4 -> 853109.4 | W4: =O4-S4 -> 2368.5 | X4: =P4 -> 1094.4895 | Y4: =W4*X4 -> 2592298.4 | Z4: =+Y4+Y5 -> 2450340.5 | AA4: =+Z4/AA3 -> 15.991482
A5: 2 | B5: Ink - used | C5: 2117.6 | D5: 913.5 | E5: 1934427.6 | I5: =G5*H5 -> 0 | K5: 0 | L5: 0 | M5: =K5*L5 -> 0 | O5: =C5+G5-K5 -> 2117.6 | P5: =Q5/O5 -> 913.5 | Q5: =E5+I5-M5 -> 1934427.6 | S5: 2273 | T5: 913.5 | U5: =S5*T5 -> 2076385.5 | W5: =O5-S5 -> -155.4 | X5: =P5 -> 913.5 | Y5: =W5*X5 -> -141957.9
A6: 3 | B6: Chemical | C6: 901.6 | D6: 420.36353 | E6: 378999.76 | G6: 3630 | H6: 375 | I6: =G6*H6 -> 1361250 | K6: 0 | L6: 0 | M6: =K6*L6 -> 0 | O6: =C6+G6-K6 -> 4531.6 | P6: =Q6/O6 -> 384.02546 | Q6: =E6+I6-M6 -> 1740249.8 | S6: 582 | T6: 547 | U6: =S6*T6 -> 318354 | W6: =O6-S6 -> 3949.6 | X6: =P6 -> 384.02546 | Y6: =W6*X6 -> 1516746.9 | Z6: =+Y6 -> 1516746.9 | AA6: =+Z6/AA3 -> 9.8986368
C7: =SUM(C4:C6) -> 4500.7 | D7: =E7/C7 -> 881.56418 | E7: =SUM(E4:E6) -> 3967655.9 | G7: =SUM(G4:G6) -> 5310 | H7: 375 | I7: =SUM(I4:I6) -> 3167250 | K7: =SUM(K4:K6) -> 0 | L7: =IFERROR(M7/K7,"-") -> - | M7: =SUM(M4:M6) -> 0 | O7: =SUM(O4:O6) -> 9810.7 | P7: =SUM(P4:P6) -> 2392.015 | Q7: =SUM(Q4:Q6) -> 7134905.9 | S7: =SUM(S4:S6) -> 3648 | T7: =SUM(T4:T6) -> 2536.3 | U7: =SUM(U4:U6) -> 3247848.9 | W7: =SUM(W4:W6) -> 6162.7 | X7: =Y7/W7 -> 643.72555 | Y7: =SUM(Y4:Y6) -> 3967087.4 | AA7: =SUM(AA4:AA6) -> 25.890118
W11: =+W4+W5 -> 2213.1 | X11: 1597.1736 | Y11: =+W11-X11 -> 615.92641
W12: =+W6 -> 3949.6 | X12: 4180.1833 | Y12: =+W12-X12 -> -230.58326

Sheet Summary
B1: Month | C1: Production | D1: Ink cost | E1: Chemcial cost | F1: Total
B2: January | C2: =+JANUARY!C1 -> 133131.83 | D2: =+JANUARY!B26 -> 16.29945 | E2: =+JANUARY!C26 -> 12.381337 | F2: =+E2+D2 -> 28.680786
B3: February | C3: =+FEBRUARY!C1 -> 123190.06 | D3: =+FEBRUARY!B26 -> 16.726238 | E3: =+FEBRUARY!C26 -> 10.878147 | F3: =+E3+D3 -> 27.604385
B4: March | C4: =+MARCH!C1 -> 147332.02 | D4: =+MARCH!B26 -> 19.949666 | E4: =+MARCH!C26 -> 15.056069 | F4: =+E4+D4 -> 35.005734
B5: April | C5: =+APRIL!C1 -> 87462.68 | D5: =+APRIL!B26 -> 13.480594 | E5: =+APRIL!C26 -> 23.944222 | F5: =+E5+D5 -> 37.424816
B6: May | C6: =+MAY!C1 -> 222812 | D6: =+MAY!B26 -> 5.6054873 | E6: =+MAY!C26 -> 7.1988044 | F6: =+E6+D6 -> 12.804292
B7: June | C7: =+JUNE!C1 -> 136837.31 | D7: =+JUNE!B26 -> 17.33451 | E7: =+JUNE!C26 -> 11.907498 | F7: =+E7+D7 -> 29.242008
B8: July | C8: =+July!C1 -> 125074.8 | D8: =+July!B26 -> 15.218704 | E8: =+July!C26 -> 12.933301 | F8: =+E8+D8 -> 28.152004
B9: August | C9: =+'Aug Sohail sab'!AA3 -> 124297.7 | D9: =+'Aug Sohail sab'!AA4 -> 18.434497 | E9: =+'Aug Sohail sab'!AA6 -> 12.116588 | F9: =+E9+D9 -> 30.551085
B10: September | C10: =+'Sep Sohail sb'!AA3 -> 151478.97 | D10: =+'Sep Sohail sb'!AA4 -> 15.311171 | E10: =+'Sep Sohail sb'!AA6 -> 9.8525801 | F10: =+E10+D10 -> 25.163751
B11: October | C11: =+'Oct Sohail sb'!AA3 -> 153227.86 | D11: =+'Oct Sohail sb'!AA4 -> 15.991482 | E11: =+'Oct Sohail sb'!AA6 -> 9.8986368 | F11: =+E11+D11 -> 25.890118

Sheet January 2026
A1: Production | C1: 167818
A3: Particulars | B3: Ink | C3: Chemical
A4: Total Opening | B4: =SUM(B5:B7) -> 4711.63 | C4: =SUM(C5:C7) -> 350.5
A5: Fresh | B5: 930.2
A6: Used | B6: 3781.43
A7: Chemical | C7: 350.5
A8: Fresh Amount | B8: =+B5*B25 -> 1019601.5
A9: Used Amount | B9: =+B6*(B25/100*75) -> 3108647.4
A10: Chemical Amount | C10: =+C4*C25 -> 128633.5
A11: Opening Amount | B11: =SUM(B8:B10) -> 4128248.9 | C11: =SUM(C8:C10) -> 128633.5
A12: Main Store Received | B12: 1940 | C12: 4445
A13: Received Amount | B13: =+B12*B25 -> 2126453.4 | C13: =+C12*C25 -> 1631315
A14: Return
A15: Total Closing | B15: =SUM(B16:B18) -> 4480.7 | C15: =SUM(C16:C18) -> 1003.6
A16: Fresh | B16: 882.6 | C16: 1003.6
A17: Used | B17: =4480.7-882.6 -> 3598.1
A18: Chemical
A19: Fresh Amount | B19: =+B16*B25 -> 967426.69
A20: Used Amount | B20: =+B17*(B25/100*75) -> 2957935
A21: Chemical Amount | C21: =+C15*C25 -> 368321.2
A22: Closing Amount | B22: =SUM(B19:B21) -> 3925361.7 | C22: =SUM(C19:C21) -> 368321.2
A23: Consumed | B23: =+(B4+B12)-(B14+B15) -> 2170.93 | C23: =+(C4+C12)-(C14+C15) -> 3791.9
A24: Consumed Amount | B24: =+(B11+B13-B22) -> 2329340.6 | C24: =+(C11+C13-C22) -> 1391627.3
A25: Ink Rate Avg | B25: 1096.11 | C25: 367
A26: Cost /KG | B26: =B24/$C$1 -> 13.88016 | C26: =C24/$C$1 -> 8.2924794
A27: Total Cost /KG | C27: =+C26+B26 -> 22.172639
C30: =C24+B24 -> 3720967.9

Sheet March 2026
A1: Production | C1: 119659.46
A3: Particulars | B3: Ink | C3: Chemical
A4: Total Opening | B4: =SUM(B5:B7) -> 4495.2 | C4: =SUM(C5:C7) -> 451.6
A5: Fresh | B5: 684.5
A6: Used | B6: 3810.7
A7: Chemical | C7: 451.6
A8: Fresh Amount | B8: =+B5*B25 -> 756372.5
A9: Used Amount | B9: =+B6*(B25/100*75) -> 3158117.6
A10: Chemical Amount | C10: =+C4*C25 -> 144688.12
A11: Opening Amount | B11: =SUM(B8:B10) -> 3914490.1 | C11: =SUM(C8:C10) -> 144688.12
A12: Main Store Received | B12: 1375 | C12: 2804
A13: Received Amount | B13: =+B12*B25 -> 1519375 | C13: =+C12*C25 -> 898373.56
A14: Return
A15: Total Closing | B15: =SUM(B16:B18) -> 4560.45 | C15: =SUM(C16:C18) -> 451.6
A16: Fresh | B16: 994.2
A17: Used | B17: =4560.45-B16 -> 3566.25
A18: Chemical | C18: 451.6
A19: Fresh Amount | B19: =+B16*B25 -> 1098591
A20: Used Amount | B20: =+B17*(B25/100*75) -> 2955529.7
A21: Chemical Amount | C21: =+C15*C25 -> 144688.12
A22: Closing Amount | B22: =SUM(B19:B21) -> 4054120.7 | C22: =SUM(C19:C21) -> 144688.12
A23: Consumed | B23: =+(B4+B12)-(B14+B15) -> 1309.75 | C23: =+(C4+C12)-(C14+C15) -> 2804
A24: Consumed Amount | B24: =+(B11+B13-B22) -> 1379744.4 | C24: =+(C11+C13-C22) -> 898373.56
A25: Ink Rate Avg | B25: 1105 | C25: 320.39
A26: Cost /KG | B26: =B24/$C$1 -> 11.530592 | C26: =C24/$C$1 -> 7.5077521
A27: Total Cost /KG | C27: =+C26+B26 -> 19.038344
C30: =C24+B24 -> 2278118

Sheet April 2026
A1: Production | C1: 200040.56
A3: Particulars | B3: Ink | C3: Chemical
A4: Total Opening | B4: =SUM(B5:B7) -> 4560.45 | C4: =SUM(C5:C7) -> 451.6
A5: Fresh | B5: 994.2
A6: Used | B6: 3566.25
A7: Chemical | C7: 451.6
A8: Fresh Amount | B8: =+B5*B25 -> 1134839.5
A9: Used Amount | B9: =+B6*(B25/100*75) -> 3053048.8
A10: Chemical Amount | C10: =+C4*C25 -> 238467.38
A11: Opening Amount | B11: =SUM(B8:B10) -> 4187888.3 | C11: =SUM(C8:C10) -> 238467.38
A12: Main Store Received | B12: 2618 | C12: 3101
A13: Received Amount | B13: =+B12*B25 -> 2988342.3 | C13: =+C12*C25 -> 1637483
A14: Return
A15: Total Closing | B15: =SUM(B16:B18) -> 5179.85 | C15: =SUM(C16:C18) -> 273
A16: Fresh | B16: 985.3
A17: Used | B17: 4194.55 | C17: 273
A18: Chemical
A19: Fresh Amount | B19: =+B16*B25 -> 1124680.5
A20: Used Amount | B20: =+B17*(B25/100*75) -> 3590933.3
A21: Chemical Amount | C21: =+C15*C25 -> 144157.65
A22: Closing Amount | B22: =SUM(B19:B21) -> 4715613.8 | C22: =SUM(C19:C21) -> 144157.65
A23: Consumed | B23: =+(B4+B12)-(B14+B15) -> 1998.6 | C23: =+(C4+C12)-(C14+C15) -> 3279.6
A24: Consumed Amount | B24: =+(B11+B13-B22) -> 2460616.8 | C24: =+(C11+C13-C22) -> 1731792.8
A25: Ink Rate Avg | B25: 1141.46 | C25: 528.05
A26: Cost /KG | B26: =B24/$C$1 -> 12.300589 | C26: =C24/$C$1 -> 8.6572083
A27: Total Cost /KG | C27: =+C26+B26 -> 20.957798
C30: =C24+B24 -> 4192409.6
