Workbook

Sheet PP F.G ROLL
A1: SO# | B1: Party Name | C1: Job Name | D1: MATERIAL | E1: Roll Size | F1: Guage | G1: Seal | H1: Section IN | I1: TR # | J1: DATE | K1: I.BAGS | L1: WEIGHT | M1: CORE | N1: NET WEIGHT | O1: TO Section OUT | P1: PO# | Q1: BILL # | R1: DATE 2 | S1: O.ROLLS | T1: O.KGS
A2: =CONCATENATE(E2,"/",F2) -> 14/5 | B2: STOCK | C2: PP | D2: PP | E2: 14 | F2: 5 | H2: OPENING | J2: 45870 | K2: 42 | L2: =38+44+45+65+25+29+61+57+51+38+41+50+58+60+32+54+52+50+44+50+36+50+26+52+57 -> 1165 | M2: =1.4*25 -> 35 | N2: =+L2-M2 -> 1130
A3: =CONCATENATE(E3,"/",F3) -> 13/5 | B3: STOCK | C3: PP | D3: PP | E3: 13 | F3: 5 | H3: OPENING | J3: 45870 | K3: 21 | L3: =45+40+54+37+36+49+32+44+38+43+25+47+51+51+65+34+28+38+50+15+13 -> 835 | M3: =1.3*21 -> 27.3 | N3: =+L3-M3 -> 807.7
A4: =CONCATENATE(E4,"/",F4) -> 12/5 | B4: STOCK | C4: PP | D4: PP | E4: 12 | F4: 5 | H4: OPENING | J4: 45870 | K4: 32 | L4: =41+51+55+44+43+41+43+38+41+48+48+43+44+41+18+43+44+45+44+23+16+54+45+49+43+41+35+53+46+53+50+42 -> 1365 | M4: =1.2*32 -> 38.4 | N4: =+L4-M4 -> 1326.6
A5: =CONCATENATE(E5,"/",F5) -> 11/5 | B5: STOCK | C5: PP | D5: PP | E5: 11 | F5: 5 | H5: OPENING | J5: 45870 | K5: 30 | L5: =60+43+50+46+22+17+44+39+50+44+47+42+42+43+43+47+46+53+48+47+44+46+51+55+37+32 -> 1138 | M5: =1.1*26 -> 28.6 | N5: =+L5-M5 -> 1109.4
A6: =CONCATENATE(E6,"/",F6) -> 8/5 | B6: STOCK | C6: PP | D6: PP | E6: 8 | F6: 5 | H6: OPENING | J6: 45870 | K6: 38 | L6: =16+34+27+30+41+40+38+45+34+34+31+34+27+27+34+21+39+30+21+28+34+44+39+42+34+27+38+35+35+36+21+25+23+31+31+39+30+40 -> 1235 | M6: =0.8*38 -> 30.4 | N6: =+L6-M6 -> 1204.6
A7: =CONCATENATE(E7,"/",F7) -> 7/5 | B7: STOCK | C7: PP | D7: PP | E7: 7 | F7: 5 | H7: OPENING | J7: 45870 | K7: 14 | L7: 350 | M7: =0.7*11 -> 7.7 | N7: 350
A8: =CONCATENATE(E8,"/",F8) -> 6/5 | B8: STOCK | C8: PP | D8: PP | E8: 6 | F8: 5 | H8: OPENING | J8: 45870 | K8: 33 | L8: =36+33+33+34+25+22+28+28+14+11+32+29+28+30+31+33+31+33+32+33+32+35+34+36+34+34+30+35+36+36+35+38+38 -> 1029 | M8: =0.6*33 -> 19.8 | N8: =+L8-M8 -> 1009.2
A9: =CONCATENATE(E9,"/",F9) -> 14/6.5 | B9: STOCK | C9: PP | D9: PP | E9: 14 | F9: 6.5 | H9: OPENING | J9: 45870 | K9: 12 | L9: =49+36+45+44+41+41+43+48+35+35+35+43 -> 495 | M9: =1.4*12 -> 16.8 | N9: =+L9-M9 -> 478.2
A10: =CONCATENATE(E10,"/",F10) -> 15/6 | B10: STOCK | C10: PP | D10: PP | E10: 15 | F10: 6 | H10: OPENING | J10: 45870 | K10: 7 | L10: =24+32+36+32+31+34+34 -> 223 | M10: =1.5*7 -> 10.5 | N10: =+L10-M10 -> 212.5
A11: =CONCATENATE(E11,"/",F11) -> 18/4 | B11: STOCK | C11: PP | D11: PP | E11: 18 | F11: 4 | H11: OPENING | J11: 45870 | K11: 15 | L11: =46+48+40+33+50+42+43+53+52+52+55+30+53+47+53 -> 697 | M11: =1.8*15 -> 27 | N11: =+L11-M11 -> 670
A12: =CONCATENATE(E12,"/",F12) -> 7/4 | B12: STOCK | C12: PP | D12: PP | E12: 7 | F12: 4 | H12: OPENING | J12: 45870 | K12: 4 | L12: =14+23+24+20 -> 81 | M12: =0.7*4 -> 2.8 | N12: =+L12-M12 -> 78.2
A13: =CONCATENATE(E13,"/",F13) -> 8/4 | B13: STOCK | C13: PP | D13: PP | E13: 8 | F13: 4 | H13: OPENING | J13: 45870 | K13: 8 | L13: =35+37+34+34+33+31+32+20 -> 256 | M13: =0.8*8 -> 6.4 | N13: =+L13-M13 -> 249.6
A14: =CONCATENATE(E14,"/",F14) -> 9/4 | B14: STOCK | C14: PP | D14: PP | E14: 9 | F14: 4 | H14: OPENING | J14: 45870 | K14: 3 | L14: =42+31+31 -> 104 | M14: =0.9*3 -> 2.7 | N14: =+L14-M14 -> 101.3
A15: =CONCATENATE(E15,"/",F15) -> 2/5 | B15: STOCK | C15: PP | D15: PP | E15: 2 | F15: 5 | H15: OPENING | J15: 45870 | K15: 15 | L15: =20+20+21+21+21+22+23+20+21+20+18+18+19+20+20 -> 304 | M15: =0.2*15 -> 3 | N15: =+L15-M15 -> 301
A16: =CONCATENATE(E16,"/",F16) -> 24/5 | B16: STOCK | C16: PP | D16: PP | E16: 24 | F16: 5 | H16: OPENING | J16: 45870 | K16: =20+2+8+9 -> 39 | L16: 1717.8 | M16: =2.4*17 -> 40.8 | N16: 1717.8
A17: =CONCATENATE(E17,"/",F17) -> 20/5 | B17: STOCK | C17: PP | D17: PP | E17: 20 | F17: 5 | H17: OPENING | J17: 45870 | K17: 30 | L17: =35+41+42+66+58+62+51+70+66+44+53+49+64+54+47+58+49+64+54+47+58+49+54+44+49+60+62+51+48+65+52 -> 1666 | M17: =2*30 -> 60 | N17: =+L17-M17 -> 1606
A18: =CONCATENATE(E18,"/",F18) -> 19/5 | B18: STOCK | C18: PP | D18: PP | E18: 19 | F18: 5 | H18: OPENING | J18: 45870 | K18: 10 | L18: =69+57+32+52+64+57+60+60+50+65 -> 566 | M18: =1.9*10 -> 19 | N18: =+L18-M18 -> 547
A19: =CONCATENATE(E19,"/",F19) -> 17/5 | B19: STOCK | C19: PP | D19: PP | E19: 17 | F19: 5 | H19: OPENING | J19: 45870 | K19: 4 | L19: =25+27+34+56 -> 142 | M19: =1.7*4 -> 6.8 | N19: =+L19-M19 -> 135.2
A20: =CONCATENATE(E20,"/",F20) -> 22/6 | B20: STOCK | C20: PP | D20: PP | E20: 22 | F20: 6 | H20: OPENING | J20: 45870 | K20: 10 | L20: 251.3 | M20: =2.2*4 -> 8.8 | N20: 266.9
A21: =CONCATENATE(E21,"/",F21) -> 18/5 | B21: STOCK | C21: PP | D21: PP | E21: 18 | F21: 5 | H21: OPENING | J21: 45870 | K21: 7 | L21: =31+30+40+46+46+56+49 -> 298 | M21: =1.8*7 -> 12.6 | N21: =+L21-M21 -> 285.4
A22: =CONCATENATE(E22,"/",F22) -> 16/5 | B22: STOCK | C22: PP | D22: PP | E22: 16 | F22: 5 | H22: OPENING | J22: 45870 | K22: 7 | L22: =12+20+18+34+33+25+38 -> 180 | M22: =1.6*7 -> 11.2 | N22: =+L22-M22 -> 168.8
A23: =CONCATENATE(E23,"/",F23) -> 15/5 | B23: STOCK | C23: PP | D23: PP | E23: 15 | F23: 5 | H23: OPENING | J23: 45870 | K23: 26 | L23: =18+38+34+54+56+42+29+33+29+25+27+54+51+48+44+52+53+31+21+26+37+24+42+51+38+39 -> 996 | M23: =1.5*26 -> 39 | N23: =+L23-M23 -> 957
A24: =CONCATENATE(E24,"/",F24) -> 2/6.5 | B24: STOCK | C24: PP | D24: PP | E24: 2 | F24: 6.5 | H24: OPENING | J24: 45870 | K24: 4 | L24: =37+52+50+47 -> 186 | M24: =0.2*4 -> 0.8 | N24: =+L24-M24 -> 185.2
A25: =CONCATENATE(E25,"/",F25) -> 19/4 | B25: STOCK | C25: PP | D25: PP | E25: 19 | F25: 4 | H25: OPENING | J25: 45870 | K25: 1 | L25: 22 | M25: 1.9 | N25: =+L25-M25 -> 20.1
A26: =CONCATENATE(E26,"/",F26) -> 24/4 | B26: STOCK | C26: PP | D26: PP | E26: 24 | F26: 4 | H26: OPENING | J26: 45870 | K26: 1 | L26: 42 | M26: 2.4 | N26: =+L26-M26 -> 39.6
A27: =CONCATENATE(E27,"/",F27) -> 11/7 | B27: STOCK | C27: PP | D27: PP | E27: 11 | F27: 7 | H27: OPENING | J27: 45870 | K27: 4 | L27: =41+45+15+28 -> 129 | M27: =1.1*4 -> 4.4 | N27: =+L27-M27 -> 124.6
A28: =CONCATENATE(E28,"/",F28) -> 6/4 | B28: STOCK | C28: PP | D28: PP | E28: 6 | F28: 4 | H28: OPENING | J28: 45870 | K28: 6 | L28: =29+29+35+30+38+34 -> 195 | M28: =0.6*6 -> 3.6 | N28: =+L28-M28 -> 191.4
A29: =CONCATENATE(E29,"/",F29) -> 13/7 | B29: STOCK | C29: PP | D29: PP | E29: 13 | F29: 7 | H29: OPENING | J29: 45870 | K29: 2 | L29: =26+45 -> 71 | M29: =1.3*2 -> 2.6 | N29: =+L29-M29 -> 68.4
A30: =CONCATENATE(E30,"/",F30) -> 12/6.5 | B30: STOCK | C30: PP | D30: PP | E30: 12 | F30: 6.5 | H30: OPENING | J30: 45870 | K30: 7 | L30: =20+26+26+51+17+16+33 -> 189 | M30: =1.2*7 -> 8.4 | N30: =+L30-M30 -> 180.6
A31: =CONCATENATE(E31,"/",F31) -> 17/7 | B31: STOCK | C31: PP | D31: PP | E31: 17 | F31: 7 | H31: OPENING | J31: 45870 | K31: 7 | L31: =20+23+65+60+57+62+58 -> 345 | M31: =1.7*7 -> 11.9 | N31: =+L31-M31 -> 333.1
A32: =CONCATENATE(E32,"/",F32) -> 15/4 | B32: STOCK | C32: PP | D32: PP | E32: 15 | F32: 4 | H32: OPENING | J32: 45870 | K32: 7 | L32: =34+51+53+54+47+66+51+50+39+55 -> 500 | M32: =1.5*7 -> 10.5 | N32: =+L32-M32 -> 489.5
A33: =CONCATENATE(E33,"/",F33) -> 16/8 | B33: STOCK | C33: PP | D33: PP | E33: 16 | F33: 8 | H33: OPENING | J33: 45870 | K33: 10 | L33: =28+30 -> 58 | M33: =1.6*10 -> 16 | N33: =+L33-M33 -> 42
A34: =CONCATENATE(E34,"/",F34) -> 15/7 | B34: STOCK | C34: PP | D34: PP | E34: 15 | F34: 7 | H34: OPENING | J34: 45870 | K34: 2 | L34: =17+18 -> 35 | M34: =1.5*2 -> 3 | N34: =+L34-M34 -> 32
A35: =CONCATENATE(E35,"/",F35) -> 8/6.5 | B35: STOCK | C35: PP | D35: PP | E35: 8 | F35: 6.5 | H35: OPENING | J35: 45870 | K35: 2 | L35: =27+46+40+40+40+40+40 -> 273 | M35: =0.8*2 -> 1.6 | N35: =+L35-M35 -> 271.4
A36: =CONCATENATE(E36,"/",F36) -> 18/7 | B36: STOCK | C36: PP | D36: PP | E36: 18 | F36: 7 | H36: OPENING | J36: 45870 | K36: 7 | L36: 51 | M36: =1.8*7 -> 12.6 | N36: =25+19.6 -> 44.6
A37: =CONCATENATE(E37,"/",F37) -> 8/4 | B37: STOCK | C37: PP | D37: PP | E37: 8 | F37: 4 | H37: OPENING | J37: 45870 | K37: 1 | L37: 24 | M37: 0.8 | N37: =+L37-M37 -> 23.2
A38: =CONCATENATE(E38,"/",F38) -> 8/10 | B38: STOCK | C38: PP | D38: PP | E38: 8 | F38: 10 | H38: OPENING | J38: 45870 | K38: 1 | L38: 27 | M38: 0.8 | N38: =+L38-M38 -> 26.2
A39: =CONCATENATE(E39,"/",F39) -> 9/10 | B39: STOCK | C39: PP | D39: PP | E39: 9 | F39: 10 | H39: OPENING | J39: 45870 | K39: 1 | L39: 31 | M39: 0.9 | N39: =+L39-M39 -> 30.1
A40: =CONCATENATE(E40,"/",F40) -> 16/7 | B40: STOCK | C40: PP | D40: PP | E40: 16 | F40: 7 | H40: OPENING | J40: 45870 | K40: 2 | L40: =47+80+54 -> 181 | M40: =1.6*7 -> 11.2 | N40: =+L40-M40 -> 169.8
A41: =CONCATENATE(E41,"/",F41) -> 20/12 | B41: STOCK | C41: PP | D41: PP | E41: 20 | F41: 12 | H41: OPENING | J41: 45870 | K41: 1 | L41: 35 | M41: 2 | N41: =+L41-M41 -> 33
A42: =CONCATENATE(E42,"/",F42) -> 22/15 | B42: STOCK | C42: PP | D42: PP | E42: 22 | F42: 15 | H42: OPENING | J42: 45870 | K42: 1 | L42: 46 | M42: 2.2 | N42: =+L42-M42 -> 43.8
A43: =CONCATENATE(E43,"/",F43) -> 18/10 | B43: STOCK | C43: PP | D43: PP | E43: 18 | F43: 10 | H43: OPENING | J43: 45870 | K43: 2 | L43: =56+59 -> 115 | M43: =1.8*2 -> 3.6 | N43: =+L43-M43 -> 111.4
A44: =CONCATENATE(E44,"/",F44) -> 7/15 | B44: STOCK | C44: PP | D44: PP | E44: 7 | F44: 15 | H44: OPENING | J44: 45870 | K44: 1 | L44: 20 | M44: 0.7 | N44: =+L44-M44 -> 19.3
A45: =CONCATENATE(E45,"/",F45) -> 10/5 | B45: STOCK | C45: PP | D45: PP | E45: 10 | F45: 5 | H45: OPENING | J45: 45870 | K45: 6 | L45: =11+12+35+43+51+28 -> 180 | M45: =1*6 -> 6 | N45: =+L45-M45 -> 174
A46: =CONCATENATE(E46,"/",F46) -> 9/5 | B46: STOCK | C46: PP | D46: PP | E46: 9 | F46: 5 | H46: OPENING | J46: 45870 | K46: 6 | L46: =35+34+47+48+52+36 -> 252 | M46: =0.9*6 -> 5.4 | N46: =+L46-M46 -> 246.6
A47: =CONCATENATE(E47,"/",F47) -> 1.5/5.5-6 | B47: STOCK | C47: PP | D47: PP | E47: 1.5 | F47: 5.5-6 | H47: OPENING | J47: 45870 | K47: 7 | L47: =20+20+21+21+19+19+18 -> 138 | M47: =0.15*7 -> 1.05 | N47: =+L47-M47 -> 136.95
A48: =CONCATENATE(E48,"/",F48) -> 2.5/5 | B48: STOCK | C48: PP | D48: PP | E48: 2.5 | F48: 5 | H48: OPENING | J48: 45870 | K48: 5 | L48: =24+22+20+23+23 -> 112 | M48: =0.25*5 -> 1.25 | N48: =+L48-M48 -> 110.75
A49: =CONCATENATE(E49,"/",F49) -> 4/5 | B49: STOCK | C49: PP | D49: PP | E49: 4 | F49: 5 | H49: OPENING | J49: 45870 | K49: =69+8 -> 77 | L49: =909.2+630+160 -> 1699.2 | M49: =0.4*5 -> 2 | N49: 1699.2
A50: =CONCATENATE(E50,"/",F50) -> 3/5 | B50: STOCK | C50: PP | D50: PP | E50: 3 | F50: 5 | H50: OPENING | J50: 45870 | K50: 25 | L50: =22+20+30+23+21+23+22+23+23+21+24+18+23+24+23+24+23+17+17+26+21+25+27+19+25 -> 564 | M50: =0.3*25 -> 7.5 | N50: =+L50-M50 -> 556.5
A51: =CONCATENATE(E51,"/",F51) -> 14/4 | B51: STOCK | C51: PP | D51: PP | E51: 14 | F51: 4 | H51: OPENING | J51: 45870 | K51: 17 | L51: =47+14+12+18 -> 91 | M51: =1.4*K51 -> 23.8 | N51: =+L51-M51 -> 67.2
A52: =CONCATENATE(E52,"/",F52) -> 16/4 | B52: STOCK | C52: PP | D52: PP | E52: 16 | F52: 4 | H52: OPENING | J52: 45870 | K52: 4 | L52: 35 | M52: =1.2*K52 -> 4.8 | N52: =+L52-M52 -> 30.2
A53: =CONCATENATE(E53,"/",F53) -> 12/4 | B53: STOCK | C53: PP | D53: PP | E53: 12 | F53: 4 | H53: OPENING | J53: 45870 | K53: 1 | L53: =25+22 -> 47 | M53: 1.2 | N53: =+L53-M53 -> 45.8
A54: =CONCATENATE(E54,"/",F54) -> 26/5 | B54: STOCK | C54: PP | D54: PP | E54: 26 | F54: 5 | H54: OPENING | J54: 45870 | K54: 2 | L54: =31+67+71+67 -> 236 | M54: =0.2*2 -> 0.4 | N54: =+L54-M54 -> 235.6
A55: =CONCATENATE(E55,"/",F55) -> 27/5 | B55: STOCK | C55: PP | D55: PP | E55: 27 | F55: 5 | H55: OPENING | J55: 45870 | K55: 4 | L55: 55 | M55: =2.7*4 -> 10.8 | N55: =+L55-M55 -> 44.2
A56: =CONCATENATE(E56,"/",F56) -> 28/5 | B56: STOCK | C56: PP | D56: PP | E56: 28 | F56: 5 | H56: OPENING | J56: 45870 | K56: 6 | L56: =58+58+61+55+55+41 -> 328 | M56: =2.8*6 -> 16.8 | N56: =+L56-M56 -> 311.2
A57: =CONCATENATE(E57,"/",F57) -> 28/4 | B57: STOCK | C57: PP | D57: PP | E57: 28 | F57: 4 | H57: OPENING | J57: 45870 | K57: 1 | L57: 61 | M57: 2.8 | N57: =+L57-M57 -> 58.2
A58: =CONCATENATE(E58,"/",F58) -> 27/6 | B58: STOCK | C58: PP | D58: PP | E58: 27 | F58: 6 | H58: OPENING | J58: 45870 | K58: 2 | L58: =58+58 -> 116 | M58: =2.7*2 -> 5.4 | N58: =+L58-M58 -> 110.6
A59: =CONCATENATE(E59,"/",F59) -> 16/6 | B59: STOCK | C59: PP | D59: PP | E59: 16 | F59: 6 | H59: OPENING | J59: 45870 | K59: 53 | L59: =47+42+43+52+35+33+35+61+41+45+47+33+41+54+36+47+51+46+49+50+54+50+52+48+51+52+46+48+50+49 -> 1388 | M59: =1.6*30 -> 48 | N59: =+L59-M59 -> 1340
A60: =CONCATENATE(E60,"/",F60) -> 14/10-11 | B60: STOCK | C60: PP | D60: PP | E60: 14 | F60: 10-11 | H60: OPENING | J60: 45870 | K60: 1 | L60: 50 | M60: 1.4 | N60: =+L60-M60 -> 48.6
A61: =CONCATENATE(E61,"/",F61) -> 21/6.5 | B61: STOCK | C61: PP | D61: PP | E61: 21 | F61: 6.5 | H61: OPENING | J61: 45870 | K61: 2 | L61: =58+55 -> 113 | M61: =2.1*2 -> 4.2 | N61: =+L61-M61 -> 108.8
A62: =CONCATENATE(E62,"/",F62) -> 23/5 | B62: STOCK | C62: PP | D62: PP | E62: 23 | F62: 5 | H62: OPENING | J62: 45870 | K62: 2 | L62: =44+27 -> 71 | M62: =2.3*2 -> 4.6 | N62: =+L62-M62 -> 66.4
A63: =CONCATENATE(E63,"/",F63) -> 8/8 | B63: STOCK | C63: PP | D63: PP | E63: 8 | F63: 8 | H63: OPENING | J63: 45870 | K63: 1 | L63: 34 | M63: 0.8 | N63: =+L63-M63 -> 33.2
A64: =CONCATENATE(E64,"/",F64) -> 9/5 | B64: STOCK | C64: PP | D64: PP | E64: 9 | F64: 5 | H64: OPENING | J64: 45870 | K64: 120 | L64: =10+13+17+15+15+16+17+18+16+16+16+17+16+20+20+12+10+13+15+14+14+18+18+18+14+16+17+16+16+19+10+17+16+14+14+14+15+15+16+15+15+15+15+15+14+18+15+6+15+14+14+15+14+14+13+12+16+15+16+19+17+9+17+15+15+15+15+13+13+14+14+14+15+15+15+16+18+7+16+13+14+13+11+12+11+15+15+15+15+16+16+16+15+15+16+15+14+12+12+13+14+16+15+15+16+17+14+14+15+15+14+12+14+17+16+12+24+12+16+14+14 -> 1791 | M64: =0.9*120 -> 108 | N64: =+L64-M64 -> 1683
A65: =CONCATENATE(E65,"/",F65) -> 5/4.5 | B65: STOCK | C65: PP | D65: PP | E65: 5 | F65: 4.5 | H65: OPENING | J65: 45870 | K65: 1 | L65: 14 | M65: 0.5 | N65: =+L65-M65 -> 13.5
A66: =CONCATENATE(E66,"/",F66) -> 2.5/5 | B66: STOCK | C66: PP | D66: PP | E66: 2.5 | F66: 5 | H66: OPENING | J66: 45870 | K66: 35 | L66: =12+13+12+10+10+8+9+10+10+11+9+8+11+9+15+18+18+5+10+9+9+9+8+9+10+10+11+9+12+12+11+10+10+10+11 -> 368 | M66: =2.5*35 -> 87.5 | N66: =+L66-M66 -> 280.5
A67: =CONCATENATE(E67,"/",F67) -> 5/5 | B67: STOCK | C67: PP | D67: PP | E67: 5 | F67: 5 | H67: OPENING | J67: 45870 | K67: 23 | L67: =9+13+18+13+14+15+16+17+19+21+20+21+10+8+10+10+13+12+13+15+15+13+18 -> 333 | M67: =0.5*23 -> 11.5 | N67: =+L67-M67 -> 321.5
A68: =CONCATENATE(E68,"/",F68) -> 3.5/5 | B68: STOCK | C68: PP | D68: PP | E68: 3.5 | F68: 5 | H68: OPENING | J68: 45870 | K68: 11 | L68: 220 | M68: =3.5*2 -> 7 | N68: 220
A69: =CONCATENATE(E69,"/",F69) -> 4.5/4.5-5 | B69: STOCK | C69: PP | D69: PP | E69: 4.5 | F69: 4.5-5 | H69: OPENING | J69: 45870 | K69: 6 | L69: =11+11+13+15+19+18 -> 87 | M69: =4.5*6 -> 27 | N69: =+L69-M69 -> 60
A70: =CONCATENATE(E70,"/",F70) -> 3/5 | B70: STOCK | C70: PP | D70: PP | E70: 3 | F70: 5 | H70: OPENING | J70: 45870 | K70: 75 | L70: =11+18+14+13+16+15+15+14+14+14+12+16+15+16+14+11+11+10+12+12+11+10+10+15+14+12+14+15+15+16+15+14+15+15+15+14+14+14+16+16+15+14+16+12+11+15+15+15+15+17+15+13+17+16+15+15+15+14+16+13+11+15+14+13+16+16+16+16+15+15+15+16+16+15+15 -> 1071 | M70: =0.3*75 -> 22.5 | N70: =+L70-M70 -> 1048.5
A71: =CONCATENATE(E71,"/",F71) -> 4/5 | B71: STOCK | C71: PP | D71: PP | E71: 4 | F71: 5 | H71: OPENING | J71: 45870 | K71: 13 | L71: 185.8 | M71: =0.4*13 -> 5.2 | N71: 185.8
A72: =CONCATENATE(E72,"/",F72) -> 2/5 | B72: STOCK | C72: PP | D72: PP | E72: 2 | F72: 5 | H72: OPENING | J72: 45870 | K72: 40 | L72: =6+8+10+9+8+9+8+10+8+9+9+9+8+5+7+6+6+11+11+12+12+11+9+9+9+14+12+6+5+5+6+5+7+7+7+7+8+8+8 -> 324 | M72: =0.2*40 -> 8 | N72: =+L72-M72 -> 316
A73: =CONCATENATE(E73,"/",F73) -> 3/5 | B73: STOCK | C73: PP | D73: PP | E73: 3 | F73: 5 | H73: OPENING | J73: 45870 | K73: 2 | L73: =42+50 -> 92 | M73: =0.3*2 -> 0.6 | N73: =+L73-M73 -> 91.4
A74: =CONCATENATE(E74,"/",F74) -> 16/15 | B74: ایم دین پنڈی | C74: PP | D74: PP | E74: 16 | F74: 15 | H74: OPENING | J74: 45905 | K74: 9 | L74: 260 | M74: 9.76 | N74: 260
A75: =CONCATENATE(E75,"/",F75) -> 2.5/5 | B75: جیلانی پولی سٹاک | C75: PP | D75: PP | E75: 2.5 | F75: 5 | H75: PP DEPT | J75: 45870 | K75: 9 | L75: =9.49+10.78+9.1+12.29+11.05+9.7+11.65 -> 74.06 | M75: =0.2*9 -> 1.8 | N75: =+L75-M75 -> 72.26
A76: =CONCATENATE(E76,"/",F76) -> 2.5/5 | B76: جیلانی پولی سٹاک | C76: PP | D76: PP | E76: 2.5 | F76: 5 | H76: PP DEPT | J76: 45870 | K76: 9 | L76: =12.56+12.24+13.37+12+13.66+12.46+12.56+11.9 -> 100.75 | M76: =0.2*9 -> 1.8 | N76: =+L76-M76 -> 98.95
A77: =CONCATENATE(E77,"/",F77) -> 3.5/5.5-6 | B77: جیلانی پولی سٹاک | C77: PP | D77: PP | E77: 3.5 | F77: 5.5-6 | H77: PP DEPT | J77: 45870 | K77: 12 | L77: =14.45+15.57+13+8.65+16.02+14.05+14.1+13.89+16.36+14.95+8.9+6.37 -> 156.31 | M77: =0.3*K77 -> 3.6 | N77: =+L77-M77 -> 152.71
A78: =CONCATENATE(E78,"/",F78) -> 3.5/5.5-6 | B78: جیلانی پولی سٹاک | C78: PP | D78: PP | E78: 3.5 | F78: 5.5-6 | H78: PP DEPT | J78: 45870 | K78: 9 | L78: =16.07+14.81+14.85+15.9+15.88+16.57+15.13+14.54+13.08 -> 136.83 | M78: =0.3*K78 -> 2.7 | N78: =+L78-M78 -> 134.13
A79: =CONCATENATE(E79,"/",F79) -> 9/5 | B79: سٹاک | C79: PP | D79: PP | E79: 9 | F79: 5 | H79: PP DEPT | J79: 45870 | K79: 10 | L79: =24+37.22+32.39+18.32+35.16+38.44+39.42+24.94+31.58+33.17 -> 314.64 | M79: =0.9*11 -> 9.9 | N79: =+L79-M79 -> 304.74
A80: =CONCATENATE(E80,"/",F80) -> 9/5 | B80: سٹاک | C80: PP | D80: PP | E80: 9 | F80: 5 | H80: PP DEPT | J80: 45870 | K80: 8 | L80: =43.94+45.57+45+35.9+23.12+26.71+45.55+48.76 -> 314.55 | M80: =0.9*8 -> 7.2 | N80: =+L80-M80 -> 307.35
A81: =CONCATENATE(E81,"/",F81) -> 16/5 | B81: Jilani plastic | C81: PP | D81: PP | E81: 16 | F81: 5 | H81: PP DEPT | J81: 45870 | K81: =15+2 -> 17 | L81: =51.29+31.86+51.27+50.65+49.63+44+36.53+41.7+42.47+40.31+33.55+42.79+38.57+49.27+48.78+45.33+40.56 -> 738.56 | M81: =2*17 -> 34 | N81: =+L81-M81 -> 704.56
A82: =CONCATENATE(E82,"/",F82) -> 16/5 | B82: Jilani plastic | C82: PP | D82: PP | E82: 16 | F82: 5 | H82: PP DEPT | J82: 45870 | K82: 3 | L82: =40.85+55.02+55.74 -> 151.61 | M82: =2+1.9+1.9 -> 5.8 | N82: =+L82-M82 -> 145.81
A83: =CONCATENATE(E83,"/",F83) -> 20/6 | B83: العمر پلاسٹک گوجرانوالہ | C83: PP | D83: PP | E83: 20 | F83: 6 | H83: PP DEPT | J83: 45870 | K83: =9+21 -> 30 | L83: 510.7 | M83: =2.5+2.45+2+2.55+2.51+2.5+2.52+2.53+2 -> 21.56 | N83: 510.7
A84: =CONCATENATE(E84,"/",F84) -> 10/5 | B84: سٹاک | C84: PP | D84: PP | E84: 10 | F84: 5 | H84: PP DEPT | J84: 45870 | K84: 7 | L84: =37.01+37.39+21.89+44.08+41.71+36.92+37.82 -> 256.82 | M84: 7 | N84: =+L84-M84 -> 249.82
A85: =CONCATENATE(E85,"/",F85) -> 10/8 | B85: بلال ازعظم مال کینٹ | C85: PP | D85: PP | E85: 10 | F85: 8 | H85: PP DEPT | J85: 45870 | K85: 4 | L85: =24.46+31.08+31.37+31.32 -> 118.23 | M85: 4 | N85: =+L85-M85 -> 114.23
A86: =CONCATENATE(E86,"/",F86) -> 10/5 | B86: سٹاک | C86: PP | D86: PP | E86: 10 | F86: 5 | H86: PP DEPT | J86: 45870 | K86: 11 | L86: =35.78+54.3+47.99+49.07+32.96+56.71+41.97+49.72+43.8+43.83+32.16 -> 488.29 | M86: 11 | N86: =+L86-M86 -> 477.29
A87: =CONCATENATE(E87,"/",F87) -> 22/6 | B87: العمر پلاسٹک گوجرانوالہ | C87: PP | D87: PP | E87: 22 | F87: 6 | O87: B.S | R87: 45870 | S87: 10 | T87: =25*9+26.3 -> 251.3
A88: =CONCATENATE(E88,"/",F88) -> 16/6 | B88: Cakes and Bakes Lahore | C88: PP | D88: PP | E88: 16 | F88: 6 | O88: B.S | R88: 45870 | S88: 9 | T88: =25*S88 -> 225
A89: =CONCATENATE(E89,"/",F89) -> 11/5 | B89: جیلانی پولی سٹاک | C89: PP | D89: PP | E89: 11 | F89: 5 | O89: B.S | R89: 45870 | S89: 1 | T89: =25*S89 -> 25
A90: =CONCATENATE(E90,"/",F90) -> 16/6 | B90: العمر پلاسٹک گوجرانوالہ | C90: PP | D90: PP | E90: 16 | F90: 6 | O90: B.S | R90: 45870 | S90: 38 | T90: =25*S90 -> 950
A91: =CONCATENATE(E91,"/",F91) -> 18/7 | B91: العمر پلاسٹک گوجرانوالہ | C91: PP | D91: PP | E91: 18 | F91: 7 | O91: B.S | R91: 45870 | S91: 2 | T91: =25+19.6 -> 44.6
A92: =CONCATENATE(E92,"/",F92) -> 7/5 | B92: سٹاک | C92: PP | D92: PP | E92: 7 | F92: 5 | O92: B.S | R92: 45870 | S92: 10 | T92: =25*S92 -> 250
A93: =CONCATENATE(E93,"/",F93) -> 7/5 | B93: سٹاک | C93: PP | D93: PP | E93: 7 | F93: 5 | O93: B.S | R93: 45870 | S93: 4 | T93: =25*S93 -> 100
A94: =CONCATENATE(E94,"/",F94) -> 4/5 | B94: عثمان امین لاہور | C94: PP | D94: PP | E94: 4 | F94: 5 | O94: B.S | R94: 45870 | S94: 1 | T94: 35
A95: =CONCATENATE(E95,"/",F95) -> 4/5 | B95: سٹاک | C95: PP | D95: PP | E95: 4 | F95: 5 | O95: B.S | R95: 45870 | S95: 10 | T95: =20*S95 -> 200
A96: =CONCATENATE(E96,"/",F96) -> 4/5 | B96: جیلانی پولی سٹاک | C96: PP | D96: PP | E96: 4 | F96: 5 | O96: B.S | R96: 45870 | S96: 5 | T96: =20*S96 -> 100
A97: =CONCATENATE(E97,"/",F97) -> 2/5 | B97: سٹاک | C97: PP | D97: PP | E97: 2 | F97: 5 | O97: B.S | R97: 45870 | S97: 6 | T97: =20*S97 -> 120
A98: =CONCATENATE(E98,"/",F98) -> 2.5/5 | B98: جیلانی پولی سٹاک | C98: PP | D98: PP | E98: 2.5 | F98: 5 | O98: B.S | R98: 45870 | S98: 2 | T98: =20*S98 -> 40
A99: =CONCATENATE(E99,"/",F99) -> 16/5 | B99: ریفلیکٹ پیک لاہور | C99: PP | D99: PP | E99: 16 | F99: 5 | O99: P.S | R99: 45870 | S99: 3 | T99: 68.4 | U99: 0.2 | V99: =+T99+U99 -> 68.6
A100: =CONCATENATE(E100,"/",F100) -> 20/5 | B100: Jilani plastic | C100: PP | D100: PP | E100: 20 | F100: 5 | O100: P.S | R100: 45870 | S100: 7 | T100: 175 | V100: =+T100+U100 -> 175
...

Sheet PP ROLL STOCK
A1: Row Labels | B1: FORMULA | C1: SO | D1: Order Date | E1: PARTY NAME | F1: SIZE | G1: GAUGE | H1: INN BAGS | I1: INN KGS | J1: OUT BAGS | K1: OUT KGS | L1: STOCK BAGS | M1: STOCK KGS | N1: Group | O1: QUALITY | P1: SAP CODE | R1: SAP SIZE | S1: SAP BALANCE
A2: (blank) | C2: =+A2 -> (blank) | D2: =_xlfn.MAXIFS('PP F.G ROLL'!J:J,'PP F.G ROLL'!A:A,'PP ROLL STOCK'!C2) -> 0 | E2: {=IFERROR(VLOOKUP(C2,'PP F.G ROLL'!A:T,{2,5,6},0),"-")} -> - | H2: =SUMIFS('PP F.G ROLL'!K:K,'PP F.G ROLL'!$A:$A,'PP ROLL STOCK'!$C2) -> 0 | I2: =SUMIFS('PP F.G ROLL'!N:N,'PP F.G ROLL'!$A:$A,'PP ROLL STOCK'!$C2) -> 0 | J2: =SUMIFS('PP F.G ROLL'!S:S,'PP F.G ROLL'!$A:$A,'PP ROLL STOCK'!$C2) -> 0 | K2: =SUMIFS('PP F.G ROLL'!T:T,'PP F.G ROLL'!$A:$A,'PP ROLL STOCK'!$C2) -> 0 | L2: =+H2-J2 -> 0 | M2: =+I2-K2 -> 0 | N2: =IFERROR(VLOOKUP(C2,'[1]MIX SALE ORDER'!$A:$E,4,),"OTHERS") -> OTHERS | O2: =VLOOKUP(C2,'PP F.G ROLL'!A:T,4,0) -> #N/A | P2: {=_xlfn.XLOOKUP(R$2:R$300,'SAP CODE'!F:F,'SAP CODE'!A:A)} -> 179 | Q2: / | R2: =CONCATENATE(F2,Q2,G2,) -> /
A3: 14/5 | C3: =+A3 -> 14/5 | D3: =_xlfn.MAXIFS('PP F.G ROLL'!J:J,'PP F.G ROLL'!A:A,'PP ROLL STOCK'!C3) -> 45917 | E3: {=IFERROR(VLOOKUP(C3,'PP F.G ROLL'!A:T,{2,5,6},0),"-")} -> STOCK | F3: 14 | G3: 5 | H3: =SUMIFS('PP F.G ROLL'!K:K,'PP F.G ROLL'!$A:$A,'PP ROLL STOCK'!$C3) -> 136 | I3: =SUMIFS('PP F.G ROLL'!N:N,'PP F.G ROLL'!$A:$A,'PP ROLL STOCK'!$C3) -> 5456.54 | J3: =SUMIFS('PP F.G ROLL'!S:S,'PP F.G ROLL'!$A:$A,'PP ROLL STOCK'!$C3) -> 150 | K3: =SUMIFS('PP F.G ROLL'!T:T,'PP F.G ROLL'!$A:$A,'PP ROLL STOCK'!$C3) -> 4246.8 | L3: =+H3-J3 -> -14 | M3: =+I3-K3 -> 1209.74 | N3: =IFERROR(VLOOKUP(C3,'[1]MIX SALE ORDER'!$A:$E,4,),"OTHERS") -> OTHERS | O3: =VLOOKUP(C3,'PP F.G ROLL'!A:T,4,0) -> PP | P3: #N/A | Q3: / | R3: =CONCATENATE(F3,Q3,G3,) -> 14/5
A4: 13/5 | C4: =+A4 -> 13/5 | D4: =_xlfn.MAXIFS('PP F.G ROLL'!J:J,'PP F.G ROLL'!A:A,'PP ROLL STOCK'!C4) -> 45904 | E4: {=IFERROR(VLOOKUP(C4,'PP F.G ROLL'!A:T,{2,5,6},0),"-")} -> STOCK | F4: 13 | G4: 5 | H4: =SUMIFS('PP F.G ROLL'!K:K,'PP F.G ROLL'!$A:$A,'PP ROLL STOCK'!$C4) -> 48 | I4: =SUMIFS('PP F.G ROLL'!N:N,'PP F.G ROLL'!$A:$A,'PP ROLL STOCK'!$C4) -> 2157.84 | J4: =SUMIFS('PP F.G ROLL'!S:S,'PP F.G ROLL'!$A:$A,'PP ROLL STOCK'!$C4) -> 73 | K4: =SUMIFS('PP F.G ROLL'!T:T,'PP F.G ROLL'!$A:$A,'PP ROLL STOCK'!$C4) -> 1825 | L4: =+H4-J4 -> -25 | M4: =+I4-K4 -> 332.84 | N4: =IFERROR(VLOOKUP(C4,'[1]MIX SALE ORDER'!$A:$E,4,),"OTHERS") -> OTHERS | O4: =VLOOKUP(C4,'PP F.G ROLL'!A:T,4,0) -> PP | P4: #N/A | Q4: / | R4: =CONCATENATE(F4,Q4,G4,) -> 13/5
A5: 12/5 | C5: =+A5 -> 12/5 | D5: =_xlfn.MAXIFS('PP F.G ROLL'!J:J,'PP F.G ROLL'!A:A,'PP ROLL STOCK'!C5) -> 45929 | E5: {=IFERROR(VLOOKUP(C5,'PP F.G ROLL'!A:T,{2,5,6},0),"-")} -> STOCK | F5: 12 | G5: 5 | H5: =SUMIFS('PP F.G ROLL'!K:K,'PP F.G ROLL'!$A:$A,'PP ROLL STOCK'!$C5) -> 70 | I5: =SUMIFS('PP F.G ROLL'!N:N,'PP F.G ROLL'!$A:$A,'PP ROLL STOCK'!$C5) -> 3101 | J5: =SUMIFS('PP F.G ROLL'!S:S,'PP F.G ROLL'!$A:$A,'PP ROLL STOCK'!$C5) -> 113 | K5: =SUMIFS('PP F.G ROLL'!T:T,'PP F.G ROLL'!$A:$A,'PP ROLL STOCK'!$C5) -> 2974.5 | L5: =+H5-J5 -> -43 | M5: =+I5-K5 -> 126.5 | N5: =IFERROR(VLOOKUP(C5,'[1]MIX SALE ORDER'!$A:$E,4,),"OTHERS") -> OTHERS | O5: =VLOOKUP(C5,'PP F.G ROLL'!A:T,4,0) -> PP | P5: #N/A | Q5: / | R5: =CONCATENATE(F5,Q5,G5,) -> 12/5
A6: 11/5 | C6: =+A6 -> 11/5 | D6: =_xlfn.MAXIFS('PP F.G ROLL'!J:J,'PP F.G ROLL'!A:A,'PP ROLL STOCK'!C6) -> 45930 | E6: {=IFERROR(VLOOKUP(C6,'PP F.G ROLL'!A:T,{2,5,6},0),"-")} -> STOCK | F6: 11 | G6: 5 | H6: =SUMIFS('PP F.G ROLL'!K:K,'PP F.G ROLL'!$A:$A,'PP ROLL STOCK'!$C6) -> 115 | I6: =SUMIFS('PP F.G ROLL'!N:N,'PP F.G ROLL'!$A:$A,'PP ROLL STOCK'!$C6) -> 3325 | J6: =SUMIFS('PP F.G ROLL'!S:S,'PP F.G ROLL'!$A:$A,'PP ROLL STOCK'!$C6) -> 115 | K6: =SUMIFS('PP F.G ROLL'!T:T,'PP F.G ROLL'!$A:$A,'PP ROLL STOCK'!$C6) -> 3325 | L6: =+H6-J6 -> 0 | M6: =+I6-K6 -> 0 | N6: =IFERROR(VLOOKUP(C6,'[1]MIX SALE ORDER'!$A:$E,4,),"OTHERS") -> OTHERS | O6: =VLOOKUP(C6,'PP F.G ROLL'!A:T,4,0) -> PP | P6: FGPTPPR000037 | Q6: / | R6: =CONCATENATE(F6,Q6,G6,) -> 11/5
A7: 8/5 | C7: =+A7 -> 8/5 | D7: =_xlfn.MAXIFS('PP F.G ROLL'!J:J,'PP F.G ROLL'!A:A,'PP ROLL STOCK'!C7) -> 45927 | E7: {=IFERROR(VLOOKUP(C7,'PP F.G ROLL'!A:T,{2,5,6},0),"-")} -> STOCK | F7: 8 | G7: 5 | H7: =SUMIFS('PP F.G ROLL'!K:K,'PP F.G ROLL'!$A:$A,'PP ROLL STOCK'!$C7) -> 145 | I7: =SUMIFS('PP F.G ROLL'!N:N,'PP F.G ROLL'!$A:$A,'PP ROLL STOCK'!$C7) -> 5038.8 | J7: =SUMIFS('PP F.G ROLL'!S:S,'PP F.G ROLL'!$A:$A,'PP ROLL STOCK'!$C7) -> 167 | K7: =SUMIFS('PP F.G ROLL'!T:T,'PP F.G ROLL'!$A:$A,'PP ROLL STOCK'!$C7) -> 4300 | L7: =+H7-J7 -> -22 | M7: =+I7-K7 -> 738.8 | N7: =IFERROR(VLOOKUP(C7,'[1]MIX SALE ORDER'!$A:$E,4,),"OTHERS") -> OTHERS | O7: =VLOOKUP(C7,'PP F.G ROLL'!A:T,4,0) -> PP | P7: #N/A | Q7: / | R7: =CONCATENATE(F7,Q7,G7,) -> 8/5
A8: 7/5 | C8: =+A8 -> 7/5 | D8: =_xlfn.MAXIFS('PP F.G ROLL'!J:J,'PP F.G ROLL'!A:A,'PP ROLL STOCK'!C8) -> 45929 | E8: {=IFERROR(VLOOKUP(C8,'PP F.G ROLL'!A:T,{2,5,6},0),"-")} -> STOCK | F8: 7 | G8: 5 | H8: =SUMIFS('PP F.G ROLL'!K:K,'PP F.G ROLL'!$A:$A,'PP ROLL STOCK'!$C8) -> 115 | I8: =SUMIFS('PP F.G ROLL'!N:N,'PP F.G ROLL'!$A:$A,'PP ROLL STOCK'!$C8) -> 3362.34 | J8: =SUMIFS('PP F.G ROLL'!S:S,'PP F.G ROLL'!$A:$A,'PP ROLL STOCK'!$C8) -> 101 | K8: =SUMIFS('PP F.G ROLL'!T:T,'PP F.G ROLL'!$A:$A,'PP ROLL STOCK'!$C8) -> 2515.12 | L8: =+H8-J8 -> 14 | M8: =+I8-K8 -> 847.22 | N8: =IFERROR(VLOOKUP(C8,'[1]MIX SALE ORDER'!$A:$E,4,),"OTHERS") -> OTHERS | O8: =VLOOKUP(C8,'PP F.G ROLL'!A:T,4,0) -> PP | P8: FGPTPPR000002 | Q8: / | R8: =CONCATENATE(F8,Q8,G8,) -> 7/5
A9: 6/5 | C9: =+A9 -> 6/5 | D9: =_xlfn.MAXIFS('PP F.G ROLL'!J:J,'PP F.G ROLL'!A:A,'PP ROLL STOCK'!C9) -> 45929 | E9: {=IFERROR(VLOOKUP(C9,'PP F.G ROLL'!A:T,{2,5,6},0),"-")} -> STOCK | F9: 6 | G9: 5 | H9: =SUMIFS('PP F.G ROLL'!K:K,'PP F.G ROLL'!$A:$A,'PP ROLL STOCK'!$C9) -> 86 | I9: =SUMIFS('PP F.G ROLL'!N:N,'PP F.G ROLL'!$A:$A,'PP ROLL STOCK'!$C9) -> 2404.73 | J9: =SUMIFS('PP F.G ROLL'!S:S,'PP F.G ROLL'!$A:$A,'PP ROLL STOCK'!$C9) -> 85 | K9: =SUMIFS('PP F.G ROLL'!T:T,'PP F.G ROLL'!$A:$A,'PP ROLL STOCK'!$C9) -> 2125 | L9: =+H9-J9 -> 1 | M9: =+I9-K9 -> 279.73 | N9: =IFERROR(VLOOKUP(C9,'[1]MIX SALE ORDER'!$A:$E,4,),"OTHERS") -> OTHERS | O9: =VLOOKUP(C9,'PP F.G ROLL'!A:T,4,0) -> PP | P9: #N/A | Q9: / | R9: =CONCATENATE(F9,Q9,G9,) -> 6/5
A10: 14/6.5 | C10: =+A10 -> 14/6.5 | D10: =_xlfn.MAXIFS('PP F.G ROLL'!J:J,'PP F.G ROLL'!A:A,'PP ROLL STOCK'!C10) -> 45870 | E10: {=IFERROR(VLOOKUP(C10,'PP F.G ROLL'!A:T,{2,5,6},0),"-")} -> STOCK | F10: 14 | G10: 6.5 | H10: =SUMIFS('PP F.G ROLL'!K:K,'PP F.G ROLL'!$A:$A,'PP ROLL STOCK'!$C10) -> 12 | I10: =SUMIFS('PP F.G ROLL'!N:N,'PP F.G ROLL'!$A:$A,'PP ROLL STOCK'!$C10) -> 478.2 | J10: =SUMIFS('PP F.G ROLL'!S:S,'PP F.G ROLL'!$A:$A,'PP ROLL STOCK'!$C10) -> 0 | K10: =SUMIFS('PP F.G ROLL'!T:T,'PP F.G ROLL'!$A:$A,'PP ROLL STOCK'!$C10) -> 0 | L10: =+H10-J10 -> 12 | M10: =+I10-K10 -> 478.2 | N10: =IFERROR(VLOOKUP(C10,'[1]MIX SALE ORDER'!$A:$E,4,),"OTHERS") -> OTHERS | O10: =VLOOKUP(C10,'PP F.G ROLL'!A:T,4,0) -> PP | P10: #N/A | Q10: / | R10: =CONCATENATE(F10,Q10,G10,) -> 14/6.5
A11: 15/6 | C11: =+A11 -> 15/6 | D11: =_xlfn.MAXIFS('PP F.G ROLL'!J:J,'PP F.G ROLL'!A:A,'PP ROLL STOCK'!C11) -> 45870 | E11: {=IFERROR(VLOOKUP(C11,'PP F.G ROLL'!A:T,{2,5,6},0),"-")} -> STOCK | F11: 15 | G11: 6 | H11: =SUMIFS('PP F.G ROLL'!K:K,'PP F.G ROLL'!$A:$A,'PP ROLL STOCK'!$C11) -> 7 | I11: =SUMIFS('PP F.G ROLL'!N:N,'PP F.G ROLL'!$A:$A,'PP ROLL STOCK'!$C11) -> 212.5 | J11: =SUMIFS('PP F.G ROLL'!S:S,'PP F.G ROLL'!$A:$A,'PP ROLL STOCK'!$C11) -> 0 | K11: =SUMIFS('PP F.G ROLL'!T:T,'PP F.G ROLL'!$A:$A,'PP ROLL STOCK'!$C11) -> 0 | L11: =+H11-J11 -> 7 | M11: =+I11-K11 -> 212.5 | N11: =IFERROR(VLOOKUP(C11,'[1]MIX SALE ORDER'!$A:$E,4,),"OTHERS") -> OTHERS | O11: =VLOOKUP(C11,'PP F.G ROLL'!A:T,4,0) -> PP | P11: FGPTPPR000034 | Q11: / | R11: =CONCATENATE(F11,Q11,G11,) -> 15/6
A12: 18/4 | C12: =+A12 -> 18/4 | D12: =_xlfn.MAXIFS('PP F.G ROLL'!J:J,'PP F.G ROLL'!A:A,'PP ROLL STOCK'!C12) -> 45870 | E12: {=IFERROR(VLOOKUP(C12,'PP F.G ROLL'!A:T,{2,5,6},0),"-")} -> STOCK | F12: 18 | G12: 4 | H12: =SUMIFS('PP F.G ROLL'!K:K,'PP F.G ROLL'!$A:$A,'PP ROLL STOCK'!$C12) -> 15 | I12: =SUMIFS('PP F.G ROLL'!N:N,'PP F.G ROLL'!$A:$A,'PP ROLL STOCK'!$C12) -> 670 | J12: =SUMIFS('PP F.G ROLL'!S:S,'PP F.G ROLL'!$A:$A,'PP ROLL STOCK'!$C12) -> 4 | K12: =SUMIFS('PP F.G ROLL'!T:T,'PP F.G ROLL'!$A:$A,'PP ROLL STOCK'!$C12) -> 100 | L12: =+H12-J12 -> 11 | M12: =+I12-K12 -> 570 | N12: =IFERROR(VLOOKUP(C12,'[1]MIX SALE ORDER'!$A:$E,4,),"OTHERS") -> OTHERS | O12: =VLOOKUP(C12,'PP F.G ROLL'!A:T,4,0) -> PP | P12: #N/A | Q12: / | R12: =CONCATENATE(F12,Q12,G12,) -> 18/4
A13: 7/4 | C13: =+A13 -> 7/4 | D13: =_xlfn.MAXIFS('PP F.G ROLL'!J:J,'PP F.G ROLL'!A:A,'PP ROLL STOCK'!C13) -> 45904 | E13: {=IFERROR(VLOOKUP(C13,'PP F.G ROLL'!A:T,{2,5,6},0),"-")} -> STOCK | F13: 7 | G13: 4 | H13: =SUMIFS('PP F.G ROLL'!K:K,'PP F.G ROLL'!$A:$A,'PP ROLL STOCK'!$C13) -> 8 | I13: =SUMIFS('PP F.G ROLL'!N:N,'PP F.G ROLL'!$A:$A,'PP ROLL STOCK'!$C13) -> 209.67 | J13: =SUMIFS('PP F.G ROLL'!S:S,'PP F.G ROLL'!$A:$A,'PP ROLL STOCK'!$C13) -> 8 | K13: =SUMIFS('PP F.G ROLL'!T:T,'PP F.G ROLL'!$A:$A,'PP ROLL STOCK'!$C13) -> 195 | L13: =+H13-J13 -> 0 | M13: =+I13-K13 -> 14.67 | N13: =IFERROR(VLOOKUP(C13,'[1]MIX SALE ORDER'!$A:$E,4,),"OTHERS") -> OTHERS | O13: =VLOOKUP(C13,'PP F.G ROLL'!A:T,4,0) -> PP | P13: #N/A | Q13: / | R13: =CONCATENATE(F13,Q13,G13,) -> 7/4
A14: 8/4 | C14: =+A14 -> 8/4 | D14: =_xlfn.MAXIFS('PP F.G ROLL'!J:J,'PP F.G ROLL'!A:A,'PP ROLL STOCK'!C14) -> 45870 | E14: {=IFERROR(VLOOKUP(C14,'PP F.G ROLL'!A:T,{2,5,6},0),"-")} -> STOCK | F14: 8 | G14: 4 | H14: =SUMIFS('PP F.G ROLL'!K:K,'PP F.G ROLL'!$A:$A,'PP ROLL STOCK'!$C14) -> 9 | I14: =SUMIFS('PP F.G ROLL'!N:N,'PP F.G ROLL'!$A:$A,'PP ROLL STOCK'!$C14) -> 272.8 | J14: =SUMIFS('PP F.G ROLL'!S:S,'PP F.G ROLL'!$A:$A,'PP ROLL STOCK'!$C14) -> 7 | K14: =SUMIFS('PP F.G ROLL'!T:T,'PP F.G ROLL'!$A:$A,'PP ROLL STOCK'!$C14) -> 175 | L14: =+H14-J14 -> 2 | M14: =+I14-K14 -> 97.8 | N14: =IFERROR(VLOOKUP(C14,'[1]MIX SALE ORDER'!$A:$E,4,),"OTHERS") -> OTHERS | O14: =VLOOKUP(C14,'PP F.G ROLL'!A:T,4,0) -> PP | P14: #N/A | Q14: / | R14: =CONCATENATE(F14,Q14,G14,) -> 8/4
A15: 9/4 | C15: =+A15 -> 9/4 | D15: =_xlfn.MAXIFS('PP F.G ROLL'!J:J,'PP F.G ROLL'!A:A,'PP ROLL STOCK'!C15) -> 45870 | E15: {=IFERROR(VLOOKUP(C15,'PP F.G ROLL'!A:T,{2,5,6},0),"-")} -> STOCK | F15: 9 | G15: 4 | H15: =SUMIFS('PP F.G ROLL'!K:K,'PP F.G ROLL'!$A:$A,'PP ROLL STOCK'!$C15) -> 3 | I15: =SUMIFS('PP F.G ROLL'!N:N,'PP F.G ROLL'!$A:$A,'PP ROLL STOCK'!$C15) -> 101.3 | J15: =SUMIFS('PP F.G ROLL'!S:S,'PP F.G ROLL'!$A:$A,'PP ROLL STOCK'!$C15) -> 4 | K15: =SUMIFS('PP F.G ROLL'!T:T,'PP F.G ROLL'!$A:$A,'PP ROLL STOCK'!$C15) -> 100 | L15: =+H15-J15 -> -1 | M15: =+I15-K15 -> 1.3 | N15: =IFERROR(VLOOKUP(C15,'[1]MIX SALE ORDER'!$A:$E,4,),"OTHERS") -> OTHERS | O15: =VLOOKUP(C15,'PP F.G ROLL'!A:T,4,0) -> PP | P15: #N/A | Q15: / | R15: =CONCATENATE(F15,Q15,G15,) -> 9/4
A16: 2/5.5-6 | C16: =+A16 -> 2/5.5-6 | D16: =_xlfn.MAXIFS('PP F.G ROLL'!J:J,'PP F.G ROLL'!A:A,'PP ROLL STOCK'!C16) -> 45930 | E16: {=IFERROR(VLOOKUP(C16,'PP F.G ROLL'!A:T,{2,5,6},0),"-")} -> جیلانی پولی سٹاک | F16: 2 | G16: 5.5-6 | H16: =SUMIFS('PP F.G ROLL'!K:K,'PP F.G ROLL'!$A:$A,'PP ROLL STOCK'!$C16) -> 6 | I16: =SUMIFS('PP F.G ROLL'!N:N,'PP F.G ROLL'!$A:$A,'PP ROLL STOCK'!$C16) -> 180 | J16: =SUMIFS('PP F.G ROLL'!S:S,'PP F.G ROLL'!$A:$A,'PP ROLL STOCK'!$C16) -> 6 | K16: =SUMIFS('PP F.G ROLL'!T:T,'PP F.G ROLL'!$A:$A,'PP ROLL STOCK'!$C16) -> 180 | L16: =+H16-J16 -> 0 | M16: =+I16-K16 -> 0 | N16: =IFERROR(VLOOKUP(C16,'[1]MIX SALE ORDER'!$A:$E,4,),"OTHERS") -> OTHERS | O16: =VLOOKUP(C16,'PP F.G ROLL'!A:T,4,0) -> PP | P16: #N/A | Q16: / | R16: =CONCATENATE(F16,Q16,G16,) -> 2/5.5-6
A17: 24/5 | C17: =+A17 -> 24/5 | D17: =_xlfn.MAXIFS('PP F.G ROLL'!J:J,'PP F.G ROLL'!A:A,'PP ROLL STOCK'!C17) -> 45930 | E17: {=IFERROR(VLOOKUP(C17,'PP F.G ROLL'!A:T,{2,5,6},0),"-")} -> STOCK | F17: 24 | G17: 5 | H17: =SUMIFS('PP F.G ROLL'!K:K,'PP F.G ROLL'!$A:$A,'PP ROLL STOCK'!$C17) -> 68 | I17: =SUMIFS('PP F.G ROLL'!N:N,'PP F.G ROLL'!$A:$A,'PP ROLL STOCK'!$C17) -> 2440.5 | J17: =SUMIFS('PP F.G ROLL'!S:S,'PP F.G ROLL'!$A:$A,'PP ROLL STOCK'!$C17) -> 68 | K17: =SUMIFS('PP F.G ROLL'!T:T,'PP F.G ROLL'!$A:$A,'PP ROLL STOCK'!$C17) -> 2440.5 | L17: =+H17-J17 -> 0 | M17: =+I17-K17 -> 0 | N17: =IFERROR(VLOOKUP(C17,'[1]MIX SALE ORDER'!$A:$E,4,),"OTHERS") -> OTHERS | O17: =VLOOKUP(C17,'PP F.G ROLL'!A:T,4,0) -> PP | P17: #N/A | Q17: / | R17: =CONCATENATE(F17,Q17,G17,) -> 24/5
A18: 20/5 | C18: =+A18 -> 20/5 | D18: =_xlfn.MAXIFS('PP F.G ROLL'!J:J,'PP F.G ROLL'!A:A,'PP ROLL STOCK'!C18) -> 45924 | E18: {=IFERROR(VLOOKUP(C18,'PP F.G ROLL'!A:T,{2,5,6},0),"-")} -> STOCK | F18: 20 | G18: 5 | H18: =SUMIFS('PP F.G ROLL'!K:K,'PP F.G ROLL'!$A:$A,'PP ROLL STOCK'!$C18) -> 39 | I18: =SUMIFS('PP F.G ROLL'!N:N,'PP F.G ROLL'!$A:$A,'PP ROLL STOCK'!$C18) -> 2062.64 | J18: =SUMIFS('PP F.G ROLL'!S:S,'PP F.G ROLL'!$A:$A,'PP ROLL STOCK'!$C18) -> 46 | K18: =SUMIFS('PP F.G ROLL'!T:T,'PP F.G ROLL'!$A:$A,'PP ROLL STOCK'!$C18) -> 1131.2 | L18: =+H18-J18 -> -7 | M18: =+I18-K18 -> 931.44 | N18: =IFERROR(VLOOKUP(C18,'[1]MIX SALE ORDER'!$A:$E,4,),"OTHERS") -> OTHERS | O18: =VLOOKUP(C18,'PP F.G ROLL'!A:T,4,0) -> PP | P18: #N/A | Q18: / | R18: =CONCATENATE(F18,Q18,G18,) -> 20/5
A19: 19/5 | C19: =+A19 -> 19/5 | D19: =_xlfn.MAXIFS('PP F.G ROLL'!J:J,'PP F.G ROLL'!A:A,'PP ROLL STOCK'!C19) -> 45870 | E19: {=IFERROR(VLOOKUP(C19,'PP F.G ROLL'!A:T,{2,5,6},0),"-")} -> STOCK | F19: 19 | G19: 5 | H19: =SUMIFS('PP F.G ROLL'!K:K,'PP F.G ROLL'!$A:$A,'PP ROLL STOCK'!$C19) -> 10 | I19: =SUMIFS('PP F.G ROLL'!N:N,'PP F.G ROLL'!$A:$A,'PP ROLL STOCK'!$C19) -> 547 | J19: =SUMIFS('PP F.G ROLL'!S:S,'PP F.G ROLL'!$A:$A,'PP ROLL STOCK'!$C19) -> 0 | K19: =SUMIFS('PP F.G ROLL'!T:T,'PP F.G ROLL'!$A:$A,'PP ROLL STOCK'!$C19) -> 0 | L19: =+H19-J19 -> 10 | M19: =+I19-K19 -> 547 | N19: =IFERROR(VLOOKUP(C19,'[1]MIX SALE ORDER'!$A:$E,4,),"OTHERS") -> OTHERS | O19: =VLOOKUP(C19,'PP F.G ROLL'!A:T,4,0) -> PP | P19: #N/A | Q19: / | R19: =CONCATENATE(F19,Q19,G19,) -> 19/5
A20: 17/5 | C20: =+A20 -> 17/5 | D20: =_xlfn.MAXIFS('PP F.G ROLL'!J:J,'PP F.G ROLL'!A:A,'PP ROLL STOCK'!C20) -> 45870 | E20: {=IFERROR(VLOOKUP(C20,'PP F.G ROLL'!A:T,{2,5,6},0),"-")} -> STOCK | F20: 17 | G20: 5 | H20: =SUMIFS('PP F.G ROLL'!K:K,'PP F.G ROLL'!$A:$A,'PP ROLL STOCK'!$C20) -> 4 | I20: =SUMIFS('PP F.G ROLL'!N:N,'PP F.G ROLL'!$A:$A,'PP ROLL STOCK'!$C20) -> 135.2 | J20: =SUMIFS('PP F.G ROLL'!S:S,'PP F.G ROLL'!$A:$A,'PP ROLL STOCK'!$C20) -> 4 | K20: =SUMIFS('PP F.G ROLL'!T:T,'PP F.G ROLL'!$A:$A,'PP ROLL STOCK'!$C20) -> 100 | L20: =+H20-J20 -> 0 | M20: =+I20-K20 -> 35.2 | N20: =IFERROR(VLOOKUP(C20,'[1]MIX SALE ORDER'!$A:$E,4,),"OTHERS") -> OTHERS | O20: =VLOOKUP(C20,'PP F.G ROLL'!A:T,4,0) -> PP | P20: FGPTPPR000012 | Q20: / | R20: =CONCATENATE(F20,Q20,G20,) -> 17/5
A21: 18/5 | C21: =+A21 -> 18/5 | D21: =_xlfn.MAXIFS('PP F.G ROLL'!J:J,'PP F.G ROLL'!A:A,'PP ROLL STOCK'!C21) -> 45930 | E21: {=IFERROR(VLOOKUP(C21,'PP F.G ROLL'!A:T,{2,5,6},0),"-")} -> STOCK | F21: 18 | G21: 5 | H21: =SUMIFS('PP F.G ROLL'!K:K,'PP F.G ROLL'!$A:$A,'PP ROLL STOCK'!$C21) -> 79 | I21: =SUMIFS('PP F.G ROLL'!N:N,'PP F.G ROLL'!$A:$A,'PP ROLL STOCK'!$C21) -> 1979.8 | J21: =SUMIFS('PP F.G ROLL'!S:S,'PP F.G ROLL'!$A:$A,'PP ROLL STOCK'!$C21) -> 79 | K21: =SUMIFS('PP F.G ROLL'!T:T,'PP F.G ROLL'!$A:$A,'PP ROLL STOCK'!$C21) -> 1979.8 | L21: =+H21-J21 -> 0 | M21: =+I21-K21 -> 0 | N21: =IFERROR(VLOOKUP(C21,'[1]MIX SALE ORDER'!$A:$E,4,),"OTHERS") -> OTHERS | O21: =VLOOKUP(C21,'PP F.G ROLL'!A:T,4,0) -> PP | P21: #N/A | Q21: / | R21: =CONCATENATE(F21,Q21,G21,) -> 18/5
A22: 16/5 | C22: =+A22 -> 16/5 | D22: =_xlfn.MAXIFS('PP F.G ROLL'!J:J,'PP F.G ROLL'!A:A,'PP ROLL STOCK'!C22) -> 45929 | E22: {=IFERROR(VLOOKUP(C22,'PP F.G ROLL'!A:T,{2,5,6},0),"-")} -> STOCK | F22: 16 | G22: 5 | H22: =SUMIFS('PP F.G ROLL'!K:K,'PP F.G ROLL'!$A:$A,'PP ROLL STOCK'!$C22) -> 74 | I22: =SUMIFS('PP F.G ROLL'!N:N,'PP F.G ROLL'!$A:$A,'PP ROLL STOCK'!$C22) -> 3245.28 | J22: =SUMIFS('PP F.G ROLL'!S:S,'PP F.G ROLL'!$A:$A,'PP ROLL STOCK'!$C22) -> 35 | K22: =SUMIFS('PP F.G ROLL'!T:T,'PP F.G ROLL'!$A:$A,'PP ROLL STOCK'!$C22) -> 951.31 | L22: =+H22-J22 -> 39 | M22: =+I22-K22 -> 2293.97 | N22: =IFERROR(VLOOKUP(C22,'[1]MIX SALE ORDER'!$A:$E,4,),"OTHERS") -> OTHERS | O22: =VLOOKUP(C22,'PP F.G ROLL'!A:T,4,0) -> PP | P22: FGPTPPR000011 | Q22: / | R22: =CONCATENATE(F22,Q22,G22,) -> 16/5
A23: 15/5 | C23: =+A23 -> 15/5 | D23: =_xlfn.MAXIFS('PP F.G ROLL'!J:J,'PP F.G ROLL'!A:A,'PP ROLL STOCK'!C23) -> 45870 | E23: {=IFERROR(VLOOKUP(C23,'PP F.G ROLL'!A:T,{2,5,6},0),"-")} -> STOCK | F23: 15 | G23: 5 | H23: =SUMIFS('PP F.G ROLL'!K:K,'PP F.G ROLL'!$A:$A,'PP ROLL STOCK'!$C23) -> 26 | I23: =SUMIFS('PP F.G ROLL'!N:N,'PP F.G ROLL'!$A:$A,'PP ROLL STOCK'!$C23) -> 957 | J23: =SUMIFS('PP F.G ROLL'!S:S,'PP F.G ROLL'!$A:$A,'PP ROLL STOCK'!$C23) -> 0 | K23: =SUMIFS('PP F.G ROLL'!T:T,'PP F.G ROLL'!$A:$A,'PP ROLL STOCK'!$C23) -> 0 | L23: =+H23-J23 -> 26 | M23: =+I23-K23 -> 957 | N23: =IFERROR(VLOOKUP(C23,'[1]MIX SALE ORDER'!$A:$E,4,),"OTHERS") -> OTHERS | O23: =VLOOKUP(C23,'PP F.G ROLL'!A:T,4,0) -> PP | P23: FGPTPPR000010 | Q23: / | R23: =CONCATENATE(F23,Q23,G23,) -> 15/5
A24: 2/6.5 | C24: =+A24 -> 2/6.5 | D24: =_xlfn.MAXIFS('PP F.G ROLL'!J:J,'PP F.G ROLL'!A:A,'PP ROLL STOCK'!C24) -> 45870 | E24: {=IFERROR(VLOOKUP(C24,'PP F.G ROLL'!A:T,{2,5,6},0),"-")} -> STOCK | F24: 2 | G24: 6.5 | H24: =SUMIFS('PP F.G ROLL'!K:K,'PP F.G ROLL'!$A:$A,'PP ROLL STOCK'!$C24) -> 4 | I24: =SUMIFS('PP F.G ROLL'!N:N,'PP F.G ROLL'!$A:$A,'PP ROLL STOCK'!$C24) -> 185.2 | J24: =SUMIFS('PP F.G ROLL'!S:S,'PP F.G ROLL'!$A:$A,'PP ROLL STOCK'!$C24) -> 0 | K24: =SUMIFS('PP F.G ROLL'!T:T,'PP F.G ROLL'!$A:$A,'PP ROLL STOCK'!$C24) -> 0 | L24: =+H24-J24 -> 4 | M24: =+I24-K24 -> 185.2 | N24: =IFERROR(VLOOKUP(C24,'[1]MIX SALE ORDER'!$A:$E,4,),"OTHERS") -> OTHERS | O24: =VLOOKUP(C24,'PP F.G ROLL'!A:T,4,0) -> PP | P24: #N/A | Q24: / | R24: =CONCATENATE(F24,Q24,G24,) -> 2/6.5
A25: 19/4 | C25: =+A25 -> 19/4 | D25: =_xlfn.MAXIFS('PP F.G ROLL'!J:J,'PP F.G ROLL'!A:A,'PP ROLL STOCK'!C25) -> 45870 | E25: {=IFERROR(VLOOKUP(C25,'PP F.G ROLL'!A:T,{2,5,6},0),"-")} -> STOCK | F25: 19 | G25: 4 | H25: =SUMIFS('PP F.G ROLL'!K:K,'PP F.G ROLL'!$A:$A,'PP ROLL STOCK'!$C25) -> 1 | I25: =SUMIFS('PP F.G ROLL'!N:N,'PP F.G ROLL'!$A:$A,'PP ROLL STOCK'!$C25) -> 20.1 | J25: =SUMIFS('PP F.G ROLL'!S:S,'PP F.G ROLL'!$A:$A,'PP ROLL STOCK'!$C25) -> 0 | K25: =SUMIFS('PP F.G ROLL'!T:T,'PP F.G ROLL'!$A:$A,'PP ROLL STOCK'!$C25) -> 0 | L25: =+H25-J25 -> 1 | M25: =+I25-K25 -> 20.1 | N25: =IFERROR(VLOOKUP(C25,'[1]MIX SALE ORDER'!$A:$E,4,),"OTHERS") -> OTHERS | O25: =VLOOKUP(C25,'PP F.G ROLL'!A:T,4,0) -> PP | P25: #N/A | Q25: / | R25: =CONCATENATE(F25,Q25,G25,) -> 19/4
A26: 24/4 | C26: =+A26 -> 24/4 | D26: =_xlfn.MAXIFS('PP F.G ROLL'!J:J,'PP F.G ROLL'!A:A,'PP ROLL STOCK'!C26) -> 45870 | E26: {=IFERROR(VLOOKUP(C26,'PP F.G ROLL'!A:T,{2,5,6},0),"-")} -> STOCK | F26: 24 | G26: 4 | H26: =SUMIFS('PP F.G ROLL'!K:K,'PP F.G ROLL'!$A:$A,'PP ROLL STOCK'!$C26) -> 1 | I26: =SUMIFS('PP F.G ROLL'!N:N,'PP F.G ROLL'!$A:$A,'PP ROLL STOCK'!$C26) -> 39.6 | J26: =SUMIFS('PP F.G ROLL'!S:S,'PP F.G ROLL'!$A:$A,'PP ROLL STOCK'!$C26) -> 0 | K26: =SUMIFS('PP F.G ROLL'!T:T,'PP F.G ROLL'!$A:$A,'PP ROLL STOCK'!$C26) -> 0 | L26: =+H26-J26 -> 1 | M26: =+I26-K26 -> 39.6 | N26: =IFERROR(VLOOKUP(C26,'[1]MIX SALE ORDER'!$A:$E,4,),"OTHERS") -> OTHERS | O26: =VLOOKUP(C26,'PP F.G ROLL'!A:T,4,0) -> PP | P26: #N/A | Q26: / | R26: =CONCATENATE(F26,Q26,G26,) -> 24/4
A27: 6/4 | C27: =+A27 -> 6/4 | D27: =_xlfn.MAXIFS('PP F.G ROLL'!J:J,'PP F.G ROLL'!A:A,'PP ROLL STOCK'!C27) -> 45870 | E27: {=IFERROR(VLOOKUP(C27,'PP F.G ROLL'!A:T,{2,5,6},0),"-")} -> STOCK | F27: 6 | G27: 4 | H27: =SUMIFS('PP F.G ROLL'!K:K,'PP F.G ROLL'!$A:$A,'PP ROLL STOCK'!$C27) -> 6 | I27: =SUMIFS('PP F.G ROLL'!N:N,'PP F.G ROLL'!$A:$A,'PP ROLL STOCK'!$C27) -> 191.4 | J27: =SUMIFS('PP F.G ROLL'!S:S,'PP F.G ROLL'!$A:$A,'PP ROLL STOCK'!$C27) -> 0 | K27: =SUMIFS('PP F.G ROLL'!T:T,'PP F.G ROLL'!$A:$A,'PP ROLL STOCK'!$C27) -> 0 | L27: =+H27-J27 -> 6 | M27: =+I27-K27 -> 191.4 | N27: =IFERROR(VLOOKUP(C27,'[1]MIX SALE ORDER'!$A:$E,4,),"OTHERS") -> OTHERS | O27: =VLOOKUP(C27,'PP F.G ROLL'!A:T,4,0) -> PP | P27: #N/A | Q27: / | R27: =CONCATENATE(F27,Q27,G27,) -> 6/4
A28: 12/6.5 | C28: =+A28 -> 12/6.5 | D28: =_xlfn.MAXIFS('PP F.G ROLL'!J:J,'PP F.G ROLL'!A:A,'PP ROLL STOCK'!C28) -> 45918 | E28: {=IFERROR(VLOOKUP(C28,'PP F.G ROLL'!A:T,{2,5,6},0),"-")} -> STOCK | F28: 12 | G28: 6.5 | H28: =SUMIFS('PP F.G ROLL'!K:K,'PP F.G ROLL'!$A:$A,'PP ROLL STOCK'!$C28) -> 13 | I28: =SUMIFS('PP F.G ROLL'!N:N,'PP F.G ROLL'!$A:$A,'PP ROLL STOCK'!$C28) -> 395.74 | J28: =SUMIFS('PP F.G ROLL'!S:S,'PP F.G ROLL'!$A:$A,'PP ROLL STOCK'!$C28) -> 8 | K28: =SUMIFS('PP F.G ROLL'!T:T,'PP F.G ROLL'!$A:$A,'PP ROLL STOCK'!$C28) -> 277.39 | L28: =+H28-J28 -> 5 | M28: =+I28-K28 -> 118.35 | N28: =IFERROR(VLOOKUP(C28,'[1]MIX SALE ORDER'!$A:$E,4,),"OTHERS") -> OTHERS | O28: =VLOOKUP(C28,'PP F.G ROLL'!A:T,4,0) -> PP | P28: #N/A | Q28: / | R28: =CONCATENATE(F28,Q28,G28,) -> 12/6.5
A29: 17/7 | C29: =+A29 -> 17/7 | D29: =_xlfn.MAXIFS('PP F.G ROLL'!J:J,'PP F.G ROLL'!A:A,'PP ROLL STOCK'!C29) -> 45870 | E29: {=IFERROR(VLOOKUP(C29,'PP F.G ROLL'!A:T,{2,5,6},0),"-")} -> STOCK | F29: 17 | G29: 7 | H29: =SUMIFS('PP F.G ROLL'!K:K,'PP F.G ROLL'!$A:$A,'PP ROLL STOCK'!$C29) -> 7 | I29: =SUMIFS('PP F.G ROLL'!N:N,'PP F.G ROLL'!$A:$A,'PP ROLL STOCK'!$C29) -> 333.1 | J29: =SUMIFS('PP F.G ROLL'!S:S,'PP F.G ROLL'!$A:$A,'PP ROLL STOCK'!$C29) -> 8 | K29: =SUMIFS('PP F.G ROLL'!T:T,'PP F.G ROLL'!$A:$A,'PP ROLL STOCK'!$C29) -> 200 | L29: =+H29-J29 -> -1 | M29: =+I29-K29 -> 133.1 | N29: =IFERROR(VLOOKUP(C29,'[1]MIX SALE ORDER'!$A:$E,4,),"OTHERS") -> OTHERS | O29: =VLOOKUP(C29,'PP F.G ROLL'!A:T,4,0) -> PP | P29: #N/A | Q29: / | R29: =CONCATENATE(F29,Q29,G29,) -> 17/7
A30: 15/4 | C30: =+A30 -> 15/4 | D30: =_xlfn.MAXIFS('PP F.G ROLL'!J:J,'PP F.G ROLL'!A:A,'PP ROLL STOCK'!C30) -> 45870 | E30: {=IFERROR(VLOOKUP(C30,'PP F.G ROLL'!A:T,{2,5,6},0),"-")} -> STOCK | F30: 15 | G30: 4 | H30: =SUMIFS('PP F.G ROLL'!K:K,'PP F.G ROLL'!$A:$A,'PP ROLL STOCK'!$C30) -> 7 | I30: =SUMIFS('PP F.G ROLL'!N:N,'PP F.G ROLL'!$A:$A,'PP ROLL STOCK'!$C30) -> 489.5 | J30: =SUMIFS('PP F.G ROLL'!S:S,'PP F.G ROLL'!$A:$A,'PP ROLL STOCK'!$C30) -> 0 | K30: =SUMIFS('PP F.G ROLL'!T:T,'PP F.G ROLL'!$A:$A,'PP ROLL STOCK'!$C30) -> 0 | L30: =+H30-J30 -> 7 | M30: =+I30-K30 -> 489.5 | N30: =IFERROR(VLOOKUP(C30,'[1]MIX SALE ORDER'!$A:$E,4,),"OTHERS") -> OTHERS | O30: =VLOOKUP(C30,'PP F.G ROLL'!A:T,4,0) -> PP | P30: #N/A | Q30: / | R30: =CONCATENATE(F30,Q30,G30,) -> 15/4
A31: 16/8 | C31: =+A31 -> 16/8 | D31: =_xlfn.MAXIFS('PP F.G ROLL'!J:J,'PP F.G ROLL'!A:A,'PP ROLL STOCK'!C31) -> 45905 | E31: {=IFERROR(VLOOKUP(C31,'PP F.G ROLL'!A:T,{2,5,6},0),"-")} -> STOCK | F31: 16 | G31: 8 | H31: =SUMIFS('PP F.G ROLL'!K:K,'PP F.G ROLL'!$A:$A,'PP ROLL STOCK'!$C31) -> 15 | I31: =SUMIFS('PP F.G ROLL'!N:N,'PP F.G ROLL'!$A:$A,'PP ROLL STOCK'!$C31) -> 307.83 | J31: =SUMIFS('PP F.G ROLL'!S:S,'PP F.G ROLL'!$A:$A,'PP ROLL STOCK'!$C31) -> 0 | K31: =SUMIFS('PP F.G ROLL'!T:T,'PP F.G ROLL'!$A:$A,'PP ROLL STOCK'!$C31) -> 0 | L31: =+H31-J31 -> 15 | M31: =+I31-K31 -> 307.83 | N31: =IFERROR(VLOOKUP(C31,'[1]MIX SALE ORDER'!$A:$E,4,),"OTHERS") -> OTHERS | O31: =VLOOKUP(C31,'PP F.G ROLL'!A:T,4,0) -> PP | P31: #N/A | Q31: / | R31: =CONCATENATE(F31,Q31,G31,) -> 16/8
A32: 15/7 | C32: =+A32 -> 15/7 | D32: =_xlfn.MAXIFS('PP F.G ROLL'!J:J,'PP F.G ROLL'!A:A,'PP ROLL STOCK'!C32) -> 45925 | E32: {=IFERROR(VLOOKUP(C32,'PP F.G ROLL'!A:T,{2,5,6},0),"-")} -> STOCK | F32: 15 | G32: 7 | H32: =SUMIFS('PP F.G ROLL'!K:K,'PP F.G ROLL'!$A:$A,'PP ROLL STOCK'!$C32) -> 17 | I32: =SUMIFS('PP F.G ROLL'!N:N,'PP F.G ROLL'!$A:$A,'PP ROLL STOCK'!$C32) -> 633.98 | J32: =SUMIFS('PP F.G ROLL'!S:S,'PP F.G ROLL'!$A:$A,'PP ROLL STOCK'!$C32) -> 24 | K32: =SUMIFS('PP F.G ROLL'!T:T,'PP F.G ROLL'!$A:$A,'PP ROLL STOCK'!$C32) -> 605.7 | L32: =+H32-J32 -> -7 | M32: =+I32-K32 -> 28.28 | N32: =IFERROR(VLOOKUP(C32,'[1]MIX SALE ORDER'!$A:$E,4,),"OTHERS") -> OTHERS | O32: =VLOOKUP(C32,'PP F.G ROLL'!A:T,4,0) -> PP | P32: #N/A | Q32: / | R32: =CONCATENATE(F32,Q32,G32,) -> 15/7
A33: 8/6.5 | C33: =+A33 -> 8/6.5 | D33: =_xlfn.MAXIFS('PP F.G ROLL'!J:J,'PP F.G ROLL'!A:A,'PP ROLL STOCK'!C33) -> 45870 | E33: {=IFERROR(VLOOKUP(C33,'PP F.G ROLL'!A:T,{2,5,6},0),"-")} -> STOCK | F33: 8 | G33: 6.5 | H33: =SUMIFS('PP F.G ROLL'!K:K,'PP F.G ROLL'!$A:$A,'PP ROLL STOCK'!$C33) -> 2 | I33: =SUMIFS('PP F.G ROLL'!N:N,'PP F.G ROLL'!$A:$A,'PP ROLL STOCK'!$C33) -> 271.4 | J33: =SUMIFS('PP F.G ROLL'!S:S,'PP F.G ROLL'!$A:$A,'PP ROLL STOCK'!$C33) -> 0 | K33: =SUMIFS('PP F.G ROLL'!T:T,'PP F.G ROLL'!$A:$A,'PP ROLL STOCK'!$C33) -> 0 | L33: =+H33-J33 -> 2 | M33: =+I33-K33 -> 271.4 | N33: =IFERROR(VLOOKUP(C33,'[1]MIX SALE ORDER'!$A:$E,4,),"OTHERS") -> OTHERS | O33: =VLOOKUP(C33,'PP F.G ROLL'!A:T,4,0) -> PP | P33: #N/A | Q33: / | R33: =CONCATENATE(F33,Q33,G33,) -> 8/6.5
A34: 18/7 | C34: =+A34 -> 18/7 | D34: =_xlfn.MAXIFS('PP F.G ROLL'!J:J,'PP F.G ROLL'!A:A,'PP ROLL STOCK'!C34) -> 45905 | E34: {=IFERROR(VLOOKUP(C34,'PP F.G ROLL'!A:T,{2,5,6},0),"-")} -> STOCK | F34: 18 | G34: 7 | H34: =SUMIFS('PP F.G ROLL'!K:K,'PP F.G ROLL'!$A:$A,'PP ROLL STOCK'!$C34) -> 13 | I34: =SUMIFS('PP F.G ROLL'!N:N,'PP F.G ROLL'!$A:$A,'PP ROLL STOCK'!$C34) -> 309.52 | J34: =SUMIFS('PP F.G ROLL'!S:S,'PP F.G ROLL'!$A:$A,'PP ROLL STOCK'!$C34) -> 7 | K34: =SUMIFS('PP F.G ROLL'!T:T,'PP F.G ROLL'!$A:$A,'PP ROLL STOCK'!$C34) -> 287.03 | L34: =+H34-J34 -> 6 | M34: =+I34-K34 -> 22.49 | N34: =IFERROR(VLOOKUP(C34,'[1]MIX SALE ORDER'!$A:$E,4,),"OTHERS") -> OTHERS | O34: =VLOOKUP(C34,'PP F.G ROLL'!A:T,4,0) -> PP | P34: #N/A | Q34: / | R34: =CONCATENATE(F34,Q34,G34,) -> 18/7
A35: 8/10 | C35: =+A35 -> 8/10 | D35: =_xlfn.MAXIFS('PP F.G ROLL'!J:J,'PP F.G ROLL'!A:A,'PP ROLL STOCK'!C35) -> 45915 | E35: {=IFERROR(VLOOKUP(C35,'PP F.G ROLL'!A:T,{2,5,6},0),"-")} -> STOCK | F35: 8 | G35: 10 | H35: =SUMIFS('PP F.G ROLL'!K:K,'PP F.G ROLL'!$A:$A,'PP ROLL STOCK'!$C35) -> 7 | I35: =SUMIFS('PP F.G ROLL'!N:N,'PP F.G ROLL'!$A:$A,'PP ROLL STOCK'!$C35) -> 189.34 | J35: =SUMIFS('PP F.G ROLL'!S:S,'PP F.G ROLL'!$A:$A,'PP ROLL STOCK'!$C35) -> 6 | K35: =SUMIFS('PP F.G ROLL'!T:T,'PP F.G ROLL'!$A:$A,'PP ROLL STOCK'!$C35) -> 160.25 | L35: =+H35-J35 -> 1 | M35: =+I35-K35 -> 29.09 | N35: =IFERROR(VLOOKUP(C35,'[1]MIX SALE ORDER'!$A:$E,4,),"OTHERS") -> OTHERS | O35: =VLOOKUP(C35,'PP F.G ROLL'!A:T,4,0) -> PP | P35: #N/A | Q35: / | R35: =CONCATENATE(F35,Q35,G35,) -> 8/10
A36: 9/10 | C36: =+A36 -> 9/10 | D36: =_xlfn.MAXIFS('PP F.G ROLL'!J:J,'PP F.G ROLL'!A:A,'PP ROLL STOCK'!C36) -> 45870 | E36: {=IFERROR(VLOOKUP(C36,'PP F.G ROLL'!A:T,{2,5,6},0),"-")} -> STOCK | F36: 9 | G36: 10 | H36: =SUMIFS('PP F.G ROLL'!K:K,'PP F.G ROLL'!$A:$A,'PP ROLL STOCK'!$C36) -> 1 | I36: =SUMIFS('PP F.G ROLL'!N:N,'PP F.G ROLL'!$A:$A,'PP ROLL STOCK'!$C36) -> 30.1 | J36: =SUMIFS('PP F.G ROLL'!S:S,'PP F.G ROLL'!$A:$A,'PP ROLL STOCK'!$C36) -> 0 | K36: =SUMIFS('PP F.G ROLL'!T:T,'PP F.G ROLL'!$A:$A,'PP ROLL STOCK'!$C36) -> 0 | L36: =+H36-J36 -> 1 | M36: =+I36-K36 -> 30.1 | N36: =IFERROR(VLOOKUP(C36,'[1]MIX SALE ORDER'!$A:$E,4,),"OTHERS") -> OTHERS | O36: =VLOOKUP(C36,'PP F.G ROLL'!A:T,4,0) -> PP | P36: #N/A | Q36: / | R36: =CONCATENATE(F36,Q36,G36,) -> 9/10
A37: 16/7 | C37: =+A37 -> 16/7 | D37: =_xlfn.MAXIFS('PP F.G ROLL'!J:J,'PP F.G ROLL'!A:A,'PP ROLL STOCK'!C37) -> 45870 | E37: {=IFERROR(VLOOKUP(C37,'PP F.G ROLL'!A:T,{2,5,6},0),"-")} -> STOCK | F37: 16 | G37: 7 | H37: =SUMIFS('PP F.G ROLL'!K:K,'PP F.G ROLL'!$A:$A,'PP ROLL STOCK'!$C37) -> 2 | I37: =SUMIFS('PP F.G ROLL'!N:N,'PP F.G ROLL'!$A:$A,'PP ROLL STOCK'!$C37) -> 169.8 | J37: =SUMIFS('PP F.G ROLL'!S:S,'PP F.G ROLL'!$A:$A,'PP ROLL STOCK'!$C37) -> 0 | K37: =SUMIFS('PP F.G ROLL'!T:T,'PP F.G ROLL'!$A:$A,'PP ROLL STOCK'!$C37) -> 0 | L37: =+H37-J37 -> 2 | M37: =+I37-K37 -> 169.8 | N37: =IFERROR(VLOOKUP(C37,'[1]MIX SALE ORDER'!$A:$E,4,),"OTHERS") -> OTHERS | O37: =VLOOKUP(C37,'PP F.G ROLL'!A:T,4,0) -> PP | P37: FGPTPPR000038 | Q37: / | R37: =CONCATENATE(F37,Q37,G37,) -> 16/7
A38: 20/12 | C38: =+A38 -> 20/12 | D38: =_xlfn.MAXIFS('PP F.G ROLL'!J:J,'PP F.G ROLL'!A:A,'PP ROLL STOCK'!C38) -> 45870 | E38: {=IFERROR(VLOOKUP(C38,'PP F.G ROLL'!A:T,{2,5,6},0),"-")} -> STOCK | F38: 20 | G38: 12 | H38: =SUMIFS('PP F.G ROLL'!K:K,'PP F.G ROLL'!$A:$A,'PP ROLL STOCK'!$C38) -> 1 | I38: =SUMIFS('PP F.G ROLL'!N:N,'PP F.G ROLL'!$A:$A,'PP ROLL STOCK'!$C38) -> 33 | J38: =SUMIFS('PP F.G ROLL'!S:S,'PP F.G ROLL'!$A:$A,'PP ROLL STOCK'!$C38) -> 0 | K38: =SUMIFS('PP F.G ROLL'!T:T,'PP F.G ROLL'!$A:$A,'PP ROLL STOCK'!$C38) -> 0 | L38: =+H38-J38 -> 1 | M38: =+I38-K38 -> 33 | N38: =IFERROR(VLOOKUP(C38,'[1]MIX SALE ORDER'!$A:$E,4,),"OTHERS") -> OTHERS | O38: =VLOOKUP(C38,'PP F.G ROLL'!A:T,4,0) -> PP | P38: #N/A | Q38: / | R38: =CONCATENATE(F38,Q38,G38,) -> 20/12
A39: 22/15 | C39: =+A39 -> 22/15 | D39: =_xlfn.MAXIFS('PP F.G ROLL'!J:J,'PP F.G ROLL'!A:A,'PP ROLL STOCK'!C39) -> 45870 | E39: {=IFERROR(VLOOKUP(C39,'PP F.G ROLL'!A:T,{2,5,6},0),"-")} -> STOCK | F39: 22 | G39: 15 | H39: =SUMIFS('PP F.G ROLL'!K:K,'PP F.G ROLL'!$A:$A,'PP ROLL STOCK'!$C39) -> 1 | I39: =SUMIFS('PP F.G ROLL'!N:N,'PP F.G ROLL'!$A:$A,'PP ROLL STOCK'!$C39) -> 43.8 | J39: =SUMIFS('PP F.G ROLL'!S:S,'PP F.G ROLL'!$A:$A,'PP ROLL STOCK'!$C39) -> 0 | K39: =SUMIFS('PP F.G ROLL'!T:T,'PP F.G ROLL'!$A:$A,'PP ROLL STOCK'!$C39) -> 0 | L39: =+H39-J39 -> 1 | M39: =+I39-K39 -> 43.8 | N39: =IFERROR(VLOOKUP(C39,'[1]MIX SALE ORDER'!$A:$E,4,),"OTHERS") -> OTHERS | O39: =VLOOKUP(C39,'PP F.G ROLL'!A:T,4,0) -> PP | P39: #N/A | Q39: / | R39: =CONCATENATE(F39,Q39,G39,) -> 22/15
A40: 18/10 | C40: =+A40 -> 18/10 | D40: =_xlfn.MAXIFS('PP F.G ROLL'!J:J,'PP F.G ROLL'!A:A,'PP ROLL STOCK'!C40) -> 45870 | E40: {=IFERROR(VLOOKUP(C40,'PP F.G ROLL'!A:T,{2,5,6},0),"-")} -> STOCK | F40: 18 | G40: 10 | H40: =SUMIFS('PP F.G ROLL'!K:K,'PP F.G ROLL'!$A:$A,'PP ROLL STOCK'!$C40) -> 2 | I40: =SUMIFS('PP F.G ROLL'!N:N,'PP F.G ROLL'!$A:$A,'PP ROLL STOCK'!$C40) -> 111.4 | J40: =SUMIFS('PP F.G ROLL'!S:S,'PP F.G ROLL'!$A:$A,'PP ROLL STOCK'!$C40) -> 0 | K40: =SUMIFS('PP F.G ROLL'!T:T,'PP F.G ROLL'!$A:$A,'PP ROLL STOCK'!$C40) -> 0 | L40: =+H40-J40 -> 2 | M40: =+I40-K40 -> 111.4 | N40: =IFERROR(VLOOKUP(C40,'[1]MIX SALE ORDER'!$A:$E,4,),"OTHERS") -> OTHERS | O40: =VLOOKUP(C40,'PP F.G ROLL'!A:T,4,0) -> PP | P40: #N/A | Q40: / | R40: =CONCATENATE(F40,Q40,G40,) -> 18/10
A41: 7/15 | C41: =+A41 -> 7/15 | D41: =_xlfn.MAXIFS('PP F.G ROLL'!J:J,'PP F.G ROLL'!A:A,'PP ROLL STOCK'!C41) -> 45870 | E41: {=IFERROR(VLOOKUP(C41,'PP F.G ROLL'!A:T,{2,5,6},0),"-")} -> STOCK | F41: 7 | G41: 15 | H41: =SUMIFS('PP F.G ROLL'!K:K,'PP F.G ROLL'!$A:$A,'PP ROLL STOCK'!$C41) -> 1 | I41: =SUMIFS('PP F.G ROLL'!N:N,'PP F.G ROLL'!$A:$A,'PP ROLL STOCK'!$C41) -> 19.3 | J41: =SUMIFS('PP F.G ROLL'!S:S,'PP F.G ROLL'!$A:$A,'PP ROLL STOCK'!$C41) -> 0 | K41: =SUMIFS('PP F.G ROLL'!T:T,'PP F.G ROLL'!$A:$A,'PP ROLL STOCK'!$C41) -> 0 | L41: =+H41-J41 -> 1 | M41: =+I41-K41 -> 19.3 | N41: =IFERROR(VLOOKUP(C41,'[1]MIX SALE ORDER'!$A:$E,4,),"OTHERS") -> OTHERS | O41: =VLOOKUP(C41,'PP F.G ROLL'!A:T,4,0) -> PP | P41: #N/A | Q41: / | R41: =CONCATENATE(F41,Q41,G41,) -> 7/15
A42: 10/5 | C42: =+A42 -> 10/5 | D42: =_xlfn.MAXIFS('PP F.G ROLL'!J:J,'PP F.G ROLL'!A:A,'PP ROLL STOCK'!C42) -> 45930 | E42: {=IFERROR(VLOOKUP(C42,'PP F.G ROLL'!A:T,{2,5,6},0),"-")} -> STOCK | F42: 10 | G42: 5 | H42: =SUMIFS('PP F.G ROLL'!K:K,'PP F.G ROLL'!$A:$A,'PP ROLL STOCK'!$C42) -> 167 | I42: =SUMIFS('PP F.G ROLL'!N:N,'PP F.G ROLL'!$A:$A,'PP ROLL STOCK'!$C42) -> 4575 | J42: =SUMIFS('PP F.G ROLL'!S:S,'PP F.G ROLL'!$A:$A,'PP ROLL STOCK'!$C42) -> 167 | K42: =SUMIFS('PP F.G ROLL'!T:T,'PP F.G ROLL'!$A:$A,'PP ROLL STOCK'!$C42) -> 4575 | L42: =+H42-J42 -> 0 | M42: =+I42-K42 -> 0 | N42: =IFERROR(VLOOKUP(C42,'[1]MIX SALE ORDER'!$A:$E,4,),"OTHERS") -> OTHERS | O42: =VLOOKUP(C42,'PP F.G ROLL'!A:T,4,0) -> PP | P42: #N/A | Q42: / | R42: =CONCATENATE(F42,Q42,G42,) -> 10/5
A43: 9/5 | C43: =+A43 -> 9/5 | D43: =_xlfn.MAXIFS('PP F.G ROLL'!J:J,'PP F.G ROLL'!A:A,'PP ROLL STOCK'!C43) -> 45911 | E43: {=IFERROR(VLOOKUP(C43,'PP F.G ROLL'!A:T,{2,5,6},0),"-")} -> STOCK | F43: 9 | G43: 5 | H43: =SUMIFS('PP F.G ROLL'!K:K,'PP F.G ROLL'!$A:$A,'PP ROLL STOCK'!$C43) -> 187 | I43: =SUMIFS('PP F.G ROLL'!N:N,'PP F.G ROLL'!$A:$A,'PP ROLL STOCK'!$C43) -> 4078.99 | J43: =SUMIFS('PP F.G ROLL'!S:S,'PP F.G ROLL'!$A:$A,'PP ROLL STOCK'!$C43) -> 151 | K43: =SUMIFS('PP F.G ROLL'!T:T,'PP F.G ROLL'!$A:$A,'PP ROLL STOCK'!$C43) -> 3775 | L43: =+H43-J43 -> 36 | M43: =+I43-K43 -> 303.99 | N43: =IFERROR(VLOOKUP(C43,'[1]MIX SALE ORDER'!$A:$E,4,),"OTHERS") -> OTHERS | O43: =VLOOKUP(C43,'PP F.G ROLL'!A:T,4,0) -> PP | P43: FGPTPPR000004 | Q43: / | R43: =CONCATENATE(F43,Q43,G43,) -> 9/5
A44: 1.5/5.5-6 | C44: =+A44 -> 1.5/5.5-6 | D44: =_xlfn.MAXIFS('PP F.G ROLL'!J:J,'PP F.G ROLL'!A:A,'PP ROLL STOCK'!C44) -> 45870 | E44: {=IFERROR(VLOOKUP(C44,'PP F.G ROLL'!A:T,{2,5,6},0),"-")} -> STOCK | F44: 1.5 | G44: 5.5-6 | H44: =SUMIFS('PP F.G ROLL'!K:K,'PP F.G ROLL'!$A:$A,'PP ROLL STOCK'!$C44) -> 7 | I44: =SUMIFS('PP F.G ROLL'!N:N,'PP F.G ROLL'!$A:$A,'PP ROLL STOCK'!$C44) -> 136.95 | J44: =SUMIFS('PP F.G ROLL'!S:S,'PP F.G ROLL'!$A:$A,'PP ROLL STOCK'!$C44) -> 0 | K44: =SUMIFS('PP F.G ROLL'!T:T,'PP F.G ROLL'!$A:$A,'PP ROLL STOCK'!$C44) -> 0 | L44: =+H44-J44 -> 7 | M44: =+I44-K44 -> 136.95 | N44: =IFERROR(VLOOKUP(C44,'[1]MIX SALE ORDER'!$A:$E,4,),"OTHERS") -> OTHERS | O44: =VLOOKUP(C44,'PP F.G ROLL'!A:T,4,0) -> PP | P44: #N/A | Q44: / | R44: =CONCATENATE(F44,Q44,G44,) -> 1.5/5.5-6
A45: 14/4 | C45: =+A45 -> 14/4 | D45: =_xlfn.MAXIFS('PP F.G ROLL'!J:J,'PP F.G ROLL'!A:A,'PP ROLL STOCK'!C45) -> 45870 | E45: {=IFERROR(VLOOKUP(C45,'PP F.G ROLL'!A:T,{2,5,6},0),"-")} -> STOCK | F45: 14 | G45: 4 | H45: =SUMIFS('PP F.G ROLL'!K:K,'PP F.G ROLL'!$A:$A,'PP ROLL STOCK'!$C45) -> 17 | I45: =SUMIFS('PP F.G ROLL'!N:N,'PP F.G ROLL'!$A:$A,'PP ROLL STOCK'!$C45) -> 67.2 | J45: =SUMIFS('PP F.G ROLL'!S:S,'PP F.G ROLL'!$A:$A,'PP ROLL STOCK'!$C45) -> 0 | K45: =SUMIFS('PP F.G ROLL'!T:T,'PP F.G ROLL'!$A:$A,'PP ROLL STOCK'!$C45) -> 0 | L45: =+H45-J45 -> 17 | M45: =+I45-K45 -> 67.2 | N45: =IFERROR(VLOOKUP(C45,'[1]MIX SALE ORDER'!$A:$E,4,),"OTHERS") -> OTHERS | O45: =VLOOKUP(C45,'PP F.G ROLL'!A:T,4,0) -> PP | P45: #N/A | Q45: / | R45: =CONCATENATE(F45,Q45,G45,) -> 14/4
A46: 16/4 | C46: =+A46 -> 16/4 | D46: =_xlfn.MAXIFS('PP F.G ROLL'!J:J,'PP F.G ROLL'!A:A,'PP ROLL STOCK'!C46) -> 45870 | E46: {=IFERROR(VLOOKUP(C46,'PP F.G ROLL'!A:T,{2,5,6},0),"-")} -> STOCK | F46: 16 | G46: 4 | H46: =SUMIFS('PP F.G ROLL'!K:K,'PP F.G ROLL'!$A:$A,'PP ROLL STOCK'!$C46) -> 4 | I46: =SUMIFS('PP F.G ROLL'!N:N,'PP F.G ROLL'!$A:$A,'PP ROLL STOCK'!$C46) -> 30.2 | J46: =SUMIFS('PP F.G ROLL'!S:S,'PP F.G ROLL'!$A:$A,'PP ROLL STOCK'!$C46) -> 0 | K46: =SUMIFS('PP F.G ROLL'!T:T,'PP F.G ROLL'!$A:$A,'PP ROLL STOCK'!$C46) -> 0 | L46: =+H46-J46 -> 4 | M46: =+I46-K46 -> 30.2 | N46: =IFERROR(VLOOKUP(C46,'[1]MIX SALE ORDER'!$A:$E,4,),"OTHERS") -> OTHERS | O46: =VLOOKUP(C46,'PP F.G ROLL'!A:T,4,0) -> PP | P46: #N/A | Q46: / | R46: =CONCATENATE(F46,Q46,G46,) -> 16/4
A47: 12/4 | C47: =+A47 -> 12/4 | D47: =_xlfn.MAXIFS('PP F.G ROLL'!J:J,'PP F.G ROLL'!A:A,'PP ROLL STOCK'!C47) -> 45912 | E47: {=IFERROR(VLOOKUP(C47,'PP F.G ROLL'!A:T,{2,5,6},0),"-")} -> STOCK | F47: 12 | G47: 4 | H47: =SUMIFS('PP F.G ROLL'!K:K,'PP F.G ROLL'!$A:$A,'PP ROLL STOCK'!$C47) -> 3 | I47: =SUMIFS('PP F.G ROLL'!N:N,'PP F.G ROLL'!$A:$A,'PP ROLL STOCK'!$C47) -> 101.48 | J47: =SUMIFS('PP F.G ROLL'!S:S,'PP F.G ROLL'!$A:$A,'PP ROLL STOCK'!$C47) -> 0 | K47: =SUMIFS('PP F.G ROLL'!T:T,'PP F.G ROLL'!$A:$A,'PP ROLL STOCK'!$C47) -> 100 | L47: =+H47-J47 -> 3 | M47: =+I47-K47 -> 1.48 | N47: =IFERROR(VLOOKUP(C47,'[1]MIX SALE ORDER'!$A:$E,4,),"OTHERS") -> OTHERS | O47: =VLOOKUP(C47,'PP F.G ROLL'!A:T,4,0) -> PP | P47: #N/A | Q47: / | R47: =CONCATENATE(F47,Q47,G47,) -> 12/4
A48: 26/5 | C48: =+A48 -> 26/5 | D48: =_xlfn.MAXIFS('PP F.G ROLL'!J:J,'PP F.G ROLL'!A:A,'PP ROLL STOCK'!C48) -> 45911 | E48: {=IFERROR(VLOOKUP(C48,'PP F.G ROLL'!A:T,{2,5,6},0),"-")} -> STOCK | F48: 26 | G48: 5 | H48: =SUMIFS('PP F.G ROLL'!K:K,'PP F.G ROLL'!$A:$A,'PP ROLL STOCK'!$C48) -> 10 | I48: =SUMIFS('PP F.G ROLL'!N:N,'PP F.G ROLL'!$A:$A,'PP ROLL STOCK'!$C48) -> 547.75 | J48: =SUMIFS('PP F.G ROLL'!S:S,'PP F.G ROLL'!$A:$A,'PP ROLL STOCK'!$C48) -> 0 | K48: =SUMIFS('PP F.G ROLL'!T:T,'PP F.G ROLL'!$A:$A,'PP ROLL STOCK'!$C48) -> 0 | L48: =+H48-J48 -> 10 | M48: =+I48-K48 -> 547.75 | N48: =IFERROR(VLOOKUP(C48,'[1]MIX SALE ORDER'!$A:$E,4,),"OTHERS") -> OTHERS | O48: =VLOOKUP(C48,'PP F.G ROLL'!A:T,4,0) -> PP | P48: #N/A | Q48: / | R48: =CONCATENATE(F48,Q48,G48,) -> 26/5
A49: 27/5 | C49: =+A49 -> 27/5 | D49: =_xlfn.MAXIFS('PP F.G ROLL'!J:J,'PP F.G ROLL'!A:A,'PP ROLL STOCK'!C49) -> 45870 | E49: {=IFERROR(VLOOKUP(C49,'PP F.G ROLL'!A:T,{2,5,6},0),"-")} -> STOCK | F49: 27 | G49: 5 | H49: =SUMIFS('PP F.G ROLL'!K:K,'PP F.G ROLL'!$A:$A,'PP ROLL STOCK'!$C49) -> 4 | I49: =SUMIFS('PP F.G ROLL'!N:N,'PP F.G ROLL'!$A:$A,'PP ROLL STOCK'!$C49) -> 44.2 | J49: =SUMIFS('PP F.G ROLL'!S:S,'PP F.G ROLL'!$A:$A,'PP ROLL STOCK'!$C49) -> 0 | K49: =SUMIFS('PP F.G ROLL'!T:T,'PP F.G ROLL'!$A:$A,'PP ROLL STOCK'!$C49) -> 0 | L49: =+H49-J49 -> 4 | M49: =+I49-K49 -> 44.2 | N49: =IFERROR(VLOOKUP(C49,'[1]MIX SALE ORDER'!$A:$E,4,),"OTHERS") -> OTHERS | O49: =VLOOKUP(C49,'PP F.G ROLL'!A:T,4,0) -> PP | P49: #N/A | Q49: / | R49: =CONCATENATE(F49,Q49,G49,) -> 27/5
A50: 28/5 | C50: =+A50 -> 28/5 | D50: =_xlfn.MAXIFS('PP F.G ROLL'!J:J,'PP F.G ROLL'!A:A,'PP ROLL STOCK'!C50) -> 45928 | E50: {=IFERROR(VLOOKUP(C50,'PP F.G ROLL'!A:T,{2,5,6},0),"-")} -> STOCK | F50: 28 | G50: 5 | H50: =SUMIFS('PP F.G ROLL'!K:K,'PP F.G ROLL'!$A:$A,'PP ROLL STOCK'!$C50) -> 20 | I50: =SUMIFS('PP F.G ROLL'!N:N,'PP F.G ROLL'!$A:$A,'PP ROLL STOCK'!$C50) -> 1123.07 | J50: =SUMIFS('PP F.G ROLL'!S:S,'PP F.G ROLL'!$A:$A,'PP ROLL STOCK'!$C50) -> 18 | K50: =SUMIFS('PP F.G ROLL'!T:T,'PP F.G ROLL'!$A:$A,'PP ROLL STOCK'!$C50) -> 439.2 | L50: =+H50-J50 -> 2 | M50: =+I50-K50 -> 683.87 | N50: =IFERROR(VLOOKUP(C50,'[1]MIX SALE ORDER'!$A:$E,4,),"OTHERS") -> OTHERS | O50: =VLOOKUP(C50,'PP F.G ROLL'!A:T,4,0) -> PP | P50: #N/A | Q50: / | R50: =CONCATENATE(F50,Q50,G50,) -> 28/5
A51: 28/4 | C51: =+A51 -> 28/4 | D51: =_xlfn.MAXIFS('PP F.G ROLL'!J:J,'PP F.G ROLL'!A:A,'PP ROLL STOCK'!C51) -> 45870 | E51: {=IFERROR(VLOOKUP(C51,'PP F.G ROLL'!A:T,{2,5,6},0),"-")} -> STOCK | F51: 28 | G51: 4 | H51: =SUMIFS('PP F.G ROLL'!K:K,'PP F.G ROLL'!$A:$A,'PP ROLL STOCK'!$C51) -> 1 | I51: =SUMIFS('PP F.G ROLL'!N:N,'PP F.G ROLL'!$A:$A,'PP ROLL STOCK'!$C51) -> 58.2 | J51: =SUMIFS('PP F.G ROLL'!S:S,'PP F.G ROLL'!$A:$A,'PP ROLL STOCK'!$C51) -> 0 | K51: =SUMIFS('PP F.G ROLL'!T:T,'PP F.G ROLL'!$A:$A,'PP ROLL STOCK'!$C51) -> 0 | L51: =+H51-J51 -> 1 | M51: =+I51-K51 -> 58.2 | N51: =IFERROR(VLOOKUP(C51,'[1]MIX SALE ORDER'!$A:$E,4,),"OTHERS") -> OTHERS | O51: =VLOOKUP(C51,'PP F.G ROLL'!A:T,4,0) -> PP | P51: #N/A | Q51: / | R51: =CONCATENATE(F51,Q51,G51,) -> 28/4
A52: 27/6 | C52: =+A52 -> 27/6 | D52: =_xlfn.MAXIFS('PP F.G ROLL'!J:J,'PP F.G ROLL'!A:A,'PP ROLL STOCK'!C52) -> 45870 | E52: {=IFERROR(VLOOKUP(C52,'PP F.G ROLL'!A:T,{2,5,6},0),"-")} -> STOCK | F52: 27 | G52: 6 | H52: =SUMIFS('PP F.G ROLL'!K:K,'PP F.G ROLL'!$A:$A,'PP ROLL STOCK'!$C52) -> 2 | I52: =SUMIFS('PP F.G ROLL'!N:N,'PP F.G ROLL'!$A:$A,'PP ROLL STOCK'!$C52) -> 110.6 | J52: =SUMIFS('PP F.G ROLL'!S:S,'PP F.G ROLL'!$A:$A,'PP ROLL STOCK'!$C52) -> 0 | K52: =SUMIFS('PP F.G ROLL'!T:T,'PP F.G ROLL'!$A:$A,'PP ROLL STOCK'!$C52) -> 0 | L52: =+H52-J52 -> 2 | M52: =+I52-K52 -> 110.6 | N52: =IFERROR(VLOOKUP(C52,'[1]MIX SALE ORDER'!$A:$E,4,),"OTHERS") -> OTHERS | O52: =VLOOKUP(C52,'PP F.G ROLL'!A:T,4,0) -> PP | P52: #N/A | Q52: / | R52: =CONCATENATE(F52,Q52,G52,) -> 27/6
A53: 16/6 | C53: =+A53 -> 16/6 | D53: =_xlfn.MAXIFS('PP F.G ROLL'!J:J,'PP F.G ROLL'!A:A,'PP ROLL STOCK'!C53) -> 45870 | E53: {=IFERROR(VLOOKUP(C53,'PP F.G ROLL'!A:T,{2,5,6},0),"-")} -> STOCK | F53: 16 | G53: 6 | H53: =SUMIFS('PP F.G ROLL'!K:K,'PP F.G ROLL'!$A:$A,'PP ROLL STOCK'!$C53) -> 53 | I53: =SUMIFS('PP F.G ROLL'!N:N,'PP F.G ROLL'!$A:$A,'PP ROLL STOCK'!$C53) -> 1340 | J53: =SUMIFS('PP F.G ROLL'!S:S,'PP F.G ROLL'!$A:$A,'PP ROLL STOCK'!$C53) -> 53 | K53: =SUMIFS('PP F.G ROLL'!T:T,'PP F.G ROLL'!$A:$A,'PP ROLL STOCK'!$C53) -> 1321.4 | L53: =+H53-J53 -> 0 | M53: =+I53-K53 -> 18.6 | N53: =IFERROR(VLOOKUP(C53,'[1]MIX SALE ORDER'!$A:$E,4,),"OTHERS") -> OTHERS | O53: =VLOOKUP(C53,'PP F.G ROLL'!A:T,4,0) -> PP | P53: MKM0001 | Q53: / | R53: =CONCATENATE(F53,Q53,G53,) -> 16/6
A54: 14/10-11 | C54: =+A54 -> 14/10-11 | D54: =_xlfn.MAXIFS('PP F.G ROLL'!J:J,'PP F.G ROLL'!A:A,'PP ROLL STOCK'!C54) -> 45870 | E54: {=IFERROR(VLOOKUP(C54,'PP F.G ROLL'!A:T,{2,5,6},0),"-")} -> STOCK | F54: 14 | G54: 10-11 | H54: =SUMIFS('PP F.G ROLL'!K:K,'PP F.G ROLL'!$A:$A,'PP ROLL STOCK'!$C54) -> 1 | I54: =SUMIFS('PP F.G ROLL'!N:N,'PP F.G ROLL'!$A:$A,'PP ROLL STOCK'!$C54) -> 48.6 | J54: =SUMIFS('PP F.G ROLL'!S:S,'PP F.G ROLL'!$A:$A,'PP ROLL STOCK'!$C54) -> 0 | K54: =SUMIFS('PP F.G ROLL'!T:T,'PP F.G ROLL'!$A:$A,'PP ROLL STOCK'!$C54) -> 0 | L54: =+H54-J54 -> 1 | M54: =+I54-K54 -> 48.6 | N54: =IFERROR(VLOOKUP(C54,'[1]MIX SALE ORDER'!$A:$E,4,),"OTHERS") -> OTHERS | O54: =VLOOKUP(C54,'PP F.G ROLL'!A:T,4,0) -> PP | P54: #N/A | Q54: / | R54: =CONCATENATE(F54,Q54,G54,) -> 14/10-11
A55: 21/6.5 | C55: =+A55 -> 21/6.5 | D55: =_xlfn.MAXIFS('PP F.G ROLL'!J:J,'PP F.G ROLL'!A:A,'PP ROLL STOCK'!C55) -> 45870 | E55: {=IFERROR(VLOOKUP(C55,'PP F.G ROLL'!A:T,{2,5,6},0),"-")} -> STOCK | F55: 21 | G55: 6.5 | H55: =SUMIFS('PP F.G ROLL'!K:K,'PP F.G ROLL'!$A:$A,'PP ROLL STOCK'!$C55) -> 2 | I55: =SUMIFS('PP F.G ROLL'!N:N,'PP F.G ROLL'!$A:$A,'PP ROLL STOCK'!$C55) -> 108.8 | J55: =SUMIFS('PP F.G ROLL'!S:S,'PP F.G ROLL'!$A:$A,'PP ROLL STOCK'!$C55) -> 0 | K55: =SUMIFS('PP F.G ROLL'!T:T,'PP F.G ROLL'!$A:$A,'PP ROLL STOCK'!$C55) -> 0 | L55: =+H55-J55 -> 2 | M55: =+I55-K55 -> 108.8 | N55: =IFERROR(VLOOKUP(C55,'[1]MIX SALE ORDER'!$A:$E,4,),"OTHERS") -> OTHERS | O55: =VLOOKUP(C55,'PP F.G ROLL'!A:T,4,0) -> PP | P55: #N/A | Q55: / | R55: =CONCATENATE(F55,Q55,G55,) -> 21/6.5
A56: 23/5 | C56: =+A56 -> 23/5 | D56: =_xlfn.MAXIFS('PP F.G ROLL'!J:J,'PP F.G ROLL'!A:A,'PP ROLL STOCK'!C56) -> 45910 | E56: {=IFERROR(VLOOKUP(C56,'PP F.G ROLL'!A:T,{2,5,6},0),"-")} -> STOCK | F56: 23 | G56: 5 | H56: =SUMIFS('PP F.G ROLL'!K:K,'PP F.G ROLL'!$A:$A,'PP ROLL STOCK'!$C56) -> 6 | I56: =SUMIFS('PP F.G ROLL'!N:N,'PP F.G ROLL'!$A:$A,'PP ROLL STOCK'!$C56) -> 270.04 | J56: =SUMIFS('PP F.G ROLL'!S:S,'PP F.G ROLL'!$A:$A,'PP ROLL STOCK'!$C56) -> 8 | K56: =SUMIFS('PP F.G ROLL'!T:T,'PP F.G ROLL'!$A:$A,'PP ROLL STOCK'!$C56) -> 204.9 | L56: =+H56-J56 -> -2 | M56: =+I56-K56 -> 65.14 | N56: =IFERROR(VLOOKUP(C56,'[1]MIX SALE ORDER'!$A:$E,4,),"OTHERS") -> OTHERS | O56: =VLOOKUP(C56,'PP F.G ROLL'!A:T,4,0) -> PP | P56: #N/A | Q56: / | R56: =CONCATENATE(F56,Q56,G56,) -> 23/5
A57: 8/8 | C57: =+A57 -> 8/8 | D57: =_xlfn.MAXIFS('PP F.G ROLL'!J:J,'PP F.G ROLL'!A:A,'PP ROLL STOCK'!C57) -> 45870 | E57: {=IFERROR(VLOOKUP(C57,'PP F.G ROLL'!A:T,{2,5,6},0),"-")} -> STOCK | F57: 8 | G57: 8 | H57: =SUMIFS('PP F.G ROLL'!K:K,'PP F.G ROLL'!$A:$A,'PP ROLL STOCK'!$C57) -> 1 | I57: =SUMIFS('PP F.G ROLL'!N:N,'PP F.G ROLL'!$A:$A,'PP ROLL STOCK'!$C57) -> 33.2 | J57: =SUMIFS('PP F.G ROLL'!S:S,'PP F.G ROLL'!$A:$A,'PP ROLL STOCK'!$C57) -> 0 | K57: =SUMIFS('PP F.G ROLL'!T:T,'PP F.G ROLL'!$A:$A,'PP ROLL STOCK'!$C57) -> 0 | L57: =+H57-J57 -> 1 | M57: =+I57-K57 -> 33.2 | N57: =IFERROR(VLOOKUP(C57,'[1]MIX SALE ORDER'!$A:$E,4,),"OTHERS") -> OTHERS | O57: =VLOOKUP(C57,'PP F.G ROLL'!A:T,4,0) -> PP | P57: #N/A | Q57: / | R57: =CONCATENATE(F57,Q57,G57,) -> 8/8
A58: 5/4.5 | C58: =+A58 -> 5/4.5 | D58: =_xlfn.MAXIFS('PP F.G ROLL'!J:J,'PP F.G ROLL'!A:A,'PP ROLL STOCK'!C58) -> 45924 | E58: {=IFERROR(VLOOKUP(C58,'PP F.G ROLL'!A:T,{2,5,6},0),"-")} -> STOCK | F58: 5 | G58: 4.5 | H58: =SUMIFS('PP F.G ROLL'!K:K,'PP F.G ROLL'!$A:$A,'PP ROLL STOCK'!$C58) -> 48 | I58: =SUMIFS('PP F.G ROLL'!N:N,'PP F.G ROLL'!$A:$A,'PP ROLL STOCK'!$C58) -> 754.94 | J58: =SUMIFS('PP F.G ROLL'!S:S,'PP F.G ROLL'!$A:$A,'PP ROLL STOCK'!$C58) -> 0 | K58: =SUMIFS('PP F.G ROLL'!T:T,'PP F.G ROLL'!$A:$A,'PP ROLL STOCK'!$C58) -> 0 | L58: =+H58-J58 -> 48 | M58: =+I58-K58 -> 754.94 | N58: =IFERROR(VLOOKUP(C58,'[1]MIX SALE ORDER'!$A:$E,4,),"OTHERS") -> OTHERS | O58: =VLOOKUP(C58,'PP F.G ROLL'!A:T,4,0) -> PP | P58: #N/A | Q58: / | R58: =CONCATENATE(F58,Q58,G58,) -> 5/4.5
A59: 4.5/4.5-5 | C59: =+A59 -> 4.5/4.5-5 | D59: =_xlfn.MAXIFS('PP F.G ROLL'!J:J,'PP F.G ROLL'!A:A,'PP ROLL STOCK'!C59) -> 45870 | E59: {=IFERROR(VLOOKUP(C59,'PP F.G ROLL'!A:T,{2,5,6},0),"-")} -> STOCK | F59: 4.5 | G59: 4.5-5 | H59: =SUMIFS('PP F.G ROLL'!K:K,'PP F.G ROLL'!$A:$A,'PP ROLL STOCK'!$C59) -> 6 | I59: =SUMIFS('PP F.G ROLL'!N:N,'PP F.G ROLL'!$A:$A,'PP ROLL STOCK'!$C59) -> 60 | J59: =SUMIFS('PP F.G ROLL'!S:S,'PP F.G ROLL'!$A:$A,'PP ROLL STOCK'!$C59) -> 0 | K59: =SUMIFS('PP F.G ROLL'!T:T,'PP F.G ROLL'!$A:$A,'PP ROLL STOCK'!$C59) -> 0 | L59: =+H59-J59 -> 6 | M59: =+I59-K59 -> 60 | N59: =IFERROR(VLOOKUP(C59,'[1]MIX SALE ORDER'!$A:$E,4,),"OTHERS") -> OTHERS | O59: =VLOOKUP(C59,'PP F.G ROLL'!A:T,4,0) -> PP | P59: #N/A | Q59: / | R59: =CONCATENATE(F59,Q59,G59,) -> 4.5/4.5-5
A60: 3.5/5.5-6 | C60: =+A60 -> 3.5/5.5-6 | D60: =_xlfn.MAXIFS('PP F.G ROLL'!J:J,'PP F.G ROLL'!A:A,'PP ROLL STOCK'!C60) -> 45919 | E60: {=IFERROR(VLOOKUP(C60,'PP F.G ROLL'!A:T,{2,5,6},0),"-")} -> جیلانی پولی سٹاک | F60: 3.5 | G60: 5.5-6 | H60: =SUMIFS('PP F.G ROLL'!K:K,'PP F.G ROLL'!$A:$A,'PP ROLL STOCK'!$C60) -> 79 | I60: =SUMIFS('PP F.G ROLL'!N:N,'PP F.G ROLL'!$A:$A,'PP ROLL STOCK'!$C60) -> 1091.65 | J60: =SUMIFS('PP F.G ROLL'!S:S,'PP F.G ROLL'!$A:$A,'PP ROLL STOCK'!$C60) -> 0 | K60: =SUMIFS('PP F.G ROLL'!T:T,'PP F.G ROLL'!$A:$A,'PP ROLL STOCK'!$C60) -> 0 | L60: =+H60-J60 -> 79 | M60: =+I60-K60 -> 1091.65 | N60: =IFERROR(VLOOKUP(C60,'[1]MIX SALE ORDER'!$A:$E,4,),"OTHERS") -> OTHERS | O60: =VLOOKUP(C60,'PP F.G ROLL'!A:T,4,0) -> PP | P60: #N/A | Q60: / | R60: =CONCATENATE(F60,Q60,G60,) -> 3.5/5.5-6
A61: 20/6 | C61: =+A61 -> 20/6 | D61: =_xlfn.MAXIFS('PP F.G ROLL'!J:J,'PP F.G ROLL'!A:A,'PP ROLL STOCK'!C61) -> 45902 | E61: {=IFERROR(VLOOKUP(C61,'PP F.G ROLL'!A:T,{2,5,6},0),"-")} -> العمر پلاسٹک گوجرانوالہ | F61: 20 | G61: 6 | H61: =SUMIFS('PP F.G ROLL'!K:K,'PP F.G ROLL'!$A:$A,'PP ROLL STOCK'!$C61) -> 42 | I61: =SUMIFS('PP F.G ROLL'!N:N,'PP F.G ROLL'!$A:$A,'PP ROLL STOCK'!$C61) -> 1067.9 | J61: =SUMIFS('PP F.G ROLL'!S:S,'PP F.G ROLL'!$A:$A,'PP ROLL STOCK'!$C61) -> 42 | K61: =SUMIFS('PP F.G ROLL'!T:T,'PP F.G ROLL'!$A:$A,'PP ROLL STOCK'!$C61) -> 1067.9 | L61: =+H61-J61 -> 0 | M61: =+I61-K61 -> 0 | N61: =IFERROR(VLOOKUP(C61,'[1]MIX SALE ORDER'!$A:$E,4,),"OTHERS") -> OTHERS | O61: =VLOOKUP(C61,'PP F.G ROLL'!A:T,4,0) -> PP | P61: #N/A | Q61: / | R61: =CONCATENATE(F61,Q61,G61,) -> 20/6
A62: 10/8 | C62: =+A62 -> 10/8 | D62: =_xlfn.MAXIFS('PP F.G ROLL'!J:J,'PP F.G ROLL'!A:A,'PP ROLL STOCK'!C62) -> 45927 | E62: {=IFERROR(VLOOKUP(C62,'PP F.G ROLL'!A:T,{2,5,6},0),"-")} -> بلال ازعظم مال کینٹ | F62: 10 | G62: 8 | H62: =SUMIFS('PP F.G ROLL'!K:K,'PP F.G ROLL'!$A:$A,'PP ROLL STOCK'!$C62) -> 8 | I62: =SUMIFS('PP F.G ROLL'!N:N,'PP F.G ROLL'!$A:$A,'PP ROLL STOCK'!$C62) -> 225.86 | J62: =SUMIFS('PP F.G ROLL'!S:S,'PP F.G ROLL'!$A:$A,'PP ROLL STOCK'!$C62) -> 8 | K62: =SUMIFS('PP F.G ROLL'!T:T,'PP F.G ROLL'!$A:$A,'PP ROLL STOCK'!$C62) -> 221.2 | L62: =+H62-J62 -> 0 | M62: =+I62-K62 -> 4.66 | N62: =IFERROR(VLOOKUP(C62,'[1]MIX SALE ORDER'!$A:$E,4,),"OTHERS") -> OTHERS | O62: =VLOOKUP(C62,'PP F.G ROLL'!A:T,4,0) -> PP | P62: #N/A | Q62: / | R62: =CONCATENATE(F62,Q62,G62,) -> 10/8
A63: 22/6 | C63: =+A63 -> 22/6 | D63: =_xlfn.MAXIFS('PP F.G ROLL'!J:J,'PP F.G ROLL'!A:A,'PP ROLL STOCK'!C63) -> 45870 | E63: {=IFERROR(VLOOKUP(C63,'PP F.G ROLL'!A:T,{2,5,6},0),"-")} -> STOCK | F63: 22 | G63: 6 | H63: =SUMIFS('PP F.G ROLL'!K:K,'PP F.G ROLL'!$A:$A,'PP ROLL STOCK'!$C63) -> 10 | I63: =SUMIFS('PP F.G ROLL'!N:N,'PP F.G ROLL'!$A:$A,'PP ROLL STOCK'!$C63) -> 266.9 | J63: =SUMIFS('PP F.G ROLL'!S:S,'PP F.G ROLL'!$A:$A,'PP ROLL STOCK'!$C63) -> 10 | K63: =SUMIFS('PP F.G ROLL'!T:T,'PP F.G ROLL'!$A:$A,'PP ROLL STOCK'!$C63) -> 251.3 | L63: =+H63-J63 -> 0 | M63: =+I63-K63 -> 15.6 | N63: =IFERROR(VLOOKUP(C63,'[1]MIX SALE ORDER'!$A:$E,4,),"OTHERS") -> OTHERS | O63: =VLOOKUP(C63,'PP F.G ROLL'!A:T,4,0) -> PP | P63: MKM0904 | Q63: / | R63: =CONCATENATE(F63,Q63,G63,) -> 22/6
A64: 4/5 | C64: =+A64 -> 4/5 | D64: =_xlfn.MAXIFS('PP F.G ROLL'!J:J,'PP F.G ROLL'!A:A,'PP ROLL STOCK'!C64) -> 45930 | E64: {=IFERROR(VLOOKUP(C64,'PP F.G ROLL'!A:T,{2,5,6},0),"-")} -> STOCK | F64: 4 | G64: 5 | H64: =SUMIFS('PP F.G ROLL'!K:K,'PP F.G ROLL'!$A:$A,'PP ROLL STOCK'!$C64) -> 172 | I64: =SUMIFS('PP F.G ROLL'!N:N,'PP F.G ROLL'!$A:$A,'PP ROLL STOCK'!$C64) -> 3680.19 | J64: =SUMIFS('PP F.G ROLL'!S:S,'PP F.G ROLL'!$A:$A,'PP ROLL STOCK'!$C64) -> 172 | K64: =SUMIFS('PP F.G ROLL'!T:T,'PP F.G ROLL'!$A:$A,'PP ROLL STOCK'!$C64) -> 3680.19 | L64: =+H64-J64 -> 0 | M64: =+I64-K64 -> 0 | N64: =IFERROR(VLOOKUP(C64,'[1]MIX SALE ORDER'!$A:$E,4,),"OTHERS") -> OTHERS | O64: =VLOOKUP(C64,'PP F.G ROLL'!A:T,4,0) -> PP | P64: FGPTPPR000027 | Q64: / | R64: =CONCATENATE(F64,Q64,G64,) -> 4/5
A65: 2.5/5 | C65: =+A65 -> 2.5/5 | D65: =_xlfn.MAXIFS('PP F.G ROLL'!J:J,'PP F.G ROLL'!A:A,'PP ROLL STOCK'!C65) -> 45930 | E65: {=IFERROR(VLOOKUP(C65,'PP F.G ROLL'!A:T,{2,5,6},0),"-")} -> STOCK | F65: 2.5 | G65: 5 | H65: =SUMIFS('PP F.G ROLL'!K:K,'PP F.G ROLL'!$A:$A,'PP ROLL STOCK'!$C65) -> 120 | I65: =SUMIFS('PP F.G ROLL'!N:N,'PP F.G ROLL'!$A:$A,'PP ROLL STOCK'!$C65) -> 2870.72 | J65: =SUMIFS('PP F.G ROLL'!S:S,'PP F.G ROLL'!$A:$A,'PP ROLL STOCK'!$C65) -> 120 | K65: =SUMIFS('PP F.G ROLL'!T:T,'PP F.G ROLL'!$A:$A,'PP ROLL STOCK'!$C65) -> 2870.72 | L65: =+H65-J65 -> 0 | M65: =+I65-K65 -> 0 | N65: =IFERROR(VLOOKUP(C65,'[1]MIX SALE ORDER'!$A:$E,4,),"OTHERS") -> OTHERS | O65: =VLOOKUP(C65,'PP F.G ROLL'!A:T,4,0) -> PP | P65: FGPTPPR000026 | Q65: / | R65: =CONCATENATE(F65,Q65,G65,) -> 2.5/5
A66: 11/7 | C66: =+A66 -> 11/7 | D66: =_xlfn.MAXIFS('PP F.G ROLL'!J:J,'PP F.G ROLL'!A:A,'PP ROLL STOCK'!C66) -> 45927 | E66: {=IFERROR(VLOOKUP(C66,'PP F.G ROLL'!A:T,{2,5,6},0),"-")} -> STOCK | F66: 11 | G66: 7 | H66: =SUMIFS('PP F.G ROLL'!K:K,'PP F.G ROLL'!$A:$A,'PP ROLL STOCK'!$C66) -> 6 | I66: =SUMIFS('PP F.G ROLL'!N:N,'PP F.G ROLL'!$A:$A,'PP ROLL STOCK'!$C66) -> 202.54 | J66: =SUMIFS('PP F.G ROLL'!S:S,'PP F.G ROLL'!$A:$A,'PP ROLL STOCK'!$C66) -> 4 | K66: =SUMIFS('PP F.G ROLL'!T:T,'PP F.G ROLL'!$A:$A,'PP ROLL STOCK'!$C66) -> 92.9 | L66: =+H66-J66 -> 2 | M66: =+I66-K66 -> 109.64 | N66: =IFERROR(VLOOKUP(C66,'[1]MIX SALE ORDER'!$A:$E,4,),"OTHERS") -> OTHERS | O66: =VLOOKUP(C66,'PP F.G ROLL'!A:T,4,0) -> PP | P66: #N/A | Q66: / | R66: =CONCATENATE(F66,Q66,G66,) -> 11/7
A67: 13/7 | C67: =+A67 -> 13/7 | D67: =_xlfn.MAXIFS('PP F.G ROLL'!J:J,'PP F.G ROLL'!A:A,'PP ROLL STOCK'!C67) -> 45920 | E67: {=IFERROR(VLOOKUP(C67,'PP F.G ROLL'!A:T,{2,5,6},0),"-")} -> STOCK | F67: 13 | G67: 7 | H67: =SUMIFS('PP F.G ROLL'!K:K,'PP F.G ROLL'!$A:$A,'PP ROLL STOCK'!$C67) -> 15 | I67: =SUMIFS('PP F.G ROLL'!N:N,'PP F.G ROLL'!$A:$A,'PP ROLL STOCK'!$C67) -> 654.04 | J67: =SUMIFS('PP F.G ROLL'!S:S,'PP F.G ROLL'!$A:$A,'PP ROLL STOCK'!$C67) -> 25 | K67: =SUMIFS('PP F.G ROLL'!T:T,'PP F.G ROLL'!$A:$A,'PP ROLL STOCK'!$C67) -> 605.2 | L67: =+H67-J67 -> -10 | M67: =+I67-K67 -> 48.84 | N67: =IFERROR(VLOOKUP(C67,'[1]MIX SALE ORDER'!$A:$E,4,),"OTHERS") -> OTHERS | O67: =VLOOKUP(C67,'PP F.G ROLL'!A:T,4,0) -> PP | P67: #N/A | Q67: / | R67: =CONCATENATE(F67,Q67,G67,) -> 13/7
A68: 4.5/5 | C68: =+A68 -> 4.5/5 | D68: =_xlfn.MAXIFS('PP F.G ROLL'!J:J,'PP F.G ROLL'!A:A,'PP ROLL STOCK'!C68) -> 45930 | E68: {=IFERROR(VLOOKUP(C68,'PP F.G ROLL'!A:T,{2,5,6},0),"-")} -> بلال سویاں سرگودھا | F68: 4.5 | G68: 5 | H68: =SUMIFS('PP F.G ROLL'!K:K,'PP F.G ROLL'!$A:$A,'PP ROLL STOCK'!$C68) -> 10 | I68: =SUMIFS('PP F.G ROLL'!N:N,'PP F.G ROLL'!$A:$A,'PP ROLL STOCK'!$C68) -> 217 | J68: =SUMIFS('PP F.G ROLL'!S:S,'PP F.G ROLL'!$A:$A,'PP ROLL STOCK'!$C68) -> 10 | K68: =SUMIFS('PP F.G ROLL'!T:T,'PP F.G ROLL'!$A:$A,'PP ROLL STOCK'!$C68) -> 217 | L68: =+H68-J68 -> 0 | M68: =+I68-K68 -> 0 | N68: =IFERROR(VLOOKUP(C68,'[1]MIX SALE ORDER'!$A:$E,4,),"OTHERS") -> OTHERS | O68: =VLOOKUP(C68,'PP F.G ROLL'!A:T,4,0) -> PP | P68: #N/A | Q68: / | R68: =CONCATENATE(F68,Q68,G68,) -> 4.5/5
A69: 3.5/4.5 | C69: =+A69 -> 3.5/4.5 | D69: =_xlfn.MAXIFS('PP F.G ROLL'!J:J,'PP F.G ROLL'!A:A,'PP ROLL STOCK'!C69) -> 45918 | E69: {=IFERROR(VLOOKUP(C69,'PP F.G ROLL'!A:T,{2,5,6},0),"-")} -> اصف پلاسٹک سرگودھا | F69: 3.5 | G69: 4.5 | H69: =SUMIFS('PP F.G ROLL'!K:K,'PP F.G ROLL'!$A:$A,'PP ROLL STOCK'!$C69) -> 40 | I69: =SUMIFS('PP F.G ROLL'!N:N,'PP F.G ROLL'!$A:$A,'PP ROLL STOCK'!$C69) -> 517.67 | J69: =SUMIFS('PP F.G ROLL'!S:S,'PP F.G ROLL'!$A:$A,'PP ROLL STOCK'!$C69) -> 15 | K69: =SUMIFS('PP F.G ROLL'!T:T,'PP F.G ROLL'!$A:$A,'PP ROLL STOCK'!$C69) -> 320.9 | L69: =+H69-J69 -> 25 | M69: =+I69-K69 -> 196.77 | N69: =IFERROR(VLOOKUP(C69,'[1]MIX SALE ORDER'!$A:$E,4,),"OTHERS") -> OTHERS | O69: =VLOOKUP(C69,'PP F.G ROLL'!A:T,4,0) -> PP | P69: #N/A | Q69: / | R69: =CONCATENATE(F69,Q69,G69,) -> 3.5/4.5
A70: 21/24 | C70: =+A70 -> 21/24 | D70: =_xlfn.MAXIFS('PP F.G ROLL'!J:J,'PP F.G ROLL'!A:A,'PP ROLL STOCK'!C70) -> 45902 | E70: {=IFERROR(VLOOKUP(C70,'PP F.G ROLL'!A:T,{2,5,6},0),"-")} -> Usman Amin | F70: 21 | G70: 24 | H70: =SUMIFS('PP F.G ROLL'!K:K,'PP F.G ROLL'!$A:$A,'PP ROLL STOCK'!$C70) -> 12 | I70: =SUMIFS('PP F.G ROLL'!N:N,'PP F.G ROLL'!$A:$A,'PP ROLL STOCK'!$C70) -> 515.8 | J70: =SUMIFS('PP F.G ROLL'!S:S,'PP F.G ROLL'!$A:$A,'PP ROLL STOCK'!$C70) -> 0 | K70: =SUMIFS('PP F.G ROLL'!T:T,'PP F.G ROLL'!$A:$A,'PP ROLL STOCK'!$C70) -> 0 | L70: =+H70-J70 -> 12 | M70: =+I70-K70 -> 515.8 | N70: =IFERROR(VLOOKUP(C70,'[1]MIX SALE ORDER'!$A:$E,4,),"OTHERS") -> OTHERS | O70: =VLOOKUP(C70,'PP F.G ROLL'!A:T,4,0) -> PP | P70: #N/A | Q70: / | R70: =CONCATENATE(F70,Q70,G70,) -> 21/24
A71: 17/5.5-6 | C71: =+A71 -> 17/5.5-6 | D71: =_xlfn.MAXIFS('PP F.G ROLL'!J:J,'PP F.G ROLL'!A:A,'PP ROLL STOCK'!C71) -> 45929 | E71: {=IFERROR(VLOOKUP(C71,'PP F.G ROLL'!A:T,{2,5,6},0),"-")} -> ریفلیکٹ پیک لاہور | F71: 17 | G71: 5.5-6 | H71: =SUMIFS('PP F.G ROLL'!K:K,'PP F.G ROLL'!$A:$A,'PP ROLL STOCK'!$C71) -> 347 | I71: =SUMIFS('PP F.G ROLL'!N:N,'PP F.G ROLL'!$A:$A,'PP ROLL STOCK'!$C71) -> 17430.42 | J71: =SUMIFS('PP F.G ROLL'!S:S,'PP F.G ROLL'!$A:$A,'PP ROLL STOCK'!$C71) -> 536 | K71: =SUMIFS('PP F.G ROLL'!T:T,'PP F.G ROLL'!$A:$A,'PP ROLL STOCK'!$C71) -> 16037.14 | L71: =+H71-J71 -> -189 | M71: =+I71-K71 -> 1393.28 | N71: =IFERROR(VLOOKUP(C71,'[1]MIX SALE ORDER'!$A:$E,4,),"OTHERS") -> OTHERS | O71: =VLOOKUP(C71,'PP F.G ROLL'!A:T,4,0) -> PP | P71: #N/A | Q71: / | R71: =CONCATENATE(F71,Q71,G71,) -> 17/5.5-6
A72: 20/10 | C72: =+A72 -> 20/10 | D72: =_xlfn.MAXIFS('PP F.G ROLL'!J:J,'PP F.G ROLL'!A:A,'PP ROLL STOCK'!C72) -> 45903 | E72: {=IFERROR(VLOOKUP(C72,'PP F.G ROLL'!A:T,{2,5,6},0),"-")} -> Usman Arif Butt Gujranwala | F72: 20 | G72: 10 | H72: =SUMIFS('PP F.G ROLL'!K:K,'PP F.G ROLL'!$A:$A,'PP ROLL STOCK'!$C72) -> 6 | I72: =SUMIFS('PP F.G ROLL'!N:N,'PP F.G ROLL'!$A:$A,'PP ROLL STOCK'!$C72) -> 298.32 | J72: =SUMIFS('PP F.G ROLL'!S:S,'PP F.G ROLL'!$A:$A,'PP ROLL STOCK'!$C72) -> 0 | K72: =SUMIFS('PP F.G ROLL'!T:T,'PP F.G ROLL'!$A:$A,'PP ROLL STOCK'!$C72) -> 0 | L72: =+H72-J72 -> 6 | M72: =+I72-K72 -> 298.32 | N72: =IFERROR(VLOOKUP(C72,'[1]MIX SALE ORDER'!$A:$E,4,),"OTHERS") -> OTHERS | O72: =VLOOKUP(C72,'PP F.G ROLL'!A:T,4,0) -> PP | P72: #N/A | Q72: / | R72: =CONCATENATE(F72,Q72,G72,) -> 20/10
A73: 19/7 | C73: =+A73 -> 19/7 | D73: =_xlfn.MAXIFS('PP F.G ROLL'!J:J,'PP F.G ROLL'!A:A,'PP ROLL STOCK'!C73) -> 45926 | E73: {=IFERROR(VLOOKUP(C73,'PP F.G ROLL'!A:T,{2,5,6},0),"-")} -> ایم عمران پاکستان مارکیٹ | F73: 19 | G73: 7 | H73: =SUMIFS('PP F.G ROLL'!K:K,'PP F.G ROLL'!$A:$A,'PP ROLL STOCK'!$C73) -> 20 | I73: =SUMIFS('PP F.G ROLL'!N:N,'PP F.G ROLL'!$A:$A,'PP ROLL STOCK'!$C73) -> 809.97 | J73: =SUMIFS('PP F.G ROLL'!S:S,'PP F.G ROLL'!$A:$A,'PP ROLL STOCK'!$C73) -> 13 | K73: =SUMIFS('PP F.G ROLL'!T:T,'PP F.G ROLL'!$A:$A,'PP ROLL STOCK'!$C73) -> 327.5 | L73: =+H73-J73 -> 7 | M73: =+I73-K73 -> 482.47 | N73: =IFERROR(VLOOKUP(C73,'[1]MIX SALE ORDER'!$A:$E,4,),"OTHERS") -> OTHERS | O73: =VLOOKUP(C73,'PP F.G ROLL'!A:T,4,0) -> PP | P73: #N/A | Q73: / | R73: =CONCATENATE(F73,Q73,G73,) -> 19/7
A74: 23/7 | C74: =+A74 -> 23/7 | D74: =_xlfn.MAXIFS('PP F.G ROLL'!J:J,'PP F.G ROLL'!A:A,'PP ROLL STOCK'!C74) -> 45903 | E74: {=IFERROR(VLOOKUP(C74,'PP F.G ROLL'!A:T,{2,5,6},0),"-")} -> ایم عمران پاکستان مارکیٹ | F74: 23 | G74: 7 | H74: =SUMIFS('PP F.G ROLL'!K:K,'PP F.G ROLL'!$A:$A,'PP ROLL STOCK'!$C74) -> 12 | I74: =SUMIFS('PP F.G ROLL'!N:N,'PP F.G ROLL'!$A:$A,'PP ROLL STOCK'!$C74) -> 497.89 | J74: =SUMIFS('PP F.G ROLL'!S:S,'PP F.G ROLL'!$A:$A,'PP ROLL STOCK'!$C74) -> 7 | K74: =SUMIFS('PP F.G ROLL'!T:T,'PP F.G ROLL'!$A:$A,'PP ROLL STOCK'!$C74) -> 292.89 | L74: =+H74-J74 -> 5 | M74: =+I74-K74 -> 205 | N74: =IFERROR(VLOOKUP(C74,'[1]MIX SALE ORDER'!$A:$E,4,),"OTHERS") -> OTHERS | O74: =VLOOKUP(C74,'PP F.G ROLL'!A:T,4,0) -> PP | P74: FGPTPPR000022 | Q74: / | R74: =CONCATENATE(F74,Q74,G74,) -> 23/7
A75: 28/5-5.5 | C75: =+A75 -> 28/5-5.5 | D75: =_xlfn.MAXIFS('PP F.G ROLL'!J:J,'PP F.G ROLL'!A:A,'PP ROLL STOCK'!C75) -> 45929 | E75: {=IFERROR(VLOOKUP(C75,'PP F.G ROLL'!A:T,{2,5,6},0),"-")} -> Jilani plastic | F75: 28 | G75: 5-5.5 | H75: =SUMIFS('PP F.G ROLL'!K:K,'PP F.G ROLL'!$A:$A,'PP ROLL STOCK'!$C75) -> 40 | I75: =SUMIFS('PP F.G ROLL'!N:N,'PP F.G ROLL'!$A:$A,'PP ROLL STOCK'!$C75) -> 2193.65 | J75: =SUMIFS('PP F.G ROLL'!S:S,'PP F.G ROLL'!$A:$A,'PP ROLL STOCK'!$C75) -> 34 | K75: =SUMIFS('PP F.G ROLL'!T:T,'PP F.G ROLL'!$A:$A,'PP ROLL STOCK'!$C75) -> 1900.4 | L75: =+H75-J75 -> 6 | M75: =+I75-K75 -> 293.25 | N75: =IFERROR(VLOOKUP(C75,'[1]MIX SALE ORDER'!$A:$E,4,),"OTHERS") -> OTHERS | O75: =VLOOKUP(C75,'PP F.G ROLL'!A:T,4,0) -> PP | P75: #N/A | Q75: / | R75: =CONCATENATE(F75,Q75,G75,) -> 28/5-5.5
A76: 2/5 | C76: =+A76 -> 2/5 | D76: =_xlfn.MAXIFS('PP F.G ROLL'!J:J,'PP F.G ROLL'!A:A,'PP ROLL STOCK'!C76) -> 45907 | E76: {=IFERROR(VLOOKUP(C76,'PP F.G ROLL'!A:T,{2,5,6},0),"-")} -> STOCK | F76: 2 | G76: 5 | H76: =SUMIFS('PP F.G ROLL'!K:K,'PP F.G ROLL'!$A:$A,'PP ROLL STOCK'!$C76) -> 97 | I76: =SUMIFS('PP F.G ROLL'!N:N,'PP F.G ROLL'!$A:$A,'PP ROLL STOCK'!$C76) -> 1315.4 | J76: =SUMIFS('PP F.G ROLL'!S:S,'PP F.G ROLL'!$A:$A,'PP ROLL STOCK'!$C76) -> 57 | K76: =SUMIFS('PP F.G ROLL'!T:T,'PP F.G ROLL'!$A:$A,'PP ROLL STOCK'!$C76) -> 1147.59 | L76: =+H76-J76 -> 40 | M76: =+I76-K76 -> 167.81 | N76: =IFERROR(VLOOKUP(C76,'[1]MIX SALE ORDER'!$A:$E,4,),"OTHERS") -> OTHERS | O76: =VLOOKUP(C76,'PP F.G ROLL'!A:T,4,0) -> PP | P76: FGPTPPR000025 | Q76: / | R76: =CONCATENATE(F76,Q76,G76,) -> 2/5
A77: 18/4.5 | C77: =+A77 -> 18/4.5 | D77: =_xlfn.MAXIFS('PP F.G ROLL'!J:J,'PP F.G ROLL'!A:A,'PP ROLL STOCK'!C77) -> 45930 | E77: {=IFERROR(VLOOKUP(C77,'PP F.G ROLL'!A:T,{2,5,6},0),"-")} -> اصف پلاسٹک سرگودھا | F77: 18 | G77: 4.5 | H77: =SUMIFS('PP F.G ROLL'!K:K,'PP F.G ROLL'!$A:$A,'PP ROLL STOCK'!$C77) -> 4 | I77: =SUMIFS('PP F.G ROLL'!N:N,'PP F.G ROLL'!$A:$A,'PP ROLL STOCK'!$C77) -> 100 | J77: =SUMIFS('PP F.G ROLL'!S:S,'PP F.G ROLL'!$A:$A,'PP ROLL STOCK'!$C77) -> 4 | K77: =SUMIFS('PP F.G ROLL'!T:T,'PP F.G ROLL'!$A:$A,'PP ROLL STOCK'!$C77) -> 100 | L77: =+H77-J77 -> 0 | M77: =+I77-K77 -> 0 | N77: =IFERROR(VLOOKUP(C77,'[1]MIX SALE ORDER'!$A:$E,4,),"OTHERS") -> OTHERS | O77: =VLOOKUP(C77,'PP F.G ROLL'!A:T,4,0) -> PP | P77: #N/A | Q77: / | R77: =CONCATENATE(F77,Q77,G77,) -> 18/4.5
A78: 26/8.5-9 | C78: =+A78 -> 26/8.5-9 | D78: =_xlfn.MAXIFS('PP F.G ROLL'!J:J,'PP F.G ROLL'!A:A,'PP ROLL STOCK'!C78) -> 45901 | E78: {=IFERROR(VLOOKUP(C78,'PP F.G ROLL'!A:T,{2,5,6},0),"-")} -> Atlas Honda LTD (SKP) | F78: 26 | G78: 8.5-9 | H78: =SUMIFS('PP F.G ROLL'!K:K,'PP F.G ROLL'!$A:$A,'PP ROLL STOCK'!$C78) -> 5 | I78: =SUMIFS('PP F.G ROLL'!N:N,'PP F.G ROLL'!$A:$A,'PP ROLL STOCK'!$C78) -> 213.96 | J78: =SUMIFS('PP F.G ROLL'!S:S,'PP F.G ROLL'!$A:$A,'PP ROLL STOCK'!$C78) -> 4 | K78: =SUMIFS('PP F.G ROLL'!T:T,'PP F.G ROLL'!$A:$A,'PP ROLL STOCK'!$C78) -> 115.5 | L78: =+H78-J78 -> 1 | M78: =+I78-K78 -> 98.46 | N78: =IFERROR(VLOOKUP(C78,'[1]MIX SALE ORDER'!$A:$E,4,),"OTHERS") -> OTHERS | O78: =VLOOKUP(C78,'PP F.G ROLL'!A:T,4,0) -> PP | P78: #N/A | Q78: / | R78: =CONCATENATE(F78,Q78,G78,) -> 26/8.5-9
A79: 18/6 | C79: =+A79 -> 18/6 | D79: =_xlfn.MAXIFS('PP F.G ROLL'!J:J,'PP F.G ROLL'!A:A,'PP ROLL STOCK'!C79) -> 45904 | E79: {=IFERROR(VLOOKUP(C79,'PP F.G ROLL'!A:T,{2,5,6},0),"-")} -> العمر پلاسٹک گوجرانوالہ | F79: 18 | G79: 6 | H79: =SUMIFS('PP F.G ROLL'!K:K,'PP F.G ROLL'!$A:$A,'PP ROLL STOCK'!$C79) -> 6 | I79: =SUMIFS('PP F.G ROLL'!N:N,'PP F.G ROLL'!$A:$A,'PP ROLL STOCK'!$C79) -> 268.16 | J79: =SUMIFS('PP F.G ROLL'!S:S,'PP F.G ROLL'!$A:$A,'PP ROLL STOCK'!$C79) -> 0 | K79: =SUMIFS('PP F.G ROLL'!T:T,'PP F.G ROLL'!$A:$A,'PP ROLL STOCK'!$C79) -> 0 | L79: =+H79-J79 -> 6 | M79: =+I79-K79 -> 268.16 | N79: =IFERROR(VLOOKUP(C79,'[1]MIX SALE ORDER'!$A:$E,4,),"OTHERS") -> OTHERS | O79: =VLOOKUP(C79,'PP F.G ROLL'!A:T,4,0) -> PP | P79: #N/A | Q79: / | R79: =CONCATENATE(F79,Q79,G79,) -> 18/6
A80: 14/10 | C80: =+A80 -> 14/10 | D80: =_xlfn.MAXIFS('PP F.G ROLL'!J:J,'PP F.G ROLL'!A:A,'PP ROLL STOCK'!C80) -> 45904 | E80: {=IFERROR(VLOOKUP(C80,'PP F.G ROLL'!A:T,{2,5,6},0),"-")} -> Usman Arif Butt Gujranwala | F80: 14 | G80: 10 | H80: =SUMIFS('PP F.G ROLL'!K:K,'PP F.G ROLL'!$A:$A,'PP ROLL STOCK'!$C80) -> 14 | I80: =SUMIFS('PP F.G ROLL'!N:N,'PP F.G ROLL'!$A:$A,'PP ROLL STOCK'!$C80) -> 638.49 | J80: =SUMIFS('PP F.G ROLL'!S:S,'PP F.G ROLL'!$A:$A,'PP ROLL STOCK'!$C80) -> 10 | K80: =SUMIFS('PP F.G ROLL'!T:T,'PP F.G ROLL'!$A:$A,'PP ROLL STOCK'!$C80) -> 438.72 | L80: =+H80-J80 -> 4 | M80: =+I80-K80 -> 199.77 | N80: =IFERROR(VLOOKUP(C80,'[1]MIX SALE ORDER'!$A:$E,4,),"OTHERS") -> OTHERS | O80: =VLOOKUP(C80,'PP F.G ROLL'!A:T,4,0) -> PP | P80: #N/A | Q80: / | R80: =CONCATENATE(F80,Q80,G80,) -> 14/10
A81: 14/4.5 | C81: =+A81 -> 14/4.5 | D81: =_xlfn.MAXIFS('PP F.G ROLL'!J:J,'PP F.G ROLL'!A:A,'PP ROLL STOCK'!C81) -> 45917 | E81: {=IFERROR(VLOOKUP(C81,'PP F.G ROLL'!A:T,{2,5,6},0),"-")} -> اصف پلاسٹک سرگودھا | F81: 14 | G81: 4.5 | H81: =SUMIFS('PP F.G ROLL'!K:K,'PP F.G ROLL'!$A:$A,'PP ROLL STOCK'!$C81) -> 19 | I81: =SUMIFS('PP F.G ROLL'!N:N,'PP F.G ROLL'!$A:$A,'PP ROLL STOCK'!$C81) -> 940.58 | J81: =SUMIFS('PP F.G ROLL'!S:S,'PP F.G ROLL'!$A:$A,'PP ROLL STOCK'!$C81) -> 8 | K81: =SUMIFS('PP F.G ROLL'!T:T,'PP F.G ROLL'!$A:$A,'PP ROLL STOCK'!$C81) -> 200 | L81: =+H81-J81 -> 11 | M81: =+I81-K81 -> 740.58 | N81: =IFERROR(VLOOKUP(C81,'[1]MIX SALE ORDER'!$A:$E,4,),"OTHERS") -> OTHERS | O81: =VLOOKUP(C81,'PP F.G ROLL'!A:T,4,0) -> PP | P81: #N/A | Q81: / | R81: =CONCATENATE(F81,Q81,G81,) -> 14/4.5
A82: 10/15 | C82: =+A82 -> 10/15 | D82: =_xlfn.MAXIFS('PP F.G ROLL'!J:J,'PP F.G ROLL'!A:A,'PP ROLL STOCK'!C82) -> 45908 | E82: {=IFERROR(VLOOKUP(C82,'PP F.G ROLL'!A:T,{2,5,6},0),"-")} -> ایم دین پنڈی | F82: 10 | G82: 15 | H82: =SUMIFS('PP F.G ROLL'!K:K,'PP F.G ROLL'!$A:$A,'PP ROLL STOCK'!$C82) -> 16 | I82: =SUMIFS('PP F.G ROLL'!N:N,'PP F.G ROLL'!$A:$A,'PP ROLL STOCK'!$C82) -> 567.2 | J82: =SUMIFS('PP F.G ROLL'!S:S,'PP F.G ROLL'!$A:$A,'PP ROLL STOCK'!$C82) -> 10 | K82: =SUMIFS('PP F.G ROLL'!T:T,'PP F.G ROLL'!$A:$A,'PP ROLL STOCK'!$C82) -> 300.3 | L82: =+H82-J82 -> 6 | M82: =+I82-K82 -> 266.9 | N82: =IFERROR(VLOOKUP(C82,'[1]MIX SALE ORDER'!$A:$E,4,),"OTHERS") -> OTHERS | O82: =VLOOKUP(C82,'PP F.G ROLL'!A:T,4,0) -> PP | P82: #N/A | Q82: / | R82: =CONCATENATE(F82,Q82,G82,) -> 10/15
A83: 12/6.5-7 | C83: =+A83 -> 12/6.5-7 | D83: =_xlfn.MAXIFS('PP F.G ROLL'!J:J,'PP F.G ROLL'!A:A,'PP ROLL STOCK'!C83) -> 45906 | E83: {=IFERROR(VLOOKUP(C83,'PP F.G ROLL'!A:T,{2,5,6},0),"-")} -> لیاقت -لنڈا بازار | F83: 12 | G83: 6.5-7 | H83: =SUMIFS('PP F.G ROLL'!K:K,'PP F.G ROLL'!$A:$A,'PP ROLL STOCK'!$C83) -> 8 | I83: =SUMIFS('PP F.G ROLL'!N:N,'PP F.G ROLL'!$A:$A,'PP ROLL STOCK'!$C83) -> 239.51 | J83: =SUMIFS('PP F.G ROLL'!S:S,'PP F.G ROLL'!$A:$A,'PP ROLL STOCK'!$C83) -> 2 | K83: =SUMIFS('PP F.G ROLL'!T:T,'PP F.G ROLL'!$A:$A,'PP ROLL STOCK'!$C83) -> 50 | L83: =+H83-J83 -> 6 | M83: =+I83-K83 -> 189.51 | N83: =IFERROR(VLOOKUP(C83,'[1]MIX SALE ORDER'!$A:$E,4,),"OTHERS") -> OTHERS | O83: =VLOOKUP(C83,'PP F.G ROLL'!A:T,4,0) -> PP | P83: #N/A | Q83: / | R83: =CONCATENATE(F83,Q83,G83,) -> 12/6.5-7
A84: 12/4.5 | C84: =+A84 -> 12/4.5 | D84: =_xlfn.MAXIFS('PP F.G ROLL'!J:J,'PP F.G ROLL'!A:A,'PP ROLL STOCK'!C84) -> 45918 | E84: {=IFERROR(VLOOKUP(C84,'PP F.G ROLL'!A:T,{2,5,6},0),"-")} -> اصف پلاسٹک سرگودھا | F84: 12 | G84: 4.5 | H84: =SUMIFS('PP F.G ROLL'!K:K,'PP F.G ROLL'!$A:$A,'PP ROLL STOCK'!$C84) -> 19 | I84: =SUMIFS('PP F.G ROLL'!N:N,'PP F.G ROLL'!$A:$A,'PP ROLL STOCK'!$C84) -> 945.55 | J84: =SUMIFS('PP F.G ROLL'!S:S,'PP F.G ROLL'!$A:$A,'PP ROLL STOCK'!$C84) -> 20 | K84: =SUMIFS('PP F.G ROLL'!T:T,'PP F.G ROLL'!$A:$A,'PP ROLL STOCK'!$C84) -> 500 | L84: =+H84-J84 -> -1 | M84: =+I84-K84 -> 445.55 | N84: =IFERROR(VLOOKUP(C84,'[1]MIX SALE ORDER'!$A:$E,4,),"OTHERS") -> OTHERS | O84: =VLOOKUP(C84,'PP F.G ROLL'!A:T,4,0) -> PP | P84: #N/A | Q84: / | R84: =CONCATENATE(F84,Q84,G84,) -> 12/4.5
A85: 11/6.5-7 | C85: =+A85 -> 11/6.5-7 | D85: =_xlfn.MAXIFS('PP F.G ROLL'!J:J,'PP F.G ROLL'!A:A,'PP ROLL STOCK'!C85) -> 45906 | E85: {=IFERROR(VLOOKUP(C85,'PP F.G ROLL'!A:T,{2,5,6},0),"-")} -> لیاقت -لنڈا بازار | F85: 11 | G85: 6.5-7 | H85: =SUMIFS('PP F.G ROLL'!K:K,'PP F.G ROLL'!$A:$A,'PP ROLL STOCK'!$C85) -> 4 | I85: =SUMIFS('PP F.G ROLL'!N:N,'PP F.G ROLL'!$A:$A,'PP ROLL STOCK'!$C85) -> 107.37 | J85: =SUMIFS('PP F.G ROLL'!S:S,'PP F.G ROLL'!$A:$A,'PP ROLL STOCK'!$C85) -> 4 | K85: =SUMIFS('PP F.G ROLL'!T:T,'PP F.G ROLL'!$A:$A,'PP ROLL STOCK'!$C85) -> 100 | L85: =+H85-J85 -> 0 | M85: =+I85-K85 -> 7.37 | N85: =IFERROR(VLOOKUP(C85,'[1]MIX SALE ORDER'!$A:$E,4,),"OTHERS") -> OTHERS | O85: =VLOOKUP(C85,'PP F.G ROLL'!A:T,4,0) -> PP | P85: #N/A | Q85: / | R85: =CONCATENATE(F85,Q85,G85,) -> 11/6.5-7
A86: 11/5-5.5 | C86: =+A86 -> 11/5-5.5 | D86: =_xlfn.MAXIFS('PP F.G ROLL'!J:J,'PP F.G ROLL'!A:A,'PP ROLL STOCK'!C86) -> 45928 | E86: {=IFERROR(VLOOKUP(C86,'PP F.G ROLL'!A:T,{2,5,6},0),"-")} -> سٹاک | F86: 11 | G86: 5-5.5 | H86: =SUMIFS('PP F.G ROLL'!K:K,'PP F.G ROLL'!$A:$A,'PP ROLL STOCK'!$C86) -> 38 | I86: =SUMIFS('PP F.G ROLL'!N:N,'PP F.G ROLL'!$A:$A,'PP ROLL STOCK'!$C86) -> 1843.44 | J86: =SUMIFS('PP F.G ROLL'!S:S,'PP F.G ROLL'!$A:$A,'PP ROLL STOCK'!$C86) -> 0 | K86: =SUMIFS('PP F.G ROLL'!T:T,'PP F.G ROLL'!$A:$A,'PP ROLL STOCK'!$C86) -> 0 | L86: =+H86-J86 -> 38 | M86: =+I86-K86 -> 1843.44 | N86: =IFERROR(VLOOKUP(C86,'[1]MIX SALE ORDER'!$A:$E,4,),"OTHERS") -> OTHERS | O86: =VLOOKUP(C86,'PP F.G ROLL'!A:T,4,0) -> PP | P86: #N/A | Q86: / | R86: =CONCATENATE(F86,Q86,G86,) -> 11/5-5.5
A87: 3.5/5 | C87: =+A87 -> 3.5/5 | D87: =_xlfn.MAXIFS('PP F.G ROLL'!J:J,'PP F.G ROLL'!A:A,'PP ROLL STOCK'!C87) -> 45930 | E87: {=IFERROR(VLOOKUP(C87,'PP F.G ROLL'!A:T,{2,5,6},0),"-")} -> STOCK | F87: 3.5 | G87: 5 | H87: =SUMIFS('PP F.G ROLL'!K:K,'PP F.G ROLL'!$A:$A,'PP ROLL STOCK'!$C87) -> 20 | I87: =SUMIFS('PP F.G ROLL'!N:N,'PP F.G ROLL'!$A:$A,'PP ROLL STOCK'!$C87) -> 400 | J87: =SUMIFS('PP F.G ROLL'!S:S,'PP F.G ROLL'!$A:$A,'PP ROLL STOCK'!$C87) -> 20 | K87: =SUMIFS('PP F.G ROLL'!T:T,'PP F.G ROLL'!$A:$A,'PP ROLL STOCK'!$C87) -> 400 | L87: =+H87-J87 -> 0 | M87: =+I87-K87 -> 0 | N87: =IFERROR(VLOOKUP(C87,'[1]MIX SALE ORDER'!$A:$E,4,),"OTHERS") -> OTHERS | O87: =VLOOKUP(C87,'PP F.G ROLL'!A:T,4,0) -> PP | P87: FGPTPPR000031 | Q87: / | R87: =CONCATENATE(F87,Q87,G87,) -> 3.5/5
A88: 16/15 | C88: =+A88 -> 16/15 | D88: =_xlfn.MAXIFS('PP F.G ROLL'!J:J,'PP F.G ROLL'!A:A,'PP ROLL STOCK'!C88) -> 45905 | E88: {=IFERROR(VLOOKUP(C88,'PP F.G ROLL'!A:T,{2,5,6},0),"-")} -> ایم دین پنڈی | F88: 16 | G88: 15 | H88: =SUMIFS('PP F.G ROLL'!K:K,'PP F.G ROLL'!$A:$A,'PP ROLL STOCK'!$C88) -> 9 | I88: =SUMIFS('PP F.G ROLL'!N:N,'PP F.G ROLL'!$A:$A,'PP ROLL STOCK'!$C88) -> 260 | J88: =SUMIFS('PP F.G ROLL'!S:S,'PP F.G ROLL'!$A:$A,'PP ROLL STOCK'!$C88) -> 9 | K88: =SUMIFS('PP F.G ROLL'!T:T,'PP F.G ROLL'!$A:$A,'PP ROLL STOCK'!$C88) -> 259.8 | L88: =+H88-J88 -> 0 | M88: =+I88-K88 -> 0.2 | N88: =IFERROR(VLOOKUP(C88,'[1]MIX SALE ORDER'!$A:$E,4,),"OTHERS") -> OTHERS | O88: =VLOOKUP(C88,'PP F.G ROLL'!A:T,4,0) -> PP | P88: #N/A | Q88: / | R88: =CONCATENATE(F88,Q88,G88,) -> 16/15
A89: 4/4.5 | C89: =+A89 -> 4/4.5 | D89: =_xlfn.MAXIFS('PP F.G ROLL'!J:J,'PP F.G ROLL'!A:A,'PP ROLL STOCK'!C89) -> 45920 | E89: {=IFERROR(VLOOKUP(C89,'PP F.G ROLL'!A:T,{2,5,6},0),"-")} -> اصف پلاسٹک سرگودھا | F89: 4 | G89: 4.5 | H89: =SUMIFS('PP F.G ROLL'!K:K,'PP F.G ROLL'!$A:$A,'PP ROLL STOCK'!$C89) -> 45 | I89: =SUMIFS('PP F.G ROLL'!N:N,'PP F.G ROLL'!$A:$A,'PP ROLL STOCK'!$C89) -> 611.65 | J89: =SUMIFS('PP F.G ROLL'!S:S,'PP F.G ROLL'!$A:$A,'PP ROLL STOCK'!$C89) -> 15 | K89: =SUMIFS('PP F.G ROLL'!T:T,'PP F.G ROLL'!$A:$A,'PP ROLL STOCK'!$C89) -> 294 | L89: =+H89-J89 -> 30 | M89: =+I89-K89 -> 317.65 | N89: =IFERROR(VLOOKUP(C89,'[1]MIX SALE ORDER'!$A:$E,4,),"OTHERS") -> OTHERS | O89: =VLOOKUP(C89,'PP F.G ROLL'!A:T,4,0) -> PP | P89: #N/A | Q89: / | R89: =CONCATENATE(F89,Q89,G89,) -> 4/4.5
A90: 17/8.5-9 | C90: =+A90 -> 17/8.5-9 | D90: =_xlfn.MAXIFS('PP F.G ROLL'!J:J,'PP F.G ROLL'!A:A,'PP ROLL STOCK'!C90) -> 45926 | E90: {=IFERROR(VLOOKUP(C90,'PP F.G ROLL'!A:T,{2,5,6},0),"-")} -> ایم بلال وحدت روڈ | F90: 17 | G90: 8.5-9 | H90: =SUMIFS('PP F.G ROLL'!K:K,'PP F.G ROLL'!$A:$A,'PP ROLL STOCK'!$C90) -> 101 | I90: =SUMIFS('PP F.G ROLL'!N:N,'PP F.G ROLL'!$A:$A,'PP ROLL STOCK'!$C90) -> 5074.4 | J90: =SUMIFS('PP F.G ROLL'!S:S,'PP F.G ROLL'!$A:$A,'PP ROLL STOCK'!$C90) -> 200 | K90: =SUMIFS('PP F.G ROLL'!T:T,'PP F.G ROLL'!$A:$A,'PP ROLL STOCK'!$C90) -> 5009.2 | L90: =+H90-J90 -> -99 | M90: =+I90-K90 -> 65.2 | N90: =IFERROR(VLOOKUP(C90,'[1]MIX SALE ORDER'!$A:$E,4,),"OTHERS") -> OTHERS | O90: =VLOOKUP(C90,'PP F.G ROLL'!A:T,4,0) -> PP | P90: #N/A | Q90: / | R90: =CONCATENATE(F90,Q90,G90,) -> 17/8.5-9
A91: 3/5 | C91: =+A91 -> 3/5 | D91: =_xlfn.MAXIFS('PP F.G ROLL'!J:J,'PP F.G ROLL'!A:A,'PP ROLL STOCK'!C91) -> 45870 | E91: {=IFERROR(VLOOKUP(C91,'PP F.G ROLL'!A:T,{2,5,6},0),"-")} -> STOCK | F91: 3 | G91: 5 | H91: =SUMIFS('PP F.G ROLL'!K:K,'PP F.G ROLL'!$A:$A,'PP ROLL STOCK'!$C91) -> 102 | I91: =SUMIFS('PP F.G ROLL'!N:N,'PP F.G ROLL'!$A:$A,'PP ROLL STOCK'!$C91) -> 1696.4 | J91: =SUMIFS('PP F.G ROLL'!S:S,'PP F.G ROLL'!$A:$A,'PP ROLL STOCK'!$C91) -> 41 | K91: =SUMIFS('PP F.G ROLL'!T:T,'PP F.G ROLL'!$A:$A,'PP ROLL STOCK'!$C91) -> 835 | L91: =+H91-J91 -> 61 | M91: =+I91-K91 -> 861.4 | N91: =IFERROR(VLOOKUP(C91,'[1]MIX SALE ORDER'!$A:$E,4,),"OTHERS") -> OTHERS | O91: =VLOOKUP(C91,'PP F.G ROLL'!A:T,4,0) -> PP | P91: FGPTPPR000028 | Q91: / | R91: =CONCATENATE(F91,Q91,G91,) -> 3/5
A92: 8/7.5-8 | C92: =+A92 -> 8/7.5-8 | D92: =_xlfn.MAXIFS('PP F.G ROLL'!J:J,'PP F.G ROLL'!A:A,'PP ROLL STOCK'!C92) -> 45909 | E92: {=IFERROR(VLOOKUP(C92,'PP F.G ROLL'!A:T,{2,5,6},0),"-")} -> Ibtsam Traders Sheikhupura | F92: 8 | G92: 7.5-8 | H92: =SUMIFS('PP F.G ROLL'!K:K,'PP F.G ROLL'!$A:$A,'PP ROLL STOCK'!$C92) -> 4 | I92: =SUMIFS('PP F.G ROLL'!N:N,'PP F.G ROLL'!$A:$A,'PP ROLL STOCK'!$C92) -> 123.27 | J92: =SUMIFS('PP F.G ROLL'!S:S,'PP F.G ROLL'!$A:$A,'PP ROLL STOCK'!$C92) -> 4 | K92: =SUMIFS('PP F.G ROLL'!T:T,'PP F.G ROLL'!$A:$A,'PP ROLL STOCK'!$C92) -> 123.27 | L92: =+H92-J92 -> 0 | M92: =+I92-K92 -> 0 | N92: =IFERROR(VLOOKUP(C92,'[1]MIX SALE ORDER'!$A:$E,4,),"OTHERS") -> OTHERS | O92: =VLOOKUP(C92,'PP F.G ROLL'!A:T,4,0) -> PP | P92: #N/A | Q92: / | R92: =CONCATENATE(F92,Q92,G92,) -> 8/7.5-8
A93: 6/7.5-8 | C93: =+A93 -> 6/7.5-8 | D93: =_xlfn.MAXIFS('PP F.G ROLL'!J:J,'PP F.G ROLL'!A:A,'PP ROLL STOCK'!C93) -> 45924 | E93: {=IFERROR(VLOOKUP(C93,'PP F.G ROLL'!A:T,{2,5,6},0),"-")} -> Ibtsam Traders Sheikhupura | F93: 6 | G93: 7.5-8 | H93: =SUMIFS('PP F.G ROLL'!K:K,'PP F.G ROLL'!$A:$A,'PP ROLL STOCK'!$C93) -> 20 | I93: =SUMIFS('PP F.G ROLL'!N:N,'PP F.G ROLL'!$A:$A,'PP ROLL STOCK'!$C93) -> 325.63 | J93: =SUMIFS('PP F.G ROLL'!S:S,'PP F.G ROLL'!$A:$A,'PP ROLL STOCK'!$C93) -> 13 | K93: =SUMIFS('PP F.G ROLL'!T:T,'PP F.G ROLL'!$A:$A,'PP ROLL STOCK'!$C93) -> 304 | L93: =+H93-J93 -> 7 | M93: =+I93-K93 -> 21.63 | N93: =IFERROR(VLOOKUP(C93,'[1]MIX SALE ORDER'!$A:$E,4,),"OTHERS") -> OTHERS | O93: =VLOOKUP(C93,'PP F.G ROLL'!A:T,4,0) -> PP | P93: #N/A | Q93: / | R93: =CONCATENATE(F93,Q93,G93,) -> 6/7.5-8
A94: 6/4.5 | C94: =+A94 -> 6/4.5 | D94: =_xlfn.MAXIFS('PP F.G ROLL'!J:J,'PP F.G ROLL'!A:A,'PP ROLL STOCK'!C94) -> 45910 | E94: {=IFERROR(VLOOKUP(C94,'PP F.G ROLL'!A:T,{2,5,6},0),"-")} -> اصف سرگودھا | F94: 6 | G94: 4.5 | H94: =SUMIFS('PP F.G ROLL'!K:K,'PP F.G ROLL'!$A:$A,'PP ROLL STOCK'!$C94) -> 20 | I94: =SUMIFS('PP F.G ROLL'!N:N,'PP F.G ROLL'!$A:$A,'PP ROLL STOCK'!$C94) -> 531.95 | J94: =SUMIFS('PP F.G ROLL'!S:S,'PP F.G ROLL'!$A:$A,'PP ROLL STOCK'!$C94) -> 20 | K94: =SUMIFS('PP F.G ROLL'!T:T,'PP F.G ROLL'!$A:$A,'PP ROLL STOCK'!$C94) -> 500 | L94: =+H94-J94 -> 0 | M94: =+I94-K94 -> 31.95 | N94: =IFERROR(VLOOKUP(C94,'[1]MIX SALE ORDER'!$A:$E,4,),"OTHERS") -> OTHERS | O94: =VLOOKUP(C94,'PP F.G ROLL'!A:T,4,0) -> PP | P94: #N/A | Q94: / | R94: =CONCATENATE(F94,Q94,G94,) -> 6/4.5
A95: 19/6-6.5 | C95: =+A95 -> 19/6-6.5 | D95: =_xlfn.MAXIFS('PP F.G ROLL'!J:J,'PP F.G ROLL'!A:A,'PP ROLL STOCK'!C95) -> 45930 | E95: {=IFERROR(VLOOKUP(C95,'PP F.G ROLL'!A:T,{2,5,6},0),"-")} -> ریفلیکٹ پیک لاہور | F95: 19 | G95: 6-6.5 | H95: =SUMIFS('PP F.G ROLL'!K:K,'PP F.G ROLL'!$A:$A,'PP ROLL STOCK'!$C95) -> 8 | I95: =SUMIFS('PP F.G ROLL'!N:N,'PP F.G ROLL'!$A:$A,'PP ROLL STOCK'!$C95) -> 296.17 | J95: =SUMIFS('PP F.G ROLL'!S:S,'PP F.G ROLL'!$A:$A,'PP ROLL STOCK'!$C95) -> 8 | K95: =SUMIFS('PP F.G ROLL'!T:T,'PP F.G ROLL'!$A:$A,'PP ROLL STOCK'!$C95) -> 296.17 | L95: =+H95-J95 -> 0 | M95: =+I95-K95 -> 0 | N95: =IFERROR(VLOOKUP(C95,'[1]MIX SALE ORDER'!$A:$E,4,),"OTHERS") -> OTHERS | O95: =VLOOKUP(C95,'PP F.G ROLL'!A:T,4,0) -> PP | P95: #N/A | Q95: / | R95: =CONCATENATE(F95,Q95,G95,) -> 19/6-6.5
A96: 26/10 | C96: =+A96 -> 26/10 | D96: =_xlfn.MAXIFS('PP F.G ROLL'!J:J,'PP F.G ROLL'!A:A,'PP ROLL STOCK'!C96) -> 45926 | E96: {=IFERROR(VLOOKUP(C96,'PP F.G ROLL'!A:T,{2,5,6},0),"-")} -> عائشہ ٹریڈرز دادیددز | F96: 26 | G96: 10 | H96: =SUMIFS('PP F.G ROLL'!K:K,'PP F.G ROLL'!$A:$A,'PP ROLL STOCK'!$C96) -> 11 | I96: =SUMIFS('PP F.G ROLL'!N:N,'PP F.G ROLL'!$A:$A,'PP ROLL STOCK'!$C96) -> 466.39 | J96: =SUMIFS('PP F.G ROLL'!S:S,'PP F.G ROLL'!$A:$A,'PP ROLL STOCK'!$C96) -> 13 | K96: =SUMIFS('PP F.G ROLL'!T:T,'PP F.G ROLL'!$A:$A,'PP ROLL STOCK'!$C96) -> 427.35 | L96: =+H96-J96 -> -2 | M96: =+I96-K96 -> 39.04 | N96: =IFERROR(VLOOKUP(C96,'[1]MIX SALE ORDER'!$A:$E,4,),"OTHERS") -> OTHERS | O96: =VLOOKUP(C96,'PP F.G ROLL'!A:T,4,0) -> PP | P96: #N/A | Q96: / | R96: =CONCATENATE(F96,Q96,G96,) -> 26/10
A97: 16/6-6.5 | C97: =+A97 -> 16/6-6.5 | D97: =_xlfn.MAXIFS('PP F.G ROLL'!J:J,'PP F.G ROLL'!A:A,'PP ROLL STOCK'!C97) -> 45911 | E97: {=IFERROR(VLOOKUP(C97,'PP F.G ROLL'!A:T,{2,5,6},0),"-")} -> Jilani Poly Stock | F97: 16 | G97: 6-6.5 | H97: =SUMIFS('PP F.G ROLL'!K:K,'PP F.G ROLL'!$A:$A,'PP ROLL STOCK'!$C97) -> 2 | I97: =SUMIFS('PP F.G ROLL'!N:N,'PP F.G ROLL'!$A:$A,'PP ROLL STOCK'!$C97) -> 96.8 | J97: =SUMIFS('PP F.G ROLL'!S:S,'PP F.G ROLL'!$A:$A,'PP ROLL STOCK'!$C97) -> 2 | K97: =SUMIFS('PP F.G ROLL'!T:T,'PP F.G ROLL'!$A:$A,'PP ROLL STOCK'!$C97) -> 96.8 | L97: =+H97-J97 -> 0 | M97: =+I97-K97 -> 0 | N97: =IFERROR(VLOOKUP(C97,'[1]MIX SALE ORDER'!$A:$E,4,),"OTHERS") -> OTHERS | O97: =VLOOKUP(C97,'PP F.G ROLL'!A:T,4,0) -> PP | P97: #N/A | Q97: / | R97: =CONCATENATE(F97,Q97,G97,) -> 16/6-6.5
A98: 18/5-5.5 | C98: =+A98 -> 18/5-5.5 | D98: =_xlfn.MAXIFS('PP F.G ROLL'!J:J,'PP F.G ROLL'!A:A,'PP ROLL STOCK'!C98) -> 45923 | E98: {=IFERROR(VLOOKUP(C98,'PP F.G ROLL'!A:T,{2,5,6},0),"-")} -> ہیڈ افس سٹاک لاہور | F98: 18 | G98: 5-5.5 | H98: =SUMIFS('PP F.G ROLL'!K:K,'PP F.G ROLL'!$A:$A,'PP ROLL STOCK'!$C98) -> 67 | I98: =SUMIFS('PP F.G ROLL'!N:N,'PP F.G ROLL'!$A:$A,'PP ROLL STOCK'!$C98) -> 3350.23 | J98: =SUMIFS('PP F.G ROLL'!S:S,'PP F.G ROLL'!$A:$A,'PP ROLL STOCK'!$C98) -> 15 | K98: =SUMIFS('PP F.G ROLL'!T:T,'PP F.G ROLL'!$A:$A,'PP ROLL STOCK'!$C98) -> 2012.01 | L98: =+H98-J98 -> 52 | M98: =+I98-K98 -> 1338.22 | N98: =IFERROR(VLOOKUP(C98,'[1]MIX SALE ORDER'!$A:$E,4,),"OTHERS") -> OTHERS | O98: =VLOOKUP(C98,'PP F.G ROLL'!A:T,4,0) -> PP | P98: #N/A
A99: 5/5 | C99: =+A99 -> 5/5 | D99: =_xlfn.MAXIFS('PP F.G ROLL'!J:J,'PP F.G ROLL'!A:A,'PP ROLL STOCK'!C99) -> 45930 | E99: {=IFERROR(VLOOKUP(C99,'PP F.G ROLL'!A:T,{2,5,6},0),"-")} -> STOCK | F99: 5 | G99: 5 | H99: =SUMIFS('PP F.G ROLL'!K:K,'PP F.G ROLL'!$A:$A,'PP ROLL STOCK'!$C99) -> 37 | I99: =SUMIFS('PP F.G ROLL'!N:N,'PP F.G ROLL'!$A:$A,'PP ROLL STOCK'!$C99) -> 925 | J99: =SUMIFS('PP F.G ROLL'!S:S,'PP F.G ROLL'!$A:$A,'PP ROLL STOCK'!$C99) -> 37 | K99: =SUMIFS('PP F.G ROLL'!T:T,'PP F.G ROLL'!$A:$A,'PP ROLL STOCK'!$C99) -> 925 | L99: =+H99-J99 -> 0 | M99: =+I99-K99 -> 0 | N99: =IFERROR(VLOOKUP(C99,'[1]MIX SALE ORDER'!$A:$E,4,),"OTHERS") -> OTHERS | O99: =VLOOKUP(C99,'PP F.G ROLL'!A:T,4,0) -> PP | P99: #N/A
A100: 4/5-5.5 | C100: =+A100 -> 4/5-5.5 | D100: =_xlfn.MAXIFS('PP F.G ROLL'!J:J,'PP F.G ROLL'!A:A,'PP ROLL STOCK'!C100) -> 45928 | E100: {=IFERROR(VLOOKUP(C100,'PP F.G ROLL'!A:T,{2,5,6},0),"-")} -> سٹاک | F100: 4 | G100: 5-5.5 | H100: =SUMIFS('PP F.G ROLL'!K:K,'PP F.G ROLL'!$A:$A,'PP ROLL STOCK'!$C100) -> 99 | I100: =SUMIFS('PP F.G ROLL'!N:N,'PP F.G ROLL'!$A:$A,'PP ROLL STOCK'!$C100) -> 1442.14 | J100: =SUMIFS('PP F.G ROLL'!S:S,'PP F.G ROLL'!$A:$A,'PP ROLL STOCK'!$C100) -> 0 | K100: =SUMIFS('PP F.G ROLL'!T:T,'PP F.G ROLL'!$A:$A,'PP ROLL STOCK'!$C100) -> 0 | L100: =+H100-J100 -> 99 | M100: =+I100-K100 -> 1442.14 | N100: =IFERROR(VLOOKUP(C100,'[1]MIX SALE ORDER'!$A:$E,4,),"OTHERS") -> OTHERS | O100: =VLOOKUP(C100,'PP F.G ROLL'!A:T,4,0) -> PP | P100: #N/A
...

Sheet Sheet3
F1: 45902 | G1: 45905
A2: Size | B2: Guage | C2: Opening | D2: Production INN | E2: BOTTOM | F2: SIDE | G2: STOCK | H2: 45905 | N2: PREV SOCK
A3: 14 | B3: 5 | C3: 1165 | D3: =SUMIFS('[2]PP PRD'!$Q:$Q,'[2]PP PRD'!$G:$G,A:A,'[2]PP PRD'!$H:$H,B:B,'[2]PP PRD'!$D:$D,$H$2) -> 735.44 | E3: =SUMIFS('[2]PP BOTTOM SEAL'!$L:$L,'[2]PP BOTTOM SEAL'!$I:$I,A3,'[2]PP BOTTOM SEAL'!$H:$H,B3,'[2]PP BOTTOM SEAL'!$D:$D,$F$1) -> 0 | F3: =SUMIFS('[2]PP SIDE SEAL'!$L:$L,'[2]PP SIDE SEAL'!$I:$I,A3,'[2]PP SIDE SEAL'!$H:$H,B3,'[2]PP SIDE SEAL'!$D:$D,$F$1) -> 0 | G3: =+C3-E3 -> 1165 | L3: 14 | M3: 5 | N3: =38+44+45+65+25+29+61+57+51+38+41+50+58+60+32+54+52+50+44+50+36+50+26+52+57 -> 1165
A4: 13 | B4: 5 | C4: -765 | D4: =SUMIFS('[2]PP PRD'!$Q:$Q,'[2]PP PRD'!$G:$G,A:A,'[2]PP PRD'!$H:$H,B:B,'[2]PP PRD'!$D:$D,$H$2) -> 0 | E4: =SUMIFS('[2]PP BOTTOM SEAL'!$L:$L,'[2]PP BOTTOM SEAL'!$I:$I,A4,'[2]PP BOTTOM SEAL'!$H:$H,B4,'[2]PP BOTTOM SEAL'!$D:$D,$F$1) -> 400 | F4: =SUMIFS('[2]PP SIDE SEAL'!$L:$L,'[2]PP SIDE SEAL'!$I:$I,A4,'[2]PP SIDE SEAL'!$H:$H,B4,'[2]PP SIDE SEAL'!$D:$D,$F$1) -> 225 | G4: =+C4-E4 -> -1165 | L4: 13 | M4: 5 | N4: =45+40+54+37+36+49+32+44+38+43+25+47+51+51+65+34+28+38+50+15+13 -> 835
A5: 12 | B5: 5 | C5: 1365 | D5: =SUMIFS('[2]PP PRD'!$Q:$Q,'[2]PP PRD'!$G:$G,A:A,'[2]PP PRD'!$H:$H,B:B,'[2]PP PRD'!$D:$D,$H$2) -> 356.22 | E5: =SUMIFS('[2]PP BOTTOM SEAL'!$L:$L,'[2]PP BOTTOM SEAL'!$I:$I,A5,'[2]PP BOTTOM SEAL'!$H:$H,B5,'[2]PP BOTTOM SEAL'!$D:$D,$F$1) -> 0 | F5: =SUMIFS('[2]PP SIDE SEAL'!$L:$L,'[2]PP SIDE SEAL'!$I:$I,A5,'[2]PP SIDE SEAL'!$H:$H,B5,'[2]PP SIDE SEAL'!$D:$D,$F$1) -> 0 | G5: =+C5-E5 -> 1365 | L5: 12 | M5: 5 | N5: =41+51+55+44+43+41+43+38+41+48+48+43+44+41+18+43+44+45+44+23+16+54+45+49+43+41+35+53+46+53+50+42 -> 1365
A6: 11 | B6: 5 | C6: 1113 | D6: =SUMIFS('[2]PP PRD'!$Q:$Q,'[2]PP PRD'!$G:$G,A:A,'[2]PP PRD'!$H:$H,B:B,'[2]PP PRD'!$D:$D,$H$2) -> 0 | E6: =SUMIFS('[2]PP BOTTOM SEAL'!$L:$L,'[2]PP BOTTOM SEAL'!$I:$I,A6,'[2]PP BOTTOM SEAL'!$H:$H,B6,'[2]PP BOTTOM SEAL'!$D:$D,$F$1) -> 0 | F6: =SUMIFS('[2]PP SIDE SEAL'!$L:$L,'[2]PP SIDE SEAL'!$I:$I,A6,'[2]PP SIDE SEAL'!$H:$H,B6,'[2]PP SIDE SEAL'!$D:$D,$F$1) -> 150 | G6: =+C6-E6 -> 1113 | L6: 11 | M6: 5 | N6: =60+43+50+46+22+17+44+39+50+44+47+42+42+43+43+47+46+53+48+47+44+46+51+55+37+32 -> 1138
A7: 8 | B7: 5 | C7: -565 | D7: =SUMIFS('[2]PP PRD'!$Q:$Q,'[2]PP PRD'!$G:$G,A:A,'[2]PP PRD'!$H:$H,B:B,'[2]PP PRD'!$D:$D,$H$2) -> 409.52 | E7: =SUMIFS('[2]PP BOTTOM SEAL'!$L:$L,'[2]PP BOTTOM SEAL'!$I:$I,A7,'[2]PP BOTTOM SEAL'!$H:$H,B7,'[2]PP BOTTOM SEAL'!$D:$D,$F$1) -> 450 | F7: =SUMIFS('[2]PP SIDE SEAL'!$L:$L,'[2]PP SIDE SEAL'!$I:$I,A7,'[2]PP SIDE SEAL'!$H:$H,B7,'[2]PP SIDE SEAL'!$D:$D,$F$1) -> 0 | G7: =+C7-E7 -> -1015 | L7: 8 | M7: 5 | N7: =16+34+27+30+41+40+38+45+34+34+31+34+27+27+34+21+39+30+21+28+34+44+39+42+34+27+38+35+35+36+21+25+23+31+31+39+30+40 -> 1235
A8: 7 | B8: 5 | C8: 3 | D8: =SUMIFS('[2]PP PRD'!$Q:$Q,'[2]PP PRD'!$G:$G,A:A,'[2]PP PRD'!$H:$H,B:B,'[2]PP PRD'!$D:$D,$H$2) -> 0 | E8: =SUMIFS('[2]PP BOTTOM SEAL'!$L:$L,'[2]PP BOTTOM SEAL'!$I:$I,A8,'[2]PP BOTTOM SEAL'!$H:$H,B8,'[2]PP BOTTOM SEAL'!$D:$D,$F$1) -> 0 | F8: =SUMIFS('[2]PP SIDE SEAL'!$L:$L,'[2]PP SIDE SEAL'!$I:$I,A8,'[2]PP SIDE SEAL'!$H:$H,B8,'[2]PP SIDE SEAL'!$D:$D,$F$1) -> 0 | G8: =+C8-E8 -> 3 | L8: 7 | M8: 5 | N8: =29+34+36+38+33+40+44+10+18+32+39 -> 353
A9: 6 | B9: 5 | C9: 1029 | D9: =SUMIFS('[2]PP PRD'!$Q:$Q,'[2]PP PRD'!$G:$G,A:A,'[2]PP PRD'!$H:$H,B:B,'[2]PP PRD'!$D:$D,$H$2) -> 0 | E9: =SUMIFS('[2]PP BOTTOM SEAL'!$L:$L,'[2]PP BOTTOM SEAL'!$I:$I,A9,'[2]PP BOTTOM SEAL'!$H:$H,B9,'[2]PP BOTTOM SEAL'!$D:$D,$F$1) -> 0 | F9: =SUMIFS('[2]PP SIDE SEAL'!$L:$L,'[2]PP SIDE SEAL'!$I:$I,A9,'[2]PP SIDE SEAL'!$H:$H,B9,'[2]PP SIDE SEAL'!$D:$D,$F$1) -> 0 | G9: =+C9-E9 -> 1029 | L9: 6 | M9: 5 | N9: =36+33+33+34+25+22+28+28+14+11+32+29+28+30+31+33+31+33+32+33+32+35+34+36+34+34+30+35+36+36+35+38+38 -> 1029
A10: 14 | B10: 6.5 | C10: 495 | D10: =SUMIFS('[2]PP PRD'!$Q:$Q,'[2]PP PRD'!$G:$G,A:A,'[2]PP PRD'!$H:$H,B:B,'[2]PP PRD'!$D:$D,$H$2) -> 0 | E10: =SUMIFS('[2]PP BOTTOM SEAL'!$L:$L,'[2]PP BOTTOM SEAL'!$I:$I,A10,'[2]PP BOTTOM SEAL'!$H:$H,B10,'[2]PP BOTTOM SEAL'!$D:$D,$F$1) -> 0 | F10: =SUMIFS('[2]PP SIDE SEAL'!$L:$L,'[2]PP SIDE SEAL'!$I:$I,A10,'[2]PP SIDE SEAL'!$H:$H,B10,'[2]PP SIDE SEAL'!$D:$D,$F$1) -> 0 | G10: =+C10-E10 -> 495 | L10: 14 | M10: 6.5 | N10: =49+36+45+44+41+41+43+48+35+35+35+43 -> 495
A11: 15 | B11: 6 | C11: 223 | D11: =SUMIFS('[2]PP PRD'!$Q:$Q,'[2]PP PRD'!$G:$G,A:A,'[2]PP PRD'!$H:$H,B:B,'[2]PP PRD'!$D:$D,$H$2) -> 0 | E11: =SUMIFS('[2]PP BOTTOM SEAL'!$L:$L,'[2]PP BOTTOM SEAL'!$I:$I,A11,'[2]PP BOTTOM SEAL'!$H:$H,B11,'[2]PP BOTTOM SEAL'!$D:$D,$F$1) -> 0 | F11: =SUMIFS('[2]PP SIDE SEAL'!$L:$L,'[2]PP SIDE SEAL'!$I:$I,A11,'[2]PP SIDE SEAL'!$H:$H,B11,'[2]PP SIDE SEAL'!$D:$D,$F$1) -> 0 | G11: =+C11-E11 -> 223 | L11: 15 | M11: 6 | N11: =24+32+36+32+31+34+34 -> 223
A12: 18 | B12: 4 | C12: 697 | D12: =SUMIFS('[2]PP PRD'!$Q:$Q,'[2]PP PRD'!$G:$G,A:A,'[2]PP PRD'!$H:$H,B:B,'[2]PP PRD'!$D:$D,$H$2) -> 0 | E12: =SUMIFS('[2]PP BOTTOM SEAL'!$L:$L,'[2]PP BOTTOM SEAL'!$I:$I,A12,'[2]PP BOTTOM SEAL'!$H:$H,B12,'[2]PP BOTTOM SEAL'!$D:$D,$F$1) -> 0 | F12: =SUMIFS('[2]PP SIDE SEAL'!$L:$L,'[2]PP SIDE SEAL'!$I:$I,A12,'[2]PP SIDE SEAL'!$H:$H,B12,'[2]PP SIDE SEAL'!$D:$D,$F$1) -> 0 | G12: =+C12-E12 -> 697 | L12: 18 | M12: 4 | N12: =46+48+40+33+50+42+43+53+52+52+55+30+53+47+53 -> 697
A13: 7 | B13: 4 | C13: 81 | D13: =SUMIFS('[2]PP PRD'!$Q:$Q,'[2]PP PRD'!$G:$G,A:A,'[2]PP PRD'!$H:$H,B:B,'[2]PP PRD'!$D:$D,$H$2) -> 0 | E13: =SUMIFS('[2]PP BOTTOM SEAL'!$L:$L,'[2]PP BOTTOM SEAL'!$I:$I,A13,'[2]PP BOTTOM SEAL'!$H:$H,B13,'[2]PP BOTTOM SEAL'!$D:$D,$F$1) -> 0 | F13: =SUMIFS('[2]PP SIDE SEAL'!$L:$L,'[2]PP SIDE SEAL'!$I:$I,A13,'[2]PP SIDE SEAL'!$H:$H,B13,'[2]PP SIDE SEAL'!$D:$D,$F$1) -> 0 | G13: =+C13-E13 -> 81 | L13: 7 | M13: 4 | N13: =14+23+24+20 -> 81
A14: 8 | B14: 4 | C14: 256 | D14: =SUMIFS('[2]PP PRD'!$Q:$Q,'[2]PP PRD'!$G:$G,A:A,'[2]PP PRD'!$H:$H,B:B,'[2]PP PRD'!$D:$D,$H$2) -> 0 | E14: =SUMIFS('[2]PP BOTTOM SEAL'!$L:$L,'[2]PP BOTTOM SEAL'!$I:$I,A14,'[2]PP BOTTOM SEAL'!$H:$H,B14,'[2]PP BOTTOM SEAL'!$D:$D,$F$1) -> 0 | F14: =SUMIFS('[2]PP SIDE SEAL'!$L:$L,'[2]PP SIDE SEAL'!$I:$I,A14,'[2]PP SIDE SEAL'!$H:$H,B14,'[2]PP SIDE SEAL'!$D:$D,$F$1) -> 0 | G14: =+C14-E14 -> 256 | L14: 8 | M14: 4 | N14: =35+37+34+34+33+31+32+20 -> 256
A15: 9 | B15: 4 | C15: 104 | D15: =SUMIFS('[2]PP PRD'!$Q:$Q,'[2]PP PRD'!$G:$G,A:A,'[2]PP PRD'!$H:$H,B:B,'[2]PP PRD'!$D:$D,$H$2) -> 0 | E15: =SUMIFS('[2]PP BOTTOM SEAL'!$L:$L,'[2]PP BOTTOM SEAL'!$I:$I,A15,'[2]PP BOTTOM SEAL'!$H:$H,B15,'[2]PP BOTTOM SEAL'!$D:$D,$F$1) -> 0 | F15: =SUMIFS('[2]PP SIDE SEAL'!$L:$L,'[2]PP SIDE SEAL'!$I:$I,A15,'[2]PP SIDE SEAL'!$H:$H,B15,'[2]PP SIDE SEAL'!$D:$D,$F$1) -> 0 | G15: =+C15-E15 -> 104 | L15: 9 | M15: 4 | N15: =42+31+31 -> 104
A16: 2 | B16: 5.5-6 | C16: 184 | D16: =SUMIFS('[2]PP PRD'!$Q:$Q,'[2]PP PRD'!$G:$G,A:A,'[2]PP PRD'!$H:$H,B:B,'[2]PP PRD'!$D:$D,$H$2) -> 0 | E16: =SUMIFS('[2]PP BOTTOM SEAL'!$L:$L,'[2]PP BOTTOM SEAL'!$I:$I,A16,'[2]PP BOTTOM SEAL'!$H:$H,B16,'[2]PP BOTTOM SEAL'!$D:$D,$F$1) -> 0 | F16: =SUMIFS('[2]PP SIDE SEAL'!$L:$L,'[2]PP SIDE SEAL'!$I:$I,A16,'[2]PP SIDE SEAL'!$H:$H,B16,'[2]PP SIDE SEAL'!$D:$D,$F$1) -> 0 | G16: =+C16-E16 -> 184 | L16: 2 | M16: 5.5-6 | N16: =20+20+21+21+21+22+23+20+21+20+18+18+19+20+20 -> 304
A17: 24 | B17: 5 | C17: 895 | D17: =SUMIFS('[2]PP PRD'!$Q:$Q,'[2]PP PRD'!$G:$G,A:A,'[2]PP PRD'!$H:$H,B:B,'[2]PP PRD'!$D:$D,$H$2) -> 0 | E17: =SUMIFS('[2]PP BOTTOM SEAL'!$L:$L,'[2]PP BOTTOM SEAL'!$I:$I,A17,'[2]PP BOTTOM SEAL'!$H:$H,B17,'[2]PP BOTTOM SEAL'!$D:$D,$F$1) -> 0 | F17: =SUMIFS('[2]PP SIDE SEAL'!$L:$L,'[2]PP SIDE SEAL'!$I:$I,A17,'[2]PP SIDE SEAL'!$H:$H,B17,'[2]PP SIDE SEAL'!$D:$D,$F$1) -> 0 | G17: =+C17-E17 -> 895 | L17: 24 | M17: 5 | N17: =51+66+62+56+54+61+55+63+55+55+54+56+56+57+22+23+49 -> 895
A18: 20 | B18: 5 | C18: 1666 | D18: =SUMIFS('[2]PP PRD'!$Q:$Q,'[2]PP PRD'!$G:$G,A:A,'[2]PP PRD'!$H:$H,B:B,'[2]PP PRD'!$D:$D,$H$2) -> 0 | E18: =SUMIFS('[2]PP BOTTOM SEAL'!$L:$L,'[2]PP BOTTOM SEAL'!$I:$I,A18,'[2]PP BOTTOM SEAL'!$H:$H,B18,'[2]PP BOTTOM SEAL'!$D:$D,$F$1) -> 0 | F18: =SUMIFS('[2]PP SIDE SEAL'!$L:$L,'[2]PP SIDE SEAL'!$I:$I,A18,'[2]PP SIDE SEAL'!$H:$H,B18,'[2]PP SIDE SEAL'!$D:$D,$F$1) -> 305 | G18: =+C18-E18 -> 1666 | L18: 20 | M18: 5 | N18: =35+41+42+66+58+62+51+70+66+44+53+49+64+54+47+58+49+64+54+47+58+49+54+44+49+60+62+51+48+65+52 -> 1666
A19: 19 | B19: 5 | C19: 566 | D19: =SUMIFS('[2]PP PRD'!$Q:$Q,'[2]PP PRD'!$G:$G,A:A,'[2]PP PRD'!$H:$H,B:B,'[2]PP PRD'!$D:$D,$H$2) -> 0 | E19: =SUMIFS('[2]PP BOTTOM SEAL'!$L:$L,'[2]PP BOTTOM SEAL'!$I:$I,A19,'[2]PP BOTTOM SEAL'!$H:$H,B19,'[2]PP BOTTOM SEAL'!$D:$D,$F$1) -> 0 | F19: =SUMIFS('[2]PP SIDE SEAL'!$L:$L,'[2]PP SIDE SEAL'!$I:$I,A19,'[2]PP SIDE SEAL'!$H:$H,B19,'[2]PP SIDE SEAL'!$D:$D,$F$1) -> 0 | G19: =+C19-E19 -> 566 | L19: 19 | M19: 5 | N19: =69+57+32+52+64+57+60+60+50+65 -> 566
A20: 17 | B20: 5 | C20: 142 | D20: =SUMIFS('[2]PP PRD'!$Q:$Q,'[2]PP PRD'!$G:$G,A:A,'[2]PP PRD'!$H:$H,B:B,'[2]PP PRD'!$D:$D,$H$2) -> 0 | E20: =SUMIFS('[2]PP BOTTOM SEAL'!$L:$L,'[2]PP BOTTOM SEAL'!$I:$I,A20,'[2]PP BOTTOM SEAL'!$H:$H,B20,'[2]PP BOTTOM SEAL'!$D:$D,$F$1) -> 0 | F20: =SUMIFS('[2]PP SIDE SEAL'!$L:$L,'[2]PP SIDE SEAL'!$I:$I,A20,'[2]PP SIDE SEAL'!$H:$H,B20,'[2]PP SIDE SEAL'!$D:$D,$F$1) -> 0 | G20: =+C20-E20 -> 142 | L20: 17 | M20: 5 | N20: =25+27+34+56 -> 142
A21: 22 | B21: 5 | C21: 225 | D21: =SUMIFS('[2]PP PRD'!$Q:$Q,'[2]PP PRD'!$G:$G,A:A,'[2]PP PRD'!$H:$H,B:B,'[2]PP PRD'!$D:$D,$H$2) -> 0 | E21: =SUMIFS('[2]PP BOTTOM SEAL'!$L:$L,'[2]PP BOTTOM SEAL'!$I:$I,A21,'[2]PP BOTTOM SEAL'!$H:$H,B21,'[2]PP BOTTOM SEAL'!$D:$D,$F$1) -> 0 | F21: =SUMIFS('[2]PP SIDE SEAL'!$L:$L,'[2]PP SIDE SEAL'!$I:$I,A21,'[2]PP SIDE SEAL'!$H:$H,B21,'[2]PP SIDE SEAL'!$D:$D,$F$1) -> 0 | G21: =+C21-E21 -> 225 | L21: 22 | M21: 5 | N21: =63+74+33+55 -> 225
A22: 18 | B22: 5 | C22: 298 | D22: =SUMIFS('[2]PP PRD'!$Q:$Q,'[2]PP PRD'!$G:$G,A:A,'[2]PP PRD'!$H:$H,B:B,'[2]PP PRD'!$D:$D,$H$2) -> 0 | E22: =SUMIFS('[2]PP BOTTOM SEAL'!$L:$L,'[2]PP BOTTOM SEAL'!$I:$I,A22,'[2]PP BOTTOM SEAL'!$H:$H,B22,'[2]PP BOTTOM SEAL'!$D:$D,$F$1) -> 0 | F22: =SUMIFS('[2]PP SIDE SEAL'!$L:$L,'[2]PP SIDE SEAL'!$I:$I,A22,'[2]PP SIDE SEAL'!$H:$H,B22,'[2]PP SIDE SEAL'!$D:$D,$F$1) -> 0 | G22: =+C22-E22 -> 298 | L22: 18 | M22: 5 | N22: =31+30+40+46+46+56+49 -> 298
A23: 16 | B23: 5 | C23: 180 | D23: =SUMIFS('[2]PP PRD'!$Q:$Q,'[2]PP PRD'!$G:$G,A:A,'[2]PP PRD'!$H:$H,B:B,'[2]PP PRD'!$D:$D,$H$2) -> 606.47 | E23: =SUMIFS('[2]PP BOTTOM SEAL'!$L:$L,'[2]PP BOTTOM SEAL'!$I:$I,A23,'[2]PP BOTTOM SEAL'!$H:$H,B23,'[2]PP BOTTOM SEAL'!$D:$D,$F$1) -> 0 | F23: =SUMIFS('[2]PP SIDE SEAL'!$L:$L,'[2]PP SIDE SEAL'!$I:$I,A23,'[2]PP SIDE SEAL'!$H:$H,B23,'[2]PP SIDE SEAL'!$D:$D,$F$1) -> 0 | G23: =+C23-E23 -> 180 | L23: 16 | M23: 5 | N23: =12+20+18+34+33+25+38 -> 180
A24: 15 | B24: 5 | C24: 996 | D24: =SUMIFS('[2]PP PRD'!$Q:$Q,'[2]PP PRD'!$G:$G,A:A,'[2]PP PRD'!$H:$H,B:B,'[2]PP PRD'!$D:$D,$H$2) -> 0 | E24: =SUMIFS('[2]PP BOTTOM SEAL'!$L:$L,'[2]PP BOTTOM SEAL'!$I:$I,A24,'[2]PP BOTTOM SEAL'!$H:$H,B24,'[2]PP BOTTOM SEAL'!$D:$D,$F$1) -> 0 | F24: =SUMIFS('[2]PP SIDE SEAL'!$L:$L,'[2]PP SIDE SEAL'!$I:$I,A24,'[2]PP SIDE SEAL'!$H:$H,B24,'[2]PP SIDE SEAL'!$D:$D,$F$1) -> 0 | G24: =+C24-E24 -> 996 | L24: 15 | M24: 5 | N24: =18+38+34+54+56+42+29+33+29+25+27+54+51+48+44+52+53+31+21+26+37+24+42+51+38+39 -> 996
A25: 2 | B25: 6.5 | C25: 186 | D25: =SUMIFS('[2]PP PRD'!$Q:$Q,'[2]PP PRD'!$G:$G,A:A,'[2]PP PRD'!$H:$H,B:B,'[2]PP PRD'!$D:$D,$H$2) -> 0 | E25: =SUMIFS('[2]PP BOTTOM SEAL'!$L:$L,'[2]PP BOTTOM SEAL'!$I:$I,A25,'[2]PP BOTTOM SEAL'!$H:$H,B25,'[2]PP BOTTOM SEAL'!$D:$D,$F$1) -> 0 | F25: =SUMIFS('[2]PP SIDE SEAL'!$L:$L,'[2]PP SIDE SEAL'!$I:$I,A25,'[2]PP SIDE SEAL'!$H:$H,B25,'[2]PP SIDE SEAL'!$D:$D,$F$1) -> 0 | G25: =+C25-E25 -> 186 | L25: 2 | M25: 6.5 | N25: =37+52+50+47 -> 186
A26: 19 | B26: 4 | C26: 22 | D26: =SUMIFS('[2]PP PRD'!$Q:$Q,'[2]PP PRD'!$G:$G,A:A,'[2]PP PRD'!$H:$H,B:B,'[2]PP PRD'!$D:$D,$H$2) -> 0 | E26: =SUMIFS('[2]PP BOTTOM SEAL'!$L:$L,'[2]PP BOTTOM SEAL'!$I:$I,A26,'[2]PP BOTTOM SEAL'!$H:$H,B26,'[2]PP BOTTOM SEAL'!$D:$D,$F$1) -> 0 | F26: =SUMIFS('[2]PP SIDE SEAL'!$L:$L,'[2]PP SIDE SEAL'!$I:$I,A26,'[2]PP SIDE SEAL'!$H:$H,B26,'[2]PP SIDE SEAL'!$D:$D,$F$1) -> 0 | G26: =+C26-E26 -> 22 | L26: 19 | M26: 4 | N26: 22
A27: 24 | B27: 4 | C27: 42 | D27: =SUMIFS('[2]PP PRD'!$Q:$Q,'[2]PP PRD'!$G:$G,A:A,'[2]PP PRD'!$H:$H,B:B,'[2]PP PRD'!$D:$D,$H$2) -> 0 | E27: =SUMIFS('[2]PP BOTTOM SEAL'!$L:$L,'[2]PP BOTTOM SEAL'!$I:$I,A27,'[2]PP BOTTOM SEAL'!$H:$H,B27,'[2]PP BOTTOM SEAL'!$D:$D,$F$1) -> 0 | F27: =SUMIFS('[2]PP SIDE SEAL'!$L:$L,'[2]PP SIDE SEAL'!$I:$I,A27,'[2]PP SIDE SEAL'!$H:$H,B27,'[2]PP SIDE SEAL'!$D:$D,$F$1) -> 0 | G27: =+C27-E27 -> 42 | L27: 24 | M27: 4 | N27: 42
A28: 11 | B28: 6.5 | C28: 129 | D28: =SUMIFS('[2]PP PRD'!$Q:$Q,'[2]PP PRD'!$G:$G,A:A,'[2]PP PRD'!$H:$H,B:B,'[2]PP PRD'!$D:$D,$H$2) -> 0 | E28: =SUMIFS('[2]PP BOTTOM SEAL'!$L:$L,'[2]PP BOTTOM SEAL'!$I:$I,A28,'[2]PP BOTTOM SEAL'!$H:$H,B28,'[2]PP BOTTOM SEAL'!$D:$D,$F$1) -> 0 | F28: =SUMIFS('[2]PP SIDE SEAL'!$L:$L,'[2]PP SIDE SEAL'!$I:$I,A28,'[2]PP SIDE SEAL'!$H:$H,B28,'[2]PP SIDE SEAL'!$D:$D,$F$1) -> 0 | G28: =+C28-E28 -> 129 | L28: 11 | M28: 6.5 | N28: =41+45+15+28 -> 129
A29: 6 | B29: 4 | C29: 195 | D29: =SUMIFS('[2]PP PRD'!$Q:$Q,'[2]PP PRD'!$G:$G,A:A,'[2]PP PRD'!$H:$H,B:B,'[2]PP PRD'!$D:$D,$H$2) -> 0 | E29: =SUMIFS('[2]PP BOTTOM SEAL'!$L:$L,'[2]PP BOTTOM SEAL'!$I:$I,A29,'[2]PP BOTTOM SEAL'!$H:$H,B29,'[2]PP BOTTOM SEAL'!$D:$D,$F$1) -> 0 | F29: =SUMIFS('[2]PP SIDE SEAL'!$L:$L,'[2]PP SIDE SEAL'!$I:$I,A29,'[2]PP SIDE SEAL'!$H:$H,B29,'[2]PP SIDE SEAL'!$D:$D,$F$1) -> 0 | G29: =+C29-E29 -> 195 | L29: 6 | M29: 4 | N29: =29+29+35+30+38+34 -> 195
A30: 13 | B30: 6.5 | C30: 71 | D30: =SUMIFS('[2]PP PRD'!$Q:$Q,'[2]PP PRD'!$G:$G,A:A,'[2]PP PRD'!$H:$H,B:B,'[2]PP PRD'!$D:$D,$H$2) -> 0 | E30: =SUMIFS('[2]PP BOTTOM SEAL'!$L:$L,'[2]PP BOTTOM SEAL'!$I:$I,A30,'[2]PP BOTTOM SEAL'!$H:$H,B30,'[2]PP BOTTOM SEAL'!$D:$D,$F$1) -> 0 | F30: =SUMIFS('[2]PP SIDE SEAL'!$L:$L,'[2]PP SIDE SEAL'!$I:$I,A30,'[2]PP SIDE SEAL'!$H:$H,B30,'[2]PP SIDE SEAL'!$D:$D,$F$1) -> 0 | G30: =+C30-E30 -> 71 | L30: 13 | M30: 6.5 | N30: =26+45 -> 71
A31: 12 | B31: 6.5 | C31: 189 | D31: =SUMIFS('[2]PP PRD'!$Q:$Q,'[2]PP PRD'!$G:$G,A:A,'[2]PP PRD'!$H:$H,B:B,'[2]PP PRD'!$D:$D,$H$2) -> 0 | E31: =SUMIFS('[2]PP BOTTOM SEAL'!$L:$L,'[2]PP BOTTOM SEAL'!$I:$I,A31,'[2]PP BOTTOM SEAL'!$H:$H,B31,'[2]PP BOTTOM SEAL'!$D:$D,$F$1) -> 0 | F31: =SUMIFS('[2]PP SIDE SEAL'!$L:$L,'[2]PP SIDE SEAL'!$I:$I,A31,'[2]PP SIDE SEAL'!$H:$H,B31,'[2]PP SIDE SEAL'!$D:$D,$F$1) -> 0 | G31: =+C31-E31 -> 189 | L31: 12 | M31: 6.5 | N31: =20+26+26+51+17+16+33 -> 189
A32: 17 | B32: 7 | C32: 345 | D32: =SUMIFS('[2]PP PRD'!$Q:$Q,'[2]PP PRD'!$G:$G,A:A,'[2]PP PRD'!$H:$H,B:B,'[2]PP PRD'!$D:$D,$H$2) -> 0 | E32: =SUMIFS('[2]PP BOTTOM SEAL'!$L:$L,'[2]PP BOTTOM SEAL'!$I:$I,A32,'[2]PP BOTTOM SEAL'!$H:$H,B32,'[2]PP BOTTOM SEAL'!$D:$D,$F$1) -> 0 | F32: =SUMIFS('[2]PP SIDE SEAL'!$L:$L,'[2]PP SIDE SEAL'!$I:$I,A32,'[2]PP SIDE SEAL'!$H:$H,B32,'[2]PP SIDE SEAL'!$D:$D,$F$1) -> 0 | G32: =+C32-E32 -> 345 | L32: 17 | M32: 7 | N32: =20+23+65+60+57+62+58 -> 345
A33: 15 | B33: 4 | C33: 500 | D33: =SUMIFS('[2]PP PRD'!$Q:$Q,'[2]PP PRD'!$G:$G,A:A,'[2]PP PRD'!$H:$H,B:B,'[2]PP PRD'!$D:$D,$H$2) -> 0 | E33: =SUMIFS('[2]PP BOTTOM SEAL'!$L:$L,'[2]PP BOTTOM SEAL'!$I:$I,A33,'[2]PP BOTTOM SEAL'!$H:$H,B33,'[2]PP BOTTOM SEAL'!$D:$D,$F$1) -> 0 | F33: =SUMIFS('[2]PP SIDE SEAL'!$L:$L,'[2]PP SIDE SEAL'!$I:$I,A33,'[2]PP SIDE SEAL'!$H:$H,B33,'[2]PP SIDE SEAL'!$D:$D,$F$1) -> 0 | G33: =+C33-E33 -> 500 | L33: 15 | M33: 4 | N33: =34+51+53+54+47+66+51+50+39+55 -> 500
A34: 16 | B34: 8 | C34: 58 | D34: =SUMIFS('[2]PP PRD'!$Q:$Q,'[2]PP PRD'!$G:$G,A:A,'[2]PP PRD'!$H:$H,B:B,'[2]PP PRD'!$D:$D,$H$2) -> 265.83 | E34: =SUMIFS('[2]PP BOTTOM SEAL'!$L:$L,'[2]PP BOTTOM SEAL'!$I:$I,A34,'[2]PP BOTTOM SEAL'!$H:$H,B34,'[2]PP BOTTOM SEAL'!$D:$D,$F$1) -> 0 | F34: =SUMIFS('[2]PP SIDE SEAL'!$L:$L,'[2]PP SIDE SEAL'!$I:$I,A34,'[2]PP SIDE SEAL'!$H:$H,B34,'[2]PP SIDE SEAL'!$D:$D,$F$1) -> 0 | G34: =+C34-E34 -> 58 | L34: 16 | M34: 8 | N34: =28+30 -> 58
A35: 15 | B35: 7 | C35: 35 | D35: =SUMIFS('[2]PP PRD'!$Q:$Q,'[2]PP PRD'!$G:$G,A:A,'[2]PP PRD'!$H:$H,B:B,'[2]PP PRD'!$D:$D,$H$2) -> 0 | E35: =SUMIFS('[2]PP BOTTOM SEAL'!$L:$L,'[2]PP BOTTOM SEAL'!$I:$I,A35,'[2]PP BOTTOM SEAL'!$H:$H,B35,'[2]PP BOTTOM SEAL'!$D:$D,$F$1) -> 0 | F35: =SUMIFS('[2]PP SIDE SEAL'!$L:$L,'[2]PP SIDE SEAL'!$I:$I,A35,'[2]PP SIDE SEAL'!$H:$H,B35,'[2]PP SIDE SEAL'!$D:$D,$F$1) -> 0 | G35: =+C35-E35 -> 35 | L35: 15 | M35: 7 | N35: =17+18 -> 35
A36: 8 | B36: 6.5 | C36: 273 | D36: =SUMIFS('[2]PP PRD'!$Q:$Q,'[2]PP PRD'!$G:$G,A:A,'[2]PP PRD'!$H:$H,B:B,'[2]PP PRD'!$D:$D,$H$2) -> 0 | E36: =SUMIFS('[2]PP BOTTOM SEAL'!$L:$L,'[2]PP BOTTOM SEAL'!$I:$I,A36,'[2]PP BOTTOM SEAL'!$H:$H,B36,'[2]PP BOTTOM SEAL'!$D:$D,$F$1) -> 0 | F36: =SUMIFS('[2]PP SIDE SEAL'!$L:$L,'[2]PP SIDE SEAL'!$I:$I,A36,'[2]PP SIDE SEAL'!$H:$H,B36,'[2]PP SIDE SEAL'!$D:$D,$F$1) -> 0 | G36: =+C36-E36 -> 273 | L36: 8 | M36: 6.5 | N36: =27+46+40+40+40+40+40 -> 273
A37: 18 | B37: 7 | C37: 51 | D37: =SUMIFS('[2]PP PRD'!$Q:$Q,'[2]PP PRD'!$G:$G,A:A,'[2]PP PRD'!$H:$H,B:B,'[2]PP PRD'!$D:$D,$H$2) -> 121.98 | E37: =SUMIFS('[2]PP BOTTOM SEAL'!$L:$L,'[2]PP BOTTOM SEAL'!$I:$I,A37,'[2]PP BOTTOM SEAL'!$H:$H,B37,'[2]PP BOTTOM SEAL'!$D:$D,$F$1) -> 0 | F37: =SUMIFS('[2]PP SIDE SEAL'!$L:$L,'[2]PP SIDE SEAL'!$I:$I,A37,'[2]PP SIDE SEAL'!$H:$H,B37,'[2]PP SIDE SEAL'!$D:$D,$F$1) -> 0 | G37: =+C37-E37 -> 51 | L37: 18 | M37: 7 | N37: 51
A38: 8 | B38: 4 | C38: 24 | D38: =SUMIFS('[2]PP PRD'!$Q:$Q,'[2]PP PRD'!$G:$G,A:A,'[2]PP PRD'!$H:$H,B:B,'[2]PP PRD'!$D:$D,$H$2) -> 0 | E38: =SUMIFS('[2]PP BOTTOM SEAL'!$L:$L,'[2]PP BOTTOM SEAL'!$I:$I,A38,'[2]PP BOTTOM SEAL'!$H:$H,B38,'[2]PP BOTTOM SEAL'!$D:$D,$F$1) -> 0 | F38: =SUMIFS('[2]PP SIDE SEAL'!$L:$L,'[2]PP SIDE SEAL'!$I:$I,A38,'[2]PP SIDE SEAL'!$H:$H,B38,'[2]PP SIDE SEAL'!$D:$D,$F$1) -> 0 | G38: =+C38-E38 -> 24 | L38: 8 | M38: 4 | N38: 24
A39: 8 | B39: 10 | C39: 27 | D39: =SUMIFS('[2]PP PRD'!$Q:$Q,'[2]PP PRD'!$G:$G,A:A,'[2]PP PRD'!$H:$H,B:B,'[2]PP PRD'!$D:$D,$H$2) -> 0 | E39: =SUMIFS('[2]PP BOTTOM SEAL'!$L:$L,'[2]PP BOTTOM SEAL'!$I:$I,A39,'[2]PP BOTTOM SEAL'!$H:$H,B39,'[2]PP BOTTOM SEAL'!$D:$D,$F$1) -> 0 | F39: =SUMIFS('[2]PP SIDE SEAL'!$L:$L,'[2]PP SIDE SEAL'!$I:$I,A39,'[2]PP SIDE SEAL'!$H:$H,B39,'[2]PP SIDE SEAL'!$D:$D,$F$1) -> 0 | G39: =+C39-E39 -> 27 | L39: 8 | M39: 10 | N39: 27
A40: 9 | B40: 10 | C40: 31 | D40: =SUMIFS('[2]PP PRD'!$Q:$Q,'[2]PP PRD'!$G:$G,A:A,'[2]PP PRD'!$H:$H,B:B,'[2]PP PRD'!$D:$D,$H$2) -> 0 | E40: =SUMIFS('[2]PP BOTTOM SEAL'!$L:$L,'[2]PP BOTTOM SEAL'!$I:$I,A40,'[2]PP BOTTOM SEAL'!$H:$H,B40,'[2]PP BOTTOM SEAL'!$D:$D,$F$1) -> 0 | F40: =SUMIFS('[2]PP SIDE SEAL'!$L:$L,'[2]PP SIDE SEAL'!$I:$I,A40,'[2]PP SIDE SEAL'!$H:$H,B40,'[2]PP SIDE SEAL'!$D:$D,$F$1) -> 0 | G40: =+C40-E40 -> 31 | L40: 9 | M40: 10 | N40: 31
A41: 16 | B41: 7 | C41: 181 | D41: =SUMIFS('[2]PP PRD'!$Q:$Q,'[2]PP PRD'!$G:$G,A:A,'[2]PP PRD'!$H:$H,B:B,'[2]PP PRD'!$D:$D,$H$2) -> 0 | E41: =SUMIFS('[2]PP BOTTOM SEAL'!$L:$L,'[2]PP BOTTOM SEAL'!$I:$I,A41,'[2]PP BOTTOM SEAL'!$H:$H,B41,'[2]PP BOTTOM SEAL'!$D:$D,$F$1) -> 0 | F41: =SUMIFS('[2]PP SIDE SEAL'!$L:$L,'[2]PP SIDE SEAL'!$I:$I,A41,'[2]PP SIDE SEAL'!$H:$H,B41,'[2]PP SIDE SEAL'!$D:$D,$F$1) -> 0 | G41: =+C41-E41 -> 181 | L41: 16 | M41: 7 | N41: =47+80+54 -> 181
A42: 20 | B42: 12 | C42: 35 | D42: =SUMIFS('[2]PP PRD'!$Q:$Q,'[2]PP PRD'!$G:$G,A:A,'[2]PP PRD'!$H:$H,B:B,'[2]PP PRD'!$D:$D,$H$2) -> 0 | E42: =SUMIFS('[2]PP BOTTOM SEAL'!$L:$L,'[2]PP BOTTOM SEAL'!$I:$I,A42,'[2]PP BOTTOM SEAL'!$H:$H,B42,'[2]PP BOTTOM SEAL'!$D:$D,$F$1) -> 0 | F42: =SUMIFS('[2]PP SIDE SEAL'!$L:$L,'[2]PP SIDE SEAL'!$I:$I,A42,'[2]PP SIDE SEAL'!$H:$H,B42,'[2]PP SIDE SEAL'!$D:$D,$F$1) -> 0 | G42: =+C42-E42 -> 35 | L42: 20 | M42: 12 | N42: 35
A43: 22 | B43: 15 | C43: 46 | D43: =SUMIFS('[2]PP PRD'!$Q:$Q,'[2]PP PRD'!$G:$G,A:A,'[2]PP PRD'!$H:$H,B:B,'[2]PP PRD'!$D:$D,$H$2) -> 0 | E43: =SUMIFS('[2]PP BOTTOM SEAL'!$L:$L,'[2]PP BOTTOM SEAL'!$I:$I,A43,'[2]PP BOTTOM SEAL'!$H:$H,B43,'[2]PP BOTTOM SEAL'!$D:$D,$F$1) -> 0 | F43: =SUMIFS('[2]PP SIDE SEAL'!$L:$L,'[2]PP SIDE SEAL'!$I:$I,A43,'[2]PP SIDE SEAL'!$H:$H,B43,'[2]PP SIDE SEAL'!$D:$D,$F$1) -> 0 | G43: =+C43-E43 -> 46 | L43: 22 | M43: 15 | N43: 46
A44: 18 | B44: 10 | C44: 115 | D44: =SUMIFS('[2]PP PRD'!$Q:$Q,'[2]PP PRD'!$G:$G,A:A,'[2]PP PRD'!$H:$H,B:B,'[2]PP PRD'!$D:$D,$H$2) -> 0 | E44: =SUMIFS('[2]PP BOTTOM SEAL'!$L:$L,'[2]PP BOTTOM SEAL'!$I:$I,A44,'[2]PP BOTTOM SEAL'!$H:$H,B44,'[2]PP BOTTOM SEAL'!$D:$D,$F$1) -> 0 | F44: =SUMIFS('[2]PP SIDE SEAL'!$L:$L,'[2]PP SIDE SEAL'!$I:$I,A44,'[2]PP SIDE SEAL'!$H:$H,B44,'[2]PP SIDE SEAL'!$D:$D,$F$1) -> 0 | G44: =+C44-E44 -> 115 | L44: 18 | M44: 10 | N44: =56+59 -> 115
A45: 7 | B45: 15 | C45: 20 | D45: =SUMIFS('[2]PP PRD'!$Q:$Q,'[2]PP PRD'!$G:$G,A:A,'[2]PP PRD'!$H:$H,B:B,'[2]PP PRD'!$D:$D,$H$2) -> 0 | E45: =SUMIFS('[2]PP BOTTOM SEAL'!$L:$L,'[2]PP BOTTOM SEAL'!$I:$I,A45,'[2]PP BOTTOM SEAL'!$H:$H,B45,'[2]PP BOTTOM SEAL'!$D:$D,$F$1) -> 0 | F45: =SUMIFS('[2]PP SIDE SEAL'!$L:$L,'[2]PP SIDE SEAL'!$I:$I,A45,'[2]PP SIDE SEAL'!$H:$H,B45,'[2]PP SIDE SEAL'!$D:$D,$F$1) -> 0 | G45: =+C45-E45 -> 20 | L45: 7 | M45: 15 | N45: 20
A46: 10 | B46: 5 | C46: -1320 | D46: =SUMIFS('[2]PP PRD'!$Q:$Q,'[2]PP PRD'!$G:$G,A:A,'[2]PP PRD'!$H:$H,B:B,'[2]PP PRD'!$D:$D,$H$2) -> 0 | E46: =SUMIFS('[2]PP BOTTOM SEAL'!$L:$L,'[2]PP BOTTOM SEAL'!$I:$I,A46,'[2]PP BOTTOM SEAL'!$H:$H,B46,'[2]PP BOTTOM SEAL'!$D:$D,$F$1) -> 375 | F46: =SUMIFS('[2]PP SIDE SEAL'!$L:$L,'[2]PP SIDE SEAL'!$I:$I,A46,'[2]PP SIDE SEAL'!$H:$H,B46,'[2]PP SIDE SEAL'!$D:$D,$F$1) -> 0 | G46: =+C46-E46 -> -1695 | L46: 10 | M46: 5 | N46: =11+12+35+43+51+28 -> 180
A47: 9 | B47: 5 | C47: 152 | D47: =SUMIFS('[2]PP PRD'!$Q:$Q,'[2]PP PRD'!$G:$G,A:A,'[2]PP PRD'!$H:$H,B:B,'[2]PP PRD'!$D:$D,$H$2) -> 0 | E47: =SUMIFS('[2]PP BOTTOM SEAL'!$L:$L,'[2]PP BOTTOM SEAL'!$I:$I,A47,'[2]PP BOTTOM SEAL'!$H:$H,B47,'[2]PP BOTTOM SEAL'!$D:$D,$F$1) -> 25 | F47: =SUMIFS('[2]PP SIDE SEAL'!$L:$L,'[2]PP SIDE SEAL'!$I:$I,A47,'[2]PP SIDE SEAL'!$H:$H,B47,'[2]PP SIDE SEAL'!$D:$D,$F$1) -> 0 | G47: =+C47-E47 -> 127 | L47: 9 | M47: 5 | N47: =35+34+47+48+52+36 -> 252
A48: 1.5 | B48: 5.5-6 | C48: 138 | D48: =SUMIFS('[2]PP PRD'!$Q:$Q,'[2]PP PRD'!$G:$G,A:A,'[2]PP PRD'!$H:$H,B:B,'[2]PP PRD'!$D:$D,$H$2) -> 0 | E48: =SUMIFS('[2]PP BOTTOM SEAL'!$L:$L,'[2]PP BOTTOM SEAL'!$I:$I,A48,'[2]PP BOTTOM SEAL'!$H:$H,B48,'[2]PP BOTTOM SEAL'!$D:$D,$F$1) -> 0 | F48: =SUMIFS('[2]PP SIDE SEAL'!$L:$L,'[2]PP SIDE SEAL'!$I:$I,A48,'[2]PP SIDE SEAL'!$H:$H,B48,'[2]PP SIDE SEAL'!$D:$D,$F$1) -> 0 | G48: =+C48-E48 -> 138 | L48: 1.5 | M48: 5.5-6 | N48: =20+20+21+21+19+19+18 -> 138
A49: 2.5 | B49: 5.5-6 | C49: 480 | D49: =SUMIFS('[2]PP PRD'!$Q:$Q,'[2]PP PRD'!$G:$G,A:A,'[2]PP PRD'!$H:$H,B:B,'[2]PP PRD'!$D:$D,$H$2) -> 189.24 | E49: =SUMIFS('[2]PP BOTTOM SEAL'!$L:$L,'[2]PP BOTTOM SEAL'!$I:$I,A49,'[2]PP BOTTOM SEAL'!$H:$H,B49,'[2]PP BOTTOM SEAL'!$D:$D,$F$1) -> 0 | F49: =SUMIFS('[2]PP SIDE SEAL'!$L:$L,'[2]PP SIDE SEAL'!$I:$I,A49,'[2]PP SIDE SEAL'!$H:$H,B49,'[2]PP SIDE SEAL'!$D:$D,$F$1) -> 0 | G49: =+C49-E49 -> 480 | L49: 2.5 | M49: 5.5-6 | N49: =112+368 -> 480
A50: 4 | B50: 5.5-6 | C50: 97 | D50: =SUMIFS('[2]PP PRD'!$Q:$Q,'[2]PP PRD'!$G:$G,A:A,'[2]PP PRD'!$H:$H,B:B,'[2]PP PRD'!$D:$D,$H$2) -> 0 | E50: =SUMIFS('[2]PP BOTTOM SEAL'!$L:$L,'[2]PP BOTTOM SEAL'!$I:$I,A50,'[2]PP BOTTOM SEAL'!$H:$H,B50,'[2]PP BOTTOM SEAL'!$D:$D,$F$1) -> 0 | F50: =SUMIFS('[2]PP SIDE SEAL'!$L:$L,'[2]PP SIDE SEAL'!$I:$I,A50,'[2]PP SIDE SEAL'!$H:$H,B50,'[2]PP SIDE SEAL'!$D:$D,$F$1) -> 0 | G50: =+C50-E50 -> 97 | L50: 4 | M50: 5.5-6 | N50: =19+21+20+18+19 -> 97
A51: 3 | B51: 5.5-6 | C51: 564 | D51: =SUMIFS('[2]PP PRD'!$Q:$Q,'[2]PP PRD'!$G:$G,A:A,'[2]PP PRD'!$H:$H,B:B,'[2]PP PRD'!$D:$D,$H$2) -> 0 | E51: =SUMIFS('[2]PP BOTTOM SEAL'!$L:$L,'[2]PP BOTTOM SEAL'!$I:$I,A51,'[2]PP BOTTOM SEAL'!$H:$H,B51,'[2]PP BOTTOM SEAL'!$D:$D,$F$1) -> 0 | F51: =SUMIFS('[2]PP SIDE SEAL'!$L:$L,'[2]PP SIDE SEAL'!$I:$I,A51,'[2]PP SIDE SEAL'!$H:$H,B51,'[2]PP SIDE SEAL'!$D:$D,$F$1) -> 0 | G51: =+C51-E51 -> 564 | L51: 3 | M51: 5.5-6 | N51: =22+20+30+23+21+23+22+23+23+21+24+18+23+24+23+24+23+17+17+26+21+25+27+19+25 -> 564
A52: 14 | B52: 4 | C52: 91 | D52: =SUMIFS('[2]PP PRD'!$Q:$Q,'[2]PP PRD'!$G:$G,A:A,'[2]PP PRD'!$H:$H,B:B,'[2]PP PRD'!$D:$D,$H$2) -> 0 | E52: =SUMIFS('[2]PP BOTTOM SEAL'!$L:$L,'[2]PP BOTTOM SEAL'!$I:$I,A52,'[2]PP BOTTOM SEAL'!$H:$H,B52,'[2]PP BOTTOM SEAL'!$D:$D,$F$1) -> 0 | F52: =SUMIFS('[2]PP SIDE SEAL'!$L:$L,'[2]PP SIDE SEAL'!$I:$I,A52,'[2]PP SIDE SEAL'!$H:$H,B52,'[2]PP SIDE SEAL'!$D:$D,$F$1) -> 0 | G52: =+C52-E52 -> 91 | L52: 14 | M52: 4 | N52: =47+14+12+18 -> 91
A53: 16 | B53: 4 | C53: 35 | D53: =SUMIFS('[2]PP PRD'!$Q:$Q,'[2]PP PRD'!$G:$G,A:A,'[2]PP PRD'!$H:$H,B:B,'[2]PP PRD'!$D:$D,$H$2) -> 0 | E53: =SUMIFS('[2]PP BOTTOM SEAL'!$L:$L,'[2]PP BOTTOM SEAL'!$I:$I,A53,'[2]PP BOTTOM SEAL'!$H:$H,B53,'[2]PP BOTTOM SEAL'!$D:$D,$F$1) -> 0 | F53: =SUMIFS('[2]PP SIDE SEAL'!$L:$L,'[2]PP SIDE SEAL'!$I:$I,A53,'[2]PP SIDE SEAL'!$H:$H,B53,'[2]PP SIDE SEAL'!$D:$D,$F$1) -> 0 | G53: =+C53-E53 -> 35 | L53: 16 | M53: 4 | N53: 35
A54: 12 | B54: 4 | C54: 47 | D54: =SUMIFS('[2]PP PRD'!$Q:$Q,'[2]PP PRD'!$G:$G,A:A,'[2]PP PRD'!$H:$H,B:B,'[2]PP PRD'!$D:$D,$H$2) -> 0 | E54: =SUMIFS('[2]PP BOTTOM SEAL'!$L:$L,'[2]PP BOTTOM SEAL'!$I:$I,A54,'[2]PP BOTTOM SEAL'!$H:$H,B54,'[2]PP BOTTOM SEAL'!$D:$D,$F$1) -> 0 | F54: =SUMIFS('[2]PP SIDE SEAL'!$L:$L,'[2]PP SIDE SEAL'!$I:$I,A54,'[2]PP SIDE SEAL'!$H:$H,B54,'[2]PP SIDE SEAL'!$D:$D,$F$1) -> 0 | G54: =+C54-E54 -> 47 | L54: 12 | M54: 4 | N54: =25+22 -> 47
A55: 26 | B55: 5 | C55: 236 | D55: =SUMIFS('[2]PP PRD'!$Q:$Q,'[2]PP PRD'!$G:$G,A:A,'[2]PP PRD'!$H:$H,B:B,'[2]PP PRD'!$D:$D,$H$2) -> 0 | E55: =SUMIFS('[2]PP BOTTOM SEAL'!$L:$L,'[2]PP BOTTOM SEAL'!$I:$I,A55,'[2]PP BOTTOM SEAL'!$H:$H,B55,'[2]PP BOTTOM SEAL'!$D:$D,$F$1) -> 0 | F55: =SUMIFS('[2]PP SIDE SEAL'!$L:$L,'[2]PP SIDE SEAL'!$I:$I,A55,'[2]PP SIDE SEAL'!$H:$H,B55,'[2]PP SIDE SEAL'!$D:$D,$F$1) -> 0 | G55: =+C55-E55 -> 236 | L55: 26 | M55: 5 | N55: =31+67+71+67 -> 236
A56: 27 | B56: 5 | C56: 55 | D56: =SUMIFS('[2]PP PRD'!$Q:$Q,'[2]PP PRD'!$G:$G,A:A,'[2]PP PRD'!$H:$H,B:B,'[2]PP PRD'!$D:$D,$H$2) -> 0 | E56: =SUMIFS('[2]PP BOTTOM SEAL'!$L:$L,'[2]PP BOTTOM SEAL'!$I:$I,A56,'[2]PP BOTTOM SEAL'!$H:$H,B56,'[2]PP BOTTOM SEAL'!$D:$D,$F$1) -> 0 | F56: =SUMIFS('[2]PP SIDE SEAL'!$L:$L,'[2]PP SIDE SEAL'!$I:$I,A56,'[2]PP SIDE SEAL'!$H:$H,B56,'[2]PP SIDE SEAL'!$D:$D,$F$1) -> 0 | G56: =+C56-E56 -> 55 | L56: 27 | M56: 5 | N56: 55
A57: 28 | B57: 5 | C57: 328 | D57: =SUMIFS('[2]PP PRD'!$Q:$Q,'[2]PP PRD'!$G:$G,A:A,'[2]PP PRD'!$H:$H,B:B,'[2]PP PRD'!$D:$D,$H$2) -> 0 | E57: =SUMIFS('[2]PP BOTTOM SEAL'!$L:$L,'[2]PP BOTTOM SEAL'!$I:$I,A57,'[2]PP BOTTOM SEAL'!$H:$H,B57,'[2]PP BOTTOM SEAL'!$D:$D,$F$1) -> 0 | F57: =SUMIFS('[2]PP SIDE SEAL'!$L:$L,'[2]PP SIDE SEAL'!$I:$I,A57,'[2]PP SIDE SEAL'!$H:$H,B57,'[2]PP SIDE SEAL'!$D:$D,$F$1) -> 0 | G57: =+C57-E57 -> 328 | L57: 28 | M57: 5 | N57: =58+58+61+55+55+41 -> 328
A58: 28 | B58: 4 | C58: 61 | D58: =SUMIFS('[2]PP PRD'!$Q:$Q,'[2]PP PRD'!$G:$G,A:A,'[2]PP PRD'!$H:$H,B:B,'[2]PP PRD'!$D:$D,$H$2) -> 0 | E58: =SUMIFS('[2]PP BOTTOM SEAL'!$L:$L,'[2]PP BOTTOM SEAL'!$I:$I,A58,'[2]PP BOTTOM SEAL'!$H:$H,B58,'[2]PP BOTTOM SEAL'!$D:$D,$F$1) -> 0 | F58: =SUMIFS('[2]PP SIDE SEAL'!$L:$L,'[2]PP SIDE SEAL'!$I:$I,A58,'[2]PP SIDE SEAL'!$H:$H,B58,'[2]PP SIDE SEAL'!$D:$D,$F$1) -> 0 | G58: =+C58-E58 -> 61 | L58: 28 | M58: 4 | N58: 61
A59: 27 | B59: 6 | C59: 116 | D59: =SUMIFS('[2]PP PRD'!$Q:$Q,'[2]PP PRD'!$G:$G,A:A,'[2]PP PRD'!$H:$H,B:B,'[2]PP PRD'!$D:$D,$H$2) -> 0 | E59: =SUMIFS('[2]PP BOTTOM SEAL'!$L:$L,'[2]PP BOTTOM SEAL'!$I:$I,A59,'[2]PP BOTTOM SEAL'!$H:$H,B59,'[2]PP BOTTOM SEAL'!$D:$D,$F$1) -> 0 | F59: =SUMIFS('[2]PP SIDE SEAL'!$L:$L,'[2]PP SIDE SEAL'!$I:$I,A59,'[2]PP SIDE SEAL'!$H:$H,B59,'[2]PP SIDE SEAL'!$D:$D,$F$1) -> 0 | G59: =+C59-E59 -> 116 | L59: 27 | M59: 6 | N59: =58+58 -> 116
A60: 16 | B60: 6 | C60: -147.6 | D60: =SUMIFS('[2]PP PRD'!$Q:$Q,'[2]PP PRD'!$G:$G,A:A,'[2]PP PRD'!$H:$H,B:B,'[2]PP PRD'!$D:$D,$H$2) -> 0 | E60: =SUMIFS('[2]PP BOTTOM SEAL'!$L:$L,'[2]PP BOTTOM SEAL'!$I:$I,A60,'[2]PP BOTTOM SEAL'!$H:$H,B60,'[2]PP BOTTOM SEAL'!$D:$D,$F$1) -> 146.4 | F60: =SUMIFS('[2]PP SIDE SEAL'!$L:$L,'[2]PP SIDE SEAL'!$I:$I,A60,'[2]PP SIDE SEAL'!$H:$H,B60,'[2]PP SIDE SEAL'!$D:$D,$F$1) -> 0 | G60: =+C60-E60 -> -294 | L60: 16 | M60: 6 | N60: =47+42+43+52+35+33+35+61+41+45+47+33+41+54+36+47+51+46+49+50+54+50+52+48+51+52+46+48+50+49 -> 1388
A61: 14 | B61: 10-11 | C61: 50 | D61: =SUMIFS('[2]PP PRD'!$Q:$Q,'[2]PP PRD'!$G:$G,A:A,'[2]PP PRD'!$H:$H,B:B,'[2]PP PRD'!$D:$D,$H$2) -> 0 | E61: =SUMIFS('[2]PP BOTTOM SEAL'!$L:$L,'[2]PP BOTTOM SEAL'!$I:$I,A61,'[2]PP BOTTOM SEAL'!$H:$H,B61,'[2]PP BOTTOM SEAL'!$D:$D,$F$1) -> 0 | F61: =SUMIFS('[2]PP SIDE SEAL'!$L:$L,'[2]PP SIDE SEAL'!$I:$I,A61,'[2]PP SIDE SEAL'!$H:$H,B61,'[2]PP SIDE SEAL'!$D:$D,$F$1) -> 0 | G61: =+C61-E61 -> 50 | L61: 14 | M61: 10-11 | N61: 50
A62: 21 | B62: 6.5 | C62: 113 | D62: =SUMIFS('[2]PP PRD'!$Q:$Q,'[2]PP PRD'!$G:$G,A:A,'[2]PP PRD'!$H:$H,B:B,'[2]PP PRD'!$D:$D,$H$2) -> 0 | E62: =SUMIFS('[2]PP BOTTOM SEAL'!$L:$L,'[2]PP BOTTOM SEAL'!$I:$I,A62,'[2]PP BOTTOM SEAL'!$H:$H,B62,'[2]PP BOTTOM SEAL'!$D:$D,$F$1) -> 0 | F62: =SUMIFS('[2]PP SIDE SEAL'!$L:$L,'[2]PP SIDE SEAL'!$I:$I,A62,'[2]PP SIDE SEAL'!$H:$H,B62,'[2]PP SIDE SEAL'!$D:$D,$F$1) -> 0 | G62: =+C62-E62 -> 113 | L62: 21 | M62: 6.5 | N62: =58+55 -> 113
A63: 23 | B63: 5 | C63: 71 | D63: =SUMIFS('[2]PP PRD'!$Q:$Q,'[2]PP PRD'!$G:$G,A:A,'[2]PP PRD'!$H:$H,B:B,'[2]PP PRD'!$D:$D,$H$2) -> 0 | E63: =SUMIFS('[2]PP BOTTOM SEAL'!$L:$L,'[2]PP BOTTOM SEAL'!$I:$I,A63,'[2]PP BOTTOM SEAL'!$H:$H,B63,'[2]PP BOTTOM SEAL'!$D:$D,$F$1) -> 0 | F63: =SUMIFS('[2]PP SIDE SEAL'!$L:$L,'[2]PP SIDE SEAL'!$I:$I,A63,'[2]PP SIDE SEAL'!$H:$H,B63,'[2]PP SIDE SEAL'!$D:$D,$F$1) -> 0 | G63: =+C63-E63 -> 71 | L63: 23 | M63: 5 | N63: =44+27 -> 71
A64: 8 | B64: 8 | C64: 34 | D64: =SUMIFS('[2]PP PRD'!$Q:$Q,'[2]PP PRD'!$G:$G,A:A,'[2]PP PRD'!$H:$H,B:B,'[2]PP PRD'!$D:$D,$H$2) -> 0 | E64: =SUMIFS('[2]PP BOTTOM SEAL'!$L:$L,'[2]PP BOTTOM SEAL'!$I:$I,A64,'[2]PP BOTTOM SEAL'!$H:$H,B64,'[2]PP BOTTOM SEAL'!$D:$D,$F$1) -> 0 | F64: =SUMIFS('[2]PP SIDE SEAL'!$L:$L,'[2]PP SIDE SEAL'!$I:$I,A64,'[2]PP SIDE SEAL'!$H:$H,B64,'[2]PP SIDE SEAL'!$D:$D,$F$1) -> 0 | G64: =+C64-E64 -> 34 | L64: 8 | M64: 8 | N64: 34
A65: 9 | B65: 5.6 | C65: 1791 | D65: =SUMIFS('[2]PP PRD'!$Q:$Q,'[2]PP PRD'!$G:$G,A:A,'[2]PP PRD'!$H:$H,B:B,'[2]PP PRD'!$D:$D,$H$2) -> 0 | E65: =SUMIFS('[2]PP BOTTOM SEAL'!$L:$L,'[2]PP BOTTOM SEAL'!$I:$I,A65,'[2]PP BOTTOM SEAL'!$H:$H,B65,'[2]PP BOTTOM SEAL'!$D:$D,$F$1) -> 0 | F65: =SUMIFS('[2]PP SIDE SEAL'!$L:$L,'[2]PP SIDE SEAL'!$I:$I,A65,'[2]PP SIDE SEAL'!$H:$H,B65,'[2]PP SIDE SEAL'!$D:$D,$F$1) -> 0 | G65: =+C65-E65 -> 1791 | L65: 9 | M65: 5.6 | N65: =10+13+17+15+15+16+17+18+16+16+16+17+16+20+20+12+10+13+15+14+14+18+18+18+14+16+17+16+16+19+10+17+16+14+14+14+15+15+16+15+15+15+15+15+14+18+15+6+15+14+14+15+14+14+13+12+16+15+16+19+17+9+17+15+15+15+15+13+13+14+14+14+15+15+15+16+18+7+16+13+14+13+11+12+11+15+15+15+15+16+16+16+15+15+16+15+14+12+12+13+14+16+15+15+16+17+14+14+15+15+14+12+14+17+16+12+24+12+16+14+14 -> 1791
A66: 5 | B66: 4.5 | C66: 14 | D66: =SUMIFS('[2]PP PRD'!$Q:$Q,'[2]PP PRD'!$G:$G,A:A,'[2]PP PRD'!$H:$H,B:B,'[2]PP PRD'!$D:$D,$H$2) -> 0 | E66: =SUMIFS('[2]PP BOTTOM SEAL'!$L:$L,'[2]PP BOTTOM SEAL'!$I:$I,A66,'[2]PP BOTTOM SEAL'!$H:$H,B66,'[2]PP BOTTOM SEAL'!$D:$D,$F$1) -> 0 | F66: =SUMIFS('[2]PP SIDE SEAL'!$L:$L,'[2]PP SIDE SEAL'!$I:$I,A66,'[2]PP SIDE SEAL'!$H:$H,B66,'[2]PP SIDE SEAL'!$D:$D,$F$1) -> 0 | G66: =+C66-E66 -> 14 | L66: 5 | M66: 4.5 | N66: 14
A67: 5 | B67: 5-5.5 | C67: 333 | D67: =SUMIFS('[2]PP PRD'!$Q:$Q,'[2]PP PRD'!$G:$G,A:A,'[2]PP PRD'!$H:$H,B:B,'[2]PP PRD'!$D:$D,$H$2) -> 0 | E67: =SUMIFS('[2]PP BOTTOM SEAL'!$L:$L,'[2]PP BOTTOM SEAL'!$I:$I,A67,'[2]PP BOTTOM SEAL'!$H:$H,B67,'[2]PP BOTTOM SEAL'!$D:$D,$F$1) -> 0 | F67: =SUMIFS('[2]PP SIDE SEAL'!$L:$L,'[2]PP SIDE SEAL'!$I:$I,A67,'[2]PP SIDE SEAL'!$H:$H,B67,'[2]PP SIDE SEAL'!$D:$D,$F$1) -> 0 | G67: =+C67-E67 -> 333 | L67: 5 | M67: 5-5.5 | N67: =9+13+18+13+14+15+16+17+19+21+20+21+10+8+10+10+13+12+13+15+15+13+18 -> 333
A68: 3.5 | B68: 5-5.5 | C68: 175 | D68: =SUMIFS('[2]PP PRD'!$Q:$Q,'[2]PP PRD'!$G:$G,A:A,'[2]PP PRD'!$H:$H,B:B,'[2]PP PRD'!$D:$D,$H$2) -> 0 | E68: =SUMIFS('[2]PP BOTTOM SEAL'!$L:$L,'[2]PP BOTTOM SEAL'!$I:$I,A68,'[2]PP BOTTOM SEAL'!$H:$H,B68,'[2]PP BOTTOM SEAL'!$D:$D,$F$1) -> 0 | F68: =SUMIFS('[2]PP SIDE SEAL'!$L:$L,'[2]PP SIDE SEAL'!$I:$I,A68,'[2]PP SIDE SEAL'!$H:$H,B68,'[2]PP SIDE SEAL'!$D:$D,$F$1) -> 0 | G68: =+C68-E68 -> 175 | L68: 3.5 | M68: 5-5.5 | N68: =12+8+10+15+20+18+21+17+17+17+10+10 -> 175
A69: 4.5 | B69: 4.5-5 | C69: 87 | D69: =SUMIFS('[2]PP PRD'!$Q:$Q,'[2]PP PRD'!$G:$G,A:A,'[2]PP PRD'!$H:$H,B:B,'[2]PP PRD'!$D:$D,$H$2) -> 0 | E69: =SUMIFS('[2]PP BOTTOM SEAL'!$L:$L,'[2]PP BOTTOM SEAL'!$I:$I,A69,'[2]PP BOTTOM SEAL'!$H:$H,B69,'[2]PP BOTTOM SEAL'!$D:$D,$F$1) -> 0 | F69: =SUMIFS('[2]PP SIDE SEAL'!$L:$L,'[2]PP SIDE SEAL'!$I:$I,A69,'[2]PP SIDE SEAL'!$H:$H,B69,'[2]PP SIDE SEAL'!$D:$D,$F$1) -> 0 | G69: =+C69-E69 -> 87 | L69: 4.5 | M69: 4.5-5 | N69: =11+11+13+15+19+18 -> 87
A70: 3 | B70: 5-5.5 | C70: 1071 | D70: =SUMIFS('[2]PP PRD'!$Q:$Q,'[2]PP PRD'!$G:$G,A:A,'[2]PP PRD'!$H:$H,B:B,'[2]PP PRD'!$D:$D,$H$2) -> 0 | E70: =SUMIFS('[2]PP BOTTOM SEAL'!$L:$L,'[2]PP BOTTOM SEAL'!$I:$I,A70,'[2]PP BOTTOM SEAL'!$H:$H,B70,'[2]PP BOTTOM SEAL'!$D:$D,$F$1) -> 0 | F70: =SUMIFS('[2]PP SIDE SEAL'!$L:$L,'[2]PP SIDE SEAL'!$I:$I,A70,'[2]PP SIDE SEAL'!$H:$H,B70,'[2]PP SIDE SEAL'!$D:$D,$F$1) -> 0 | G70: =+C70-E70 -> 1071 | L70: 3 | M70: 5-5.5 | N70: =11+18+14+13+16+15+15+14+14+14+12+16+15+16+14+11+11+10+12+12+11+10+10+15+14+12+14+15+15+16+15+14+15+15+15+14+14+14+16+16+15+14+16+12+11+15+15+15+15+17+15+13+17+16+15+15+15+14+16+13+11+15+14+13+16+16+16+16+15+15+15+16+16+15+15 -> 1071
A71: 4 | B71: 5.5-6 | C71: 191 | D71: =SUMIFS('[2]PP PRD'!$Q:$Q,'[2]PP PRD'!$G:$G,A:A,'[2]PP PRD'!$H:$H,B:B,'[2]PP PRD'!$D:$D,$H$2) -> 0 | E71: =SUMIFS('[2]PP BOTTOM SEAL'!$L:$L,'[2]PP BOTTOM SEAL'!$I:$I,A71,'[2]PP BOTTOM SEAL'!$H:$H,B71,'[2]PP BOTTOM SEAL'!$D:$D,$F$1) -> 0 | F71: =SUMIFS('[2]PP SIDE SEAL'!$L:$L,'[2]PP SIDE SEAL'!$I:$I,A71,'[2]PP SIDE SEAL'!$H:$H,B71,'[2]PP SIDE SEAL'!$D:$D,$F$1) -> 0 | G71: =+C71-E71 -> 191 | L71: 4 | M71: 5.5-6 | N71: =10+10+14+12+14+16+15+14+14+16+20+19+17 -> 191
A72: 2 | B72: 5.5-6 | C72: 204 | D72: =SUMIFS('[2]PP PRD'!$Q:$Q,'[2]PP PRD'!$G:$G,A:A,'[2]PP PRD'!$H:$H,B:B,'[2]PP PRD'!$D:$D,$H$2) -> 0 | E72: =SUMIFS('[2]PP BOTTOM SEAL'!$L:$L,'[2]PP BOTTOM SEAL'!$I:$I,A72,'[2]PP BOTTOM SEAL'!$H:$H,B72,'[2]PP BOTTOM SEAL'!$D:$D,$F$1) -> 0 | F72: =SUMIFS('[2]PP SIDE SEAL'!$L:$L,'[2]PP SIDE SEAL'!$I:$I,A72,'[2]PP SIDE SEAL'!$H:$H,B72,'[2]PP SIDE SEAL'!$D:$D,$F$1) -> 0 | G72: =+C72-E72 -> 204 | L72: 2 | M72: 5.5-6 | N72: =6+8+10+9+8+9+8+10+8+9+9+9+8+5+7+6+6+11+11+12+12+11+9+9+9+14+12+6+5+5+6+5+7+7+7+7+8+8+8 -> 324
A73: 3 | B73: 5-5.5 | C73: 92 | D73: =SUMIFS('[2]PP PRD'!$Q:$Q,'[2]PP PRD'!$G:$G,A:A,'[2]PP PRD'!$H:$H,B:B,'[2]PP PRD'!$D:$D,$H$2) -> 0 | E73: =SUMIFS('[2]PP BOTTOM SEAL'!$L:$L,'[2]PP BOTTOM SEAL'!$I:$I,A73,'[2]PP BOTTOM SEAL'!$H:$H,B73,'[2]PP BOTTOM SEAL'!$D:$D,$F$1) -> 0 | F73: =SUMIFS('[2]PP SIDE SEAL'!$L:$L,'[2]PP SIDE SEAL'!$I:$I,A73,'[2]PP SIDE SEAL'!$H:$H,B73,'[2]PP SIDE SEAL'!$D:$D,$F$1) -> 0 | G73: =+C73-E73 -> 92 | L73: 3 | M73: 5-5.5 | N73: =42+50 -> 92
A74: 22 | B74: 6 | C74: 0 | D74: =SUMIFS('[2]PP PRD'!$Q:$Q,'[2]PP PRD'!$G:$G,A:A,'[2]PP PRD'!$H:$H,B:B,'[2]PP PRD'!$D:$D,$H$2) -> 0 | E74: =SUMIFS('[2]PP BOTTOM SEAL'!$L:$L,'[2]PP BOTTOM SEAL'!$I:$I,A74,'[2]PP BOTTOM SEAL'!$H:$H,B74,'[2]PP BOTTOM SEAL'!$D:$D,$F$1) -> 0 | F74: =SUMIFS('[2]PP SIDE SEAL'!$L:$L,'[2]PP SIDE SEAL'!$I:$I,A74,'[2]PP SIDE SEAL'!$H:$H,B74,'[2]PP SIDE SEAL'!$D:$D,$F$1) -> 0 | G74: =+C74-E74 -> 0 | L74: 22 | M74: 6
A75: 3.5 | B75: 5.5-6 | C75: 0 | D75: =SUMIFS('[2]PP PRD'!$Q:$Q,'[2]PP PRD'!$G:$G,A:A,'[2]PP PRD'!$H:$H,B:B,'[2]PP PRD'!$D:$D,$H$2) -> 0 | E75: =SUMIFS('[2]PP BOTTOM SEAL'!$L:$L,'[2]PP BOTTOM SEAL'!$I:$I,A75,'[2]PP BOTTOM SEAL'!$H:$H,B75,'[2]PP BOTTOM SEAL'!$D:$D,$F$1) -> 0 | F75: =SUMIFS('[2]PP SIDE SEAL'!$L:$L,'[2]PP SIDE SEAL'!$I:$I,A75,'[2]PP SIDE SEAL'!$H:$H,B75,'[2]PP SIDE SEAL'!$D:$D,$F$1) -> 0 | G75: =+C75-E75 -> 0 | L75: 3.5 | M75: 5.5-6
A76: 9 | B76: 5-5.5 | C76: 0 | D76: =SUMIFS('[2]PP PRD'!$Q:$Q,'[2]PP PRD'!$G:$G,A:A,'[2]PP PRD'!$H:$H,B:B,'[2]PP PRD'!$D:$D,$H$2) -> 0 | E76: =SUMIFS('[2]PP BOTTOM SEAL'!$L:$L,'[2]PP BOTTOM SEAL'!$I:$I,A76,'[2]PP BOTTOM SEAL'!$H:$H,B76,'[2]PP BOTTOM SEAL'!$D:$D,$F$1) -> 0 | F76: =SUMIFS('[2]PP SIDE SEAL'!$L:$L,'[2]PP SIDE SEAL'!$I:$I,A76,'[2]PP SIDE SEAL'!$H:$H,B76,'[2]PP SIDE SEAL'!$D:$D,$F$1) -> 0 | G76: =+C76-E76 -> 0 | L76: 9 | M76: 5-5.5
A77: 16 | B77: 5-5.5 | C77: 0 | D77: =SUMIFS('[2]PP PRD'!$Q:$Q,'[2]PP PRD'!$G:$G,A:A,'[2]PP PRD'!$H:$H,B:B,'[2]PP PRD'!$D:$D,$H$2) -> 0 | E77: =SUMIFS('[2]PP BOTTOM SEAL'!$L:$L,'[2]PP BOTTOM SEAL'!$I:$I,A77,'[2]PP BOTTOM SEAL'!$H:$H,B77,'[2]PP BOTTOM SEAL'!$D:$D,$F$1) -> 0 | F77: =SUMIFS('[2]PP SIDE SEAL'!$L:$L,'[2]PP SIDE SEAL'!$I:$I,A77,'[2]PP SIDE SEAL'!$H:$H,B77,'[2]PP SIDE SEAL'!$D:$D,$F$1) -> 0 | G77: =+C77-E77 -> 0 | L77: 16 | M77: 5-5.5
A78: 20 | B78: 6 | C78: -800 | D78: =SUMIFS('[2]PP PRD'!$Q:$Q,'[2]PP PRD'!$G:$G,A:A,'[2]PP PRD'!$H:$H,B:B,'[2]PP PRD'!$D:$D,$H$2) -> 0 | E78: =SUMIFS('[2]PP BOTTOM SEAL'!$L:$L,'[2]PP BOTTOM SEAL'!$I:$I,A78,'[2]PP BOTTOM SEAL'!$H:$H,B78,'[2]PP BOTTOM SEAL'!$D:$D,$F$1) -> 200 | F78: =SUMIFS('[2]PP SIDE SEAL'!$L:$L,'[2]PP SIDE SEAL'!$I:$I,A78,'[2]PP SIDE SEAL'!$H:$H,B78,'[2]PP SIDE SEAL'!$D:$D,$F$1) -> 0 | G78: =+C78-E78 -> -1000 | L78: 20 | M78: 6
A79: 10 | B79: 8 | C79: -444.4 | D79: =SUMIFS('[2]PP PRD'!$Q:$Q,'[2]PP PRD'!$G:$G,A:A,'[2]PP PRD'!$H:$H,B:B,'[2]PP PRD'!$D:$D,$H$2) -> 0 | E79: =SUMIFS('[2]PP BOTTOM SEAL'!$L:$L,'[2]PP BOTTOM SEAL'!$I:$I,A79,'[2]PP BOTTOM SEAL'!$H:$H,B79,'[2]PP BOTTOM SEAL'!$D:$D,$F$1) -> 111.1 | F79: =SUMIFS('[2]PP SIDE SEAL'!$L:$L,'[2]PP SIDE SEAL'!$I:$I,A79,'[2]PP SIDE SEAL'!$H:$H,B79,'[2]PP SIDE SEAL'!$D:$D,$F$1) -> 0 | G79: =+C79-E79 -> -555.5 | L79: 10 | M79: 8

Sheet LD F.G ROLL
A1: SO# | B1: Party Name | C1: MATERIAL | D1: JOB NAME | E1: Roll Size | F1: Guage | G1: Seal | H1: Section IN | I1: TR # | J1: DATE | K1: I.BAGS | L1: WEIGHT | M1: CORE | N1: NET WEIGHT | O1: TO Section OUT | P1: PO# | Q1: BILL # | R1: DATE 2 | S1: O.ROLLS | T1: O.KGS
A2: =CONCATENATE(E2,"/",F2) -> 19/12 | B2: Usman Amin | C2: LDN | D2: LDN | E2: 19 | F2: 12 | H2: LD PRO | J2: 45904 | K2: 1 | L2: 43 | M2: 2.2 | N2: =+L2-M2 -> 40.8
A3: =CONCATENATE(E3,"/",F3) -> 18/7 | B3: Usman Amin | C3: LDN | D3: LDN | E3: 18 | F3: 7 | H3: LD PRO | J3: 45904 | K3: 4 | L3: 244 | M3: 8.4 | N3: 235.6
A4: =CONCATENATE(E4,"/",F4) -> 18/7 | B4: Usman Amin | C4: LDN | D4: LDN | E4: 18 | F4: 7 | H4: LD PRO | J4: 45904 | K4: 2 | L4: 105.6 | M4: 4.3 | N4: =+L4-M4 -> 101.3
A5: =CONCATENATE(E5,"/",F5) -> 19/7 | B5: Usman Amin | C5: LDN | D5: LDN | E5: 19 | F5: 7 | H5: LD PRO | J5: 45904 | K5: 3 | L5: 175.2 | M5: 6.6 | N5: =+L5-M5 -> 168.6
A6: =CONCATENATE(E6,"/",F6) -> 8/15-16 | B6: DW Organic Dairy Farms Kasur | C6: LDM | D6: LDN | E6: 8 | F6: 15-16 | H6: LD PRO | J6: 45904 | K6: 3 | L6: 104.8 | M6: 3 | N6: =+L6-M6 -> 101.8
A7: =CONCATENATE(E7,"/",F7) -> 7/20 | B7: Moazmi Plastic Sahiwal | C7: LDM | D7: LDN | E7: 7 | F7: 20 | H7: LD PRO | J7: 45904 | K7: 3 | L7: 108.4 | M7: 2.7 | N7: =+L7-M7 -> 105.7
A8: =CONCATENATE(E8,"/",F8) -> 7/20 | B8: Moazmi Plastic Sahiwal | C8: LDM | D8: LDN | E8: 7 | F8: 20 | H8: LD PRO | J8: 45904 | K8: 2 | L8: 101.2 | M8: 1.9 | N8: =+L8-M8 -> 99.3
A9: =CONCATENATE(E9,"/",F9) -> 5/9 | B9: GOGA PLASTIC GJW | C9: PT MILKY | D9: LDN | E9: 5 | F9: 9 | H9: LD PRO | J9: 45904 | K9: 4 | L9: 115.6 | M9: 2.5 | N9: =+L9-M9 -> 113.1
A10: =CONCATENATE(E10,"/",F10) -> 30/12-13 | B10: HONDA ATLAS (CARS) LTD | C10: LDN | D10: LDN | E10: 30 | F10: 12-13 | H10: LD PRO | J10: 45904 | K10: 3 | L10: 293.2 | M10: 9.9 | N10: =+L10-M10 -> 283.3
A11: =CONCATENATE(E11,"/",F11) -> 23-23.5/70 GRAM | B11: MATCO FOOD | C11: LDN | D11: LDN | E11: 23-23.5 | F11: 70 GRAM | H11: LD PRO | J11: 45904 | K11: 2 | L11: 202.2 | M11: 5.6 | N11: =+L11-M11 -> 196.6
A12: =CONCATENATE(E12,"/",F12) -> 23-23.5/70 GRAM | B12: MATCO FOOD | C12: LDN | D12: LDN | E12: 23-23.5 | F12: 70 GRAM | H12: LD PRO | J12: 45904 | K12: 4 | L12: 421.4 | M12: 11.2 | N12: =+L12-M12 -> 410.2
A13: =CONCATENATE(E13,"/",F13) -> / | B13: PACKING ROLL | D13: LDN | H13: LD PRO | J13: 45904 | K13: 1 | L13: 75.8 | M13: 2.8 | N13: =+L13-M13 -> 73
A14: =CONCATENATE(E14,"/",F14) -> 20" شیٹ/7-7.5/14-15 | B14: Khurshid Hmaidi Foam Afghanstan | C14: LDM | D14: LDN | E14: 20" شیٹ | F14: 7-7.5/14-15 | H14: LD PRO | J14: 45904 | K14: 4 | L14: 299.8 | M14: 9.3 | N14: =+L14-M14 -> 290.5
A15: =CONCATENATE(E15,"/",F15) -> 20 شیٹ/7-7.5/14-15 | B15: Shafi Foam Lahore | C15: LDM | D15: LDN | E15: 20 شیٹ | F15: 7-7.5/14-15 | H15: LD PRO | J15: 45904 | K15: 2 | L15: 102.4 | M15: 3.8 | N15: =+L15-M15 -> 98.6
A16: =CONCATENATE(E16,"/",F16) -> 19/7 | B16: Usman Amin | C16: LDN | D16: LDN | E16: 19 | F16: 7 | H16: LD PRO | J16: 45905 | K16: 2 | L16: 106.2 | M16: 4.4 | N16: =+L16-M16 -> 101.8
A17: =CONCATENATE(E17,"/",F17) -> 13/8-8.5 | B17: Waqas Wollan Mills Gujranwala | C17: LDN | D17: LDN | E17: 13 | F17: 8-8.5 | H17: LD PRO | J17: 45905 | K17: 1 | L17: 59.2 | M17: 1.7 | N17: =+L17-M17 -> 57.5
A18: =CONCATENATE(E18,"/",F18) -> 13/8-8.5 | B18: Waqas Wollan Mills Gujranwala | C18: LDN | D18: LDN | E18: 13 | F18: 8-8.5 | H18: LD PRO | J18: 45905 | K18: 2 | L18: 108.2 | M18: 3.5 | N18: =+L18-M18 -> 104.7
A19: =CONCATENATE(E19,"/",F19) -> 13/8-8.5 | B19: Usman Amin | C19: LDN | D19: LDN | E19: 13 | F19: 8-8.5 | H19: LD PRO | J19: 45905 | K19: 1 | L19: 62 | M19: 1.7 | N19: =+L19-M19 -> 60.3
A20: =CONCATENATE(E20,"/",F20) -> 16/14 | B20: Cakes and Bakes Lahore | C20: LDN | D20: LDN | E20: 16 | F20: 14 | H20: LD PRO | J20: 45905 | K20: 1 | L20: 45.4 | M20: 2 | N20: =+L20-M20 -> 43.4
A21: =CONCATENATE(E21,"/",F21) -> 5/9 | B21: GOGA PLASTIC GJW | C21: PT MILKY | D21: LDN | E21: 5 | F21: 9 | H21: LD PRO | J21: 45905 | K21: 5 | L21: 139.7 | M21: 3.5 | N21: =+L21-M21 -> 136.2
A22: =CONCATENATE(E22,"/",F22) -> 23-23.5/70 GRAM | B22: MATCO FOOD | C22: LDN | D22: LDN | E22: 23-23.5 | F22: 70 GRAM | H22: LD PRO | J22: 45905 | K22: 3 | L22: 353.6 | M22: 8.4 | N22: =+L22-M22 -> 345.2
A23: =CONCATENATE(E23,"/",F23) -> 23-23.5/70 GRAM | B23: MATCO FOOD | C23: LDN | D23: LDN | E23: 23-23.5 | F23: 70 GRAM | H23: LD PRO | J23: 45905 | K23: 3 | L23: 362 | M23: 8.4 | N23: =+L23-M23 -> 353.6
A24: =CONCATENATE(E24,"/",F24) -> 20 شیٹ/7-7.5/14-15 | B24: Shafi Foam Lahore | C24: LDM | D24: LDN | E24: 20 شیٹ | F24: 7-7.5/14-15 | H24: LD PRO | J24: 45905 | K24: 2 | L24: 118 | M24: 4 | N24: =+L24-M24 -> 114
A25: =CONCATENATE(E25,"/",F25) -> 20 شیٹ/6-6.5/12-13 | B25: Shafi Foam Lahore | C25: LDM | D25: LDN | E25: 20 شیٹ | F25: 6-6.5/12-13 | H25: LD PRO | J25: 45905 | K25: 4 | L25: 220.4 | M25: 8 | N25: =+L25-M25 -> 212.4
A26: =CONCATENATE(E26,"/",F26) -> 432 MM/17-18 | B26: Service Industry Gujrat | C26: LDM | D26: LDN | E26: 432 MM | F26: 17-18 | H26: LD PRO | J26: 45905 | K26: 4 | L26: 245.8 | M26: 8 | N26: =+L26-M26 -> 237.8
A27: =CONCATENATE(E27,"/",F27) -> 428 MM/17-18 | B27: Service Industry Gujrat | C27: LDM | D27: LDN | E27: 428 MM | F27: 17-18 | H27: LD PRO | J27: 45905 | K27: 2 | L27: 132.6 | M27: 4 | N27: =+L27-M27 -> 128.6
A28: =CONCATENATE(E28,"/",F28) -> 23-23.5/70 GRAM | B28: MATCO FOOD | C28: LDN | D28: LDN | E28: 23-23.5 | F28: 70 GRAM | H28: LD PRO | J28: 45905 | K28: 2 | L28: 278.4 | M28: 5.6 | N28: =+L28-M28 -> 272.8
A29: =CONCATENATE(E29,"/",F29) -> 15/12 | B29: Usman Amin | C29: LDN | D29: LDN | E29: 15 | F29: 12 | H29: LD PRO | J29: 45903 | K29: 3 | L29: 216.6 | M29: 5.1 | N29: =+L29-M29 -> 211.5
A30: =CONCATENATE(E30,"/",F30) -> 15/12 | B30: Usman Amin | C30: LDN | D30: LDN | E30: 15 | F30: 12 | H30: LD PRO | J30: 45903 | K30: 2 | L30: 126.4 | M30: 3.4 | N30: =+L30-M30 -> 123
A31: =CONCATENATE(E31,"/",F31) -> 15/12 | B31: Usman Amin | C31: LDN | D31: LDN | E31: 15 | F31: 12 | H31: LD PRO | J31: 45903 | K31: 4 | L31: 195.6 | M31: 7.6 | N31: =+L31-M31 -> 188
A32: =CONCATENATE(E32,"/",F32) -> 19/12 | B32: Usman Amin | C32: LDN | D32: LDN | E32: 19 | F32: 12 | H32: LD PRO | J32: 45903 | K32: 2 | L32: 75.2 | M32: 5 | N32: =+L32-M32 -> 70.2
A33: =CONCATENATE(E33,"/",F33) -> 19/12 | B33: Usman Amin | C33: LDN | D33: LDN | E33: 19 | F33: 12 | H33: LD PRO | J33: 45903 | K33: 1 | L33: 37.8 | M33: 2.5 | N33: =+L33-M33 -> 35.3
A34: =CONCATENATE(E34,"/",F34) -> 16/13.5-14 | B34: The Kids Mall Lahore | C34: LDM | D34: LDN | E34: 16 | F34: 13.5-14 | H34: LD PRO | J34: 45903 | K34: 1 | L34: 100.2 | M34: 1.9 | N34: =+L34-M34 -> 98.3
A35: =CONCATENATE(E35,"/",F35) -> 18.5/15-16 | B35: The Kids Mall Lahore | C35: LDM | D35: LDN | E35: 18.5 | F35: 15-16 | H35: LD PRO | J35: 45903 | K35: 3 | L35: 202.8 | M35: 6.3 | N35: =+L35-M35 -> 196.5
A36: =CONCATENATE(E36,"/",F36) -> 18.5/15-16 | B36: The Kids Mall Lahore | C36: LDM | D36: LDN | E36: 18.5 | F36: 15-16 | H36: LD PRO | J36: 45903 | K36: 2 | L36: 125.4 | M36: 4.3 | N36: =+L36-M36 -> 121.1
A37: =CONCATENATE(E37,"/",F37) -> 14.5/12.5-13 | B37: The Kids Mall Lahore | C37: LDM | D37: LDN | E37: 14.5 | F37: 12.5-13 | H37: LD PRO | J37: 45903 | K37: 4 | L37: 224.6 | M37: 7.5 | N37: =+L37-M37 -> 217.1
A38: =CONCATENATE(E38,"/",F38) -> 14/13-14 | B38: The Kids Mall Lahore | C38: LDM | D38: LDN | E38: 14 | F38: 13-14 | H38: LD PRO | J38: 45903 | K38: 2 | L38: 104 | M38: 3.5 | N38: =+L38-M38 -> 100.5
A39: =CONCATENATE(E39,"/",F39) -> 13/12.5-13 | B39: The Kids Mall Lahore | C39: LDM | D39: LDN | E39: 13 | F39: 12.5-13 | H39: LD PRO | J39: 45903 | K39: 2 | L39: 107.8 | M39: 3.5 | N39: =+L39-M39 -> 104.3
A40: =CONCATENATE(E40,"/",F40) -> 17/7-7.5 | B40: Usman Amin | C40: LDN | D40: LDN | E40: 17 | F40: 7-7.5 | H40: LD PRO | J40: 45903 | K40: 7 | L40: 444 | M40: 14 | N40: =+L40-M40 -> 430
... A42: =CONCATENATE(E42,"/",F42) -> 30/12-13 | B42: HONDA ATLAS (CARS) LTD | C42: LDN | D42: LDN | E42: 30 | F42: 12-13 | H42: LD PRO | J42: 45903 | K42: 1 | L42: 106.4 | M42: 3.2 | N42: =+L42-M42 -> 103.2
A43: =CONCATENATE(E43,"/",F43) -> 19/7.7.5 | B43: Usman Amin | C43: LDN | D43: LDN | E43: 19 | F43: 7.7.5 | H43: LD PRO | J43: 45903 | K43: 4 | L43: =95.6+87.8 -> 183.4 | M43: 4.4 | N43: =+L43-M43 -> 179
A44: =CONCATENATE(E44,"/",F44) -> 14.25/13-14/26-28 | B44: Jilani Poly Stock | C44: HD وائیٹ | D44: LDN | E44: 14.25 | F44: 13-14/26-28 | H44: LD PRO | J44: 45903 | K44: 6 | L44: 321.2 | M44: 10.8 | N44: =+L44-M44 -> 310.4
A45: =CONCATENATE(E45,"/",F45) -> 14.25/13-14/26-28 | B45: Jilani Poly Stock | C45: HD بلیک | D45: LDN | E45: 14.25 | F45: 13-14/26-28 | H45: LD PRO | J45: 45903 | K45: 10 | L45: 465 | M45: 18 | N45: =+L45-M45 -> 447
A46: =CONCATENATE(E46,"/",F46) -> 30/ | B46: PACKING ROLL | D46: LDN | E46: 30 | H46: LD PRO | J46: 45903 | K46: 1 | L46: 78.6 | M46: 3.8 | N46: =+L46-M46 -> 74.8
A47: =CONCATENATE(E47,"/",F47) -> 19.5/14-15 | B47: Irfan SB Azam Market LHR | C47: LD گولڈن پیلا | D47: LDN | E47: 19.5 | F47: 14-15 | H47: LD PRO | J47: 45903 | K47: 10 | L47: 538.4 | M47: 24 | N47: =+L47-M47 -> 514.4
A48: =CONCATENATE(E48,"/",F48) -> 11/18 | B48: Chezo Cheez Lahore | C48: LDN | D48: LDN | E48: 11 | F48: 18 | H48: LD PRO | J48: 45902 | K48: 1 | L48: 47.8 | M48: 1.5 | N48: =+L48-M48 -> 46.3
A49: =CONCATENATE(E49,"/",F49) -> 7/7.5-8 | B49: Shafique Khan SB Sheikhupura | C49: LDN | D49: LDN | E49: 7 | F49: 7.5-8 | H49: LD PRO | J49: 45902 | K49: 2 | L49: 101.8 | M49: 1.8 | N49: =+L49-M49 -> 100
A50: =CONCATENATE(E50,"/",F50) -> 18/12-13 | B50: Umair PP Adda Crown C/O Majest Plastic LHR | C50: LDM | D50: LDN | E50: 18 | F50: 12-13 | H50: LD PRO | J50: 45902 | K50: 2 | L50: 95.4 | M50: 4 | N50: =+L50-M50 -> 91.4
A51: =CONCATENATE(E51,"/",F51) -> 6.5/7.5-8 | B51: Shafique Khan SB Sheikhupura | C51: LDN | D51: LDN | E51: 6.5 | F51: 7.5-8 | H51: LD PRO | J51: 45902 | K51: 3 | L51: 124.2 | M51: 2.4 | N51: =+L51-M51 -> 121.8
A52: =CONCATENATE(E52,"/",F52) -> 15/12 | B52: Usman Amin | C52: LDN | D52: LDN | E52: 15 | F52: 12 | H52: LD PRO | J52: 45902 | K52: 1 | L52: 73.4 | M52: 1.8 | N52: =+L52-M52 -> 71.6
A53: =CONCATENATE(E53,"/",F53) -> 15/24-25 | B53: Fixit Tile Band Lahore | C53: LDM | D53: LDN | E53: 15 | F53: 24-25 | H53: LD PRO | J53: 45902 | K53: 2 | L53: 133.6 | M53: 3.4 | N53: =+L53-M53 -> 130.2
A54: =CONCATENATE(E54,"/",F54) -> 18/12-13 | B54: Ramada Multan | C54: LDM | D54: LDN | E54: 18 | F54: 12-13 | H54: LD PRO | J54: 45902 | K54: 2 | L54: 106.1 | M54: 4.2 | N54: =+L54-M54 -> 101.9
A55: =CONCATENATE(E55,"/",F55) -> 18/12-13 | B55: Umair PP Adda Crown C/O Majest Plastic LHR | C55: LDM | D55: LDN | E55: 18 | F55: 12-13 | H55: LD PRO | J55: 45902 | K55: 4 | L55: 197 | M55: 9 | N55: =+L55-M55 -> 188
A56: =CONCATENATE(E56,"/",F56) -> 18/12-13 | B56: Umair PP Adda Crown C/O Majest Plastic LHR | C56: LDM | D56: LDN | E56: 18 | F56: 12-13 | H56: LD PRO | J56: 45902 | K56: 2 | L56: 88.8 | M56: 2.2 | N56: =+L56-M56 -> 86.6
A57: =CONCATENATE(E57,"/",F57) -> 16/12-13 | B57: Umair PP Adda Crown C/O Majest Plastic LHR | C57: LDM | D57: LDN | E57: 16 | F57: 12-13 | H57: LD PRO | J57: 45902 | K57: 2 | L57: 88.8 | M57: 3.8 | N57: =+L57-M57 -> 85
A58: =CONCATENATE(E58,"/",F58) -> 16/13.5-14 | B58: The Kids Mall Lahore | C58: LDM | D58: LDN | E58: 16 | F58: 13.5-14 | H58: LD PRO | J58: 45902 | K58: 1 | L58: 90 | M58: 4.2 | N58: =+L58-M58 -> 85.8
A59: =CONCATENATE(E59,"/",F59) -> 16/8 | B59: Ibraheem Filter Industry (SMC.PVT.LTD) | C59: LDN | D59: LDN | E59: 16 | F59: 8 | H59: LD PRO | J59: 45902 | K59: 7 | L59: 338.49 | M59: 13.61 | N59: =+L59-M59 -> 324.88
A60: =CONCATENATE(E60,"/",F60) -> 16/8 | B60: Usman Amin | C60: LDN | D60: LDN | E60: 16 | F60: 8 | H60: LD PRO | J60: 45902 | K60: 5 | L60: 208.6 | M60: 9.9 | N60: =+L60-M60 -> 198.7
A61: =CONCATENATE(E61,"/",F61) -> 17/7-7.5 | B61: Usman Amin | C61: LDN | D61: LDN | E61: 17 | F61: 7-7.5 | H61: LD PRO | J61: 45902 | K61: 1 | L61: 46.8 | M61: 2 | N61: =+L61-M61 -> 44.8
A62: =CONCATENATE(E62,"/",F62) -> 19/12 | B62: Usman Amin | C62: LDN | D62: LDN | E62: 19 | F62: 12 | H62: LD PRO | J62: 45902 | K62: 2 | L62: 107.8 | M62: 4.4 | N62: =+L62-M62 -> 103.4
A63: =CONCATENATE(E63,"/",F63) -> 17/8 | B63: Usman Amin | C63: LDN | D63: LDN | E63: 17 | F63: 8 | H63: LD PRO | J63: 45902 | K63: 2 | L63: 105.2 | M63: 4.4 | N63: =+L63-M63 -> 100.8
A64: =CONCATENATE(E64,"/",F64) -> 27.5/4/8 | B64: Usman Amin | C64: LDN | D64: LDN | E64: 27.5 | F64: 4/8 | H64: LD PRO | J64: 45902 | K64: 2 | L64: 141.2 | M64: 6.8 | N64: =+L64-M64 -> 134.4
A65: =CONCATENATE(E65,"/",F65) -> 23-23.5/70 G+-1 | B65: MATCO FOOD | C65: LDN | D65: LDN | E65: 23-23.5 | F65: 70 G+-1 | H65: LD PRO | J65: 45902 | K65: 3 | L65: 322 | M65: 6.9 | N65: =+L65-M65 -> 315.1
A66: =CONCATENATE(E66,"/",F66) -> 27/4/8 | B66: Usman Amin | C66: LDN | D66: LDN | E66: 27 | F66: 4/8 | H66: LD PRO | J66: 45902 | K66: 2 | L66: 154 | M66: 6.8 | N66: =+L66-M66 -> 147.2
A67: =CONCATENATE(E67,"/",F67) -> 36/10-10.5 | B67: Wazirstan Tex Azam Market LHR | C67: LDN | D67: LDN | E67: 36 | F67: 10-10.5 | H67: LD PRO | J67: 45902 | K67: 1 | L67: 45.8 | M67: 4.6 | N67: =+L67-M67 -> 41.2
A68: =CONCATENATE(E68,"/",F68) -> 36/10-10.5 | B68: Wazirstan Tex Azam Market LHR | C68: LDN | D68: LDN | E68: 36 | F68: 10-10.5 | H68: LD PRO | J68: 45902 | K68: 2 | L68: 118.4 | M68: 9.2 | N68: =+L68-M68 -> 109.2
A69: =CONCATENATE(E69,"/",F69) -> 36/4/8 | B69: Usman Amin | C69: LDN | D69: LDN | E69: 36 | F69: 4/8 | H69: LD PRO | J69: 45902 | K69: 4 | L69: 224 | M69: 18.4 | N69: =+L69-M69 -> 205.6
A70: =CONCATENATE(E70,"/",F70) -> 37/4/8 | B70: Usman Amin | C70: LDN | D70: LDN | E70: 37 | F70: 4/8 | H70: LD PRO | J70: 45902 | K70: 6 | L70: 320.6 | M70: 20.4 | N70: =+L70-M70 -> 300.2
A71: =CONCATENATE(E71,"/",F71) -> 19/12 | B71: Usman Amin | C71: LDN | D71: LDN | E71: 19 | F71: 12 | O71: LD DISPATCH | Q71: 720 | R71: 45904 | S71: 2 | T71: 75.2
A72: =CONCATENATE(E72,"/",F72) -> 17/7-7.5 | B72: Usman Amin | C72: LDN | D72: LDN | E72: 17 | F72: 7-7.5 | O72: LD DISPATCH | Q72: 720 | R72: 45904 | S72: 10 | T72: 587.4
A73: =CONCATENATE(E73,"/",F73) -> 15/12 | B73: Usman Amin | C73: LDN | D73: LDN | E73: 15 | F73: 12 | O73: LD DISPATCH | Q73: 720 | R73: 45904 | S73: 6 | T73: 322
A74: =CONCATENATE(E74,"/",F74) -> 19.5/14-15 | B74: Irfan SB Azam Market LHR | C74: LD گولڈن پیلا | D74: LDN | E74: 19.5 | F74: 14-15 | O74: LD DISPATCH | Q74: 720 | R74: 45904 | S74: 10 | T74: 515.4
A75: =CONCATENATE(E75,"/",F75) -> 19/12 | B75: Usman Amin | C75: LDN | D75: LDN | E75: 19 | F75: 12 | O75: LD DISPATCH | Q75: 721 | R75: 45904 | S75: 2 | T75: 80.8
A76: =CONCATENATE(E76,"/",F76) -> 19/7.7.5 | B76: Usman Amin | C76: LDN | D76: LDN | E76: 19 | F76: 7.7.5 | O76: LD DISPATCH | Q76: 721 | R76: 45904 | S76: 4 | T76: 183.4
A77: =CONCATENATE(E77,"/",F77) -> 15/12 | B77: Usman Amin | C77: LDN | D77: LDN | E77: 15 | F77: 12 | O77: LD DISPATCH | Q77: 721 | R77: 45904 | S77: 4 | T77: 290
A78: =CONCATENATE(E78,"/",F78) -> 18.5/15-16 | B78: The Kids Mall Lahore | C78: LDM | D78: LDN | E78: 18.5 | F78: 15-16 | O78: LD DISPATCH | Q78: 721 | R78: 45904 | S78: 3 | T78: 202.8
A79: =CONCATENATE(E79,"/",F79) -> 14.5/12.5-13 | B79: The Kids Mall Lahore | C79: LDM | D79: LDN | E79: 14.5 | F79: 12.5-13 | O79: LD DISPATCH | Q79: 722 | R79: 45904 | S79: 4 | T79: 224.6
A80: =CONCATENATE(E80,"/",F80) -> 13/12.5-13 | B80: The Kids Mall Lahore | C80: LDM | D80: LDN | E80: 13 | F80: 12.5-13 | O80: PRINTING | P80: 4077 J | Q80: 722 | R80: 45904 | S80: 2 | T80: 107.8
A81: =CONCATENATE(E81,"/",F81) -> 14/13-14 | B81: The Kids Mall Lahore | C81: LDM | D81: LDN | E81: 14 | F81: 13-14 | O81: LD DISPATCH | Q81: 722 | R81: 45904 | S81: 2 | T81: 104
A82: =CONCATENATE(E82,"/",F82) -> 18.5/15-16 | B82: The Kids Mall Lahore | C82: LDM | D82: LDN | E82: 18.5 | F82: 15-16 | O82: LD DISPATCH | Q82: 722 | R82: 45904 | S82: 2 | T82: 125.4
A83: =CONCATENATE(E83,"/",F83) -> 5/9 | B83: GOGA PLASTIC GJW | C83: PT MILKY | D83: LDN | E83: 5 | F83: 9 | O83: SALE | Q83: 2291 | R83: 45905 | S83: 9 | T83: =299.4-44.1 -> 255.3
A84: =CONCATENATE(E84,"/",F84) -> 18/7 | B84: Usman Amin | C84: LDN | D84: LDN | E84: 18 | F84: 7 | O84: PRINTING | P84: 2092 F | Q84: 723 | R84: 45905 | S84: 6 | T84: 349.6
A85: =CONCATENATE(E85,"/",F85) -> 7/20 | B85: Moazmi Plastic Sahiwal | C85: LDM | D85: LDN | E85: 7 | F85: 20 | O85: PRINTING | P85: 4056 J | Q85: 723 | R85: 45905 | S85: 2 | T85: 101
A86: =CONCATENATE(E86,"/",F86) -> 7/20 | B86: Moazmi Plastic Sahiwal | C86: LDM | D86: LDN | E86: 7 | F86: 20 | O86: PRINTING | P86: 4055 J | Q86: 723 | R86: 45905 | S86: 3 | T86: 108.4
A87: =CONCATENATE(E87,"/",F87) -> 8/15-16 | B87: DW Organic Dairy Farms Kasur | C87: LDM | D87: LDN | E87: 8 | F87: 15-16 | O87: PRINTING | P87: 4088 J | Q87: 723 | R87: 45905 | S87: 3 | T87: 104.8
A88: =CONCATENATE(E88,"/",F88) -> 20 شیٹ/7-7.5/14-15 | B88: Shafi Foam Lahore | C88: LDM | D88: LDN | E88: 20 شیٹ | F88: 7-7.5/14-15 | O88: PRINTING | P88: 4054 J | Q88: 724 | R88: 45905 | S88: 4 | T88: 220.4
A89: =CONCATENATE(E89,"/",F89) -> 20" شیٹ/7-7.5/14-15 | B89: Khurshid Hmaidi Foam Afghanstan | C89: LDM | D89: LDN | E89: 20" شیٹ | F89: 7-7.5/14-15 | O89: PRINTING | P89: 4005 J | Q89: 724 | R89: 45905 | S89: 4 | T89: 299.8
A90: =CONCATENATE(E90,"/",F90) -> 16/10-10.5 | B90: Waqas Wollan Mills Gujranwala | C90: LDN | D90: LDN | E90: 16 | F90: 10-10.5 | H90: LD PRO | I90: 4062 J | J90: 45908 | K90: 2 | L90: 145 | M90: 2.8 | N90: =+L90-M90 -> 142.2
A91: =CONCATENATE(E91,"/",F91) -> 16/8-8.5 | B91: Bundu Khan Lahore | C91: LDN | D91: LDN | E91: 16 | F91: 8-8.5 | H91: LD PRO | I91: 4156 J | J91: 45908 | K91: 4 | L91: 269.2 | M91: 8 | N91: =+L91-M91 -> 261.2
A92: =CONCATENATE(E92,"/",F92) -> 16/10-10.5 | B92: Waqas Wollan Mills Gujranwala | C92: LD پیلا | D92: LDN | E92: 16 | F92: 10-10.5 | H92: LD PRO | I92: 3970 J | J92: 45908 | K92: 2 | L92: 156.8 | M92: 3.8 | N92: =+L92-M92 -> 153
A93: =CONCATENATE(E93,"/",F93) -> 16/10-10.5 | B93: Waqas Wollan Mills Gujranwala | C93: LD بلو | D93: LDN | E93: 16 | F93: 10-10.5 | H93: LD PRO | I93: 3969 J | J93: 45908 | K93: 1 | L93: 81 | M93: 2 | N93: =+L93-M93 -> 79
A94: =CONCATENATE(E94,"/",F94) -> 16/10-10.5 | B94: Waqas Wollan Mills Gujranwala | C94: LD بلو | D94: LDN | E94: 16 | F94: 10-10.5 | H94: LD PRO | I94: 3969 J | J94: 45908 | K94: 1 | L94: 75.2 | M94: 1.6 | N94: =+L94-M94 -> 73.6
A95: =CONCATENATE(E95,"/",F95) -> 16/10-10.5 | B95: Waqas Wollan Mills Gujranwala | C95: LD بلو | D95: LDN | E95: 16 | F95: 10-10.5 | H95: LD PRO | I95: 3984 J | J95: 45908 | K95: 4 | L95: 321.62 | M95: 8 | N95: =+L95-M95 -> 313.62
A96: =CONCATENATE(E96,"/",F96) -> 23-23.5/70 GRAM | B96: MATCO FOOD | C96: LDN | D96: LDN | E96: 23-23.5 | F96: 70 GRAM | H96: LD PRO | I96: 2787/1 | J96: 45908 | K96: 3 | L96: 277.6 | M96: 8.4 | N96: =+L96-M96 -> 269.2
A97: =CONCATENATE(E97,"/",F97) -> 22/12.5-13 | B97: Atlas Honda LTD (SKP) | C97: LDN | D97: LDN | E97: 22 | F97: 12.5-13 | H97: LD PRO | I97: 4139 J | J97: 45908 | K97: 2 | L97: 179.8 | M97: 5.4 | N97: =+L97-M97 -> 174.4
A98: =CONCATENATE(E98,"/",F98) -> 21/14-14.5 | B98: Atlas Honda LTD (SKP) | C98: LDN | D98: LDN | E98: 21 | F98: 14-14.5 | H98: LD PRO | I98: 4149 J | J98: 45908 | K98: 1 | L98: 89.6 | M98: 2.6 | N98: =+L98-M98 -> 87
A99: =CONCATENATE(E99,"/",F99) -> 22/12.5-13 | B99: Atlas Honda LTD (SKP) | C99: LDN | D99: LDN | E99: 22 | F99: 12.5-13 | H99: LD PRO | I99: 4140 J | J99: 45908 | K99: 2 | L99: 185.6 | M99: 5.2 | N99: =+L99-M99 -> 180.4
A100: =CONCATENATE(E100,"/",F100) -> 11/8-8.5 | B100: Waqas Wollan Mills Gujranwala | C100: LDN | D100: LDN | E100: 11 | F100: 8-8.5 | H100: LD PRO | I100: 4060 J | J100: 45909 | K100: 1 | L100: 55 | M100: 1.3 | N100: =+L100-M100 -> 53.7
A101: =CONCATENATE(E101,"/",F101) -> 11/8-8.5 | B101: Waqas Wollan Mills Gujranwala | C101: LDN | D101: LDN | E101: 11 | F101: 8-8.5 | H101: LD PRO | I101: 4060 J | J101: 45909 | K101: 3 | L101: 188.8 | M101: 3.9 | N101: =+L101-M101 -> 184.9
...

Sheet Sheet2
A1: Row Labels | B1: FORMULA | C1: SO | D1: Order Date | E1: PARTY NAME | F1: SIZE | G1: GAUGE | H1: INN BAGS | I1: INN KGS | J1: OUT BAGS | K1: OUT KGS | L1: STOCK BAGS | M1: STOCK KGS | N1: Group | O1: QUALITY | P1: SAP CODE | R1: SAP SIZE | S1: SAP BALANCE
A2: / | C2: =+A2 -> / | D2: =_xlfn.MAXIFS('LD F.G ROLL'!J:J,'LD F.G ROLL'!A:A,C2) -> 45917 | E2: {=IFERROR(VLOOKUP(C2,'LD F.G ROLL'!A:T,{2,5,6},0),"-")} -> PACKING ROLL | F2: 0 | G2: 0 | H2: =SUMIFS('LD F.G ROLL'!K:K,'LD F.G ROLL'!A:A,Sheet2!C2) -> 3 | I2: =SUMIFS('LD F.G ROLL'!L:L,'LD F.G ROLL'!$A:$A,Sheet2!$C2) -> 250 | J2: =SUMIFS('LD F.G ROLL'!S:S,'LD F.G ROLL'!$A:$A,Sheet2!$C2) -> 0 | K2: =SUMIFS('LD F.G ROLL'!T:T,'LD F.G ROLL'!$A:$A,Sheet2!$C2) -> 0 | L2: =+H2-J2 -> 3 | M2: =+I2-K2 -> 250 | N2: {=_xlfn.XLOOKUP(P$2:P$300,'SAP CODE'!F:F,'SAP CODE'!A:A)} -> #N/A | O2: / | P2: =CONCATENATE(F2,O2,G2,) -> 0/0
A3: (blank) | C3: =+A3 -> (blank) | D3: =_xlfn.MAXIFS('LD F.G ROLL'!J:J,'LD F.G ROLL'!A:A,C3) -> 0 | E3: {=IFERROR(VLOOKUP(C3,'LD F.G ROLL'!A:T,{2,5,6},0),"-")} -> - | H3: =SUMIFS('LD F.G ROLL'!K:K,'LD F.G ROLL'!A:A,Sheet2!C3) -> 0 | I3: =SUMIFS('LD F.G ROLL'!L:L,'LD F.G ROLL'!$A:$A,Sheet2!$C3) -> 0 | J3: =SUMIFS('LD F.G ROLL'!S:S,'LD F.G ROLL'!$A:$A,Sheet2!$C3) -> 0 | K3: =SUMIFS('LD F.G ROLL'!T:T,'LD F.G ROLL'!$A:$A,Sheet2!$C3) -> 0 | L3: =+H3-J3 -> 0 | M3: =+I3-K3 -> 0 | N3: 179 | O3: / | P3: =CONCATENATE(F3,O3,G3,) -> /
A4: 19/12 | C4: =+A4 -> 19/12 | D4: =_xlfn.MAXIFS('LD F.G ROLL'!J:J,'LD F.G ROLL'!A:A,C4) -> 45913 | E4: {=IFERROR(VLOOKUP(C4,'LD F.G ROLL'!A:T,{2,5,6},0),"-")} -> Usman Amin | F4: 19 | G4: 12 | H4: =SUMIFS('LD F.G ROLL'!K:K,'LD F.G ROLL'!A:A,Sheet2!C4) -> 13 | I4: =SUMIFS('LD F.G ROLL'!L:L,'LD F.G ROLL'!$A:$A,Sheet2!$C4) -> 853.3 | J4: =SUMIFS('LD F.G ROLL'!S:S,'LD F.G ROLL'!$A:$A,Sheet2!$C4) -> 5 | K4: =SUMIFS('LD F.G ROLL'!T:T,'LD F.G ROLL'!$A:$A,Sheet2!$C4) -> 727.8 | L4: =+H4-J4 -> 8 | M4: =+I4-K4 -> 125.5 | N4: #N/A | O4: / | P4: =CONCATENATE(F4,O4,G4,) -> 19/12
A5: 18/7 | C5: =+A5 -> 18/7 | D5: =_xlfn.MAXIFS('LD F.G ROLL'!J:J,'LD F.G ROLL'!A:A,C5) -> 45904 | E5: {=IFERROR(VLOOKUP(C5,'LD F.G ROLL'!A:T,{2,5,6},0),"-")} -> Usman Amin | F5: 18 | G5: 7 | H5: =SUMIFS('LD F.G ROLL'!K:K,'LD F.G ROLL'!A:A,Sheet2!C5) -> 6 | I5: =SUMIFS('LD F.G ROLL'!L:L,'LD F.G ROLL'!$A:$A,Sheet2!$C5) -> 349.6 | J5: =SUMIFS('LD F.G ROLL'!S:S,'LD F.G ROLL'!$A:$A,Sheet2!$C5) -> 6 | K5: =SUMIFS('LD F.G ROLL'!T:T,'LD F.G ROLL'!$A:$A,Sheet2!$C5) -> 349.6 | L5: =+H5-J5 -> 0 | M5: =+I5-K5 -> 0 | N5: #N/A | O5: / | P5: =CONCATENATE(F5,O5,G5,) -> 18/7
A6: 19/7 | C6: =+A6 -> 19/7 | D6: =_xlfn.MAXIFS('LD F.G ROLL'!J:J,'LD F.G ROLL'!A:A,C6) -> 45905 | E6: {=IFERROR(VLOOKUP(C6,'LD F.G ROLL'!A:T,{2,5,6},0),"-")} -> Usman Amin | F6: 19 | G6: 7 | H6: =SUMIFS('LD F.G ROLL'!K:K,'LD F.G ROLL'!A:A,Sheet2!C6) -> 5 | I6: =SUMIFS('LD F.G ROLL'!L:L,'LD F.G ROLL'!$A:$A,Sheet2!$C6) -> 281.4 | J6: =SUMIFS('LD F.G ROLL'!S:S,'LD F.G ROLL'!$A:$A,Sheet2!$C6) -> 5 | K6: =SUMIFS('LD F.G ROLL'!T:T,'LD F.G ROLL'!$A:$A,Sheet2!$C6) -> 270.4 | L6: =+H6-J6 -> 0 | M6: =+I6-K6 -> 11 | N6: #N/A | O6: / | P6: =CONCATENATE(F6,O6,G6,) -> 19/7
A7: 8/15-16 | C7: =+A7 -> 8/15-16 | D7: =_xlfn.MAXIFS('LD F.G ROLL'!J:J,'LD F.G ROLL'!A:A,C7) -> 45904 | E7: {=IFERROR(VLOOKUP(C7,'LD F.G ROLL'!A:T,{2,5,6},0),"-")} -> DW Organic Dairy Farms Kasur | F7: 8 | G7: 15-16 | H7: =SUMIFS('LD F.G ROLL'!K:K,'LD F.G ROLL'!A:A,Sheet2!C7) -> 3 | I7: =SUMIFS('LD F.G ROLL'!L:L,'LD F.G ROLL'!$A:$A,Sheet2!$C7) -> 104.8 | J7: =SUMIFS('LD F.G ROLL'!S:S,'LD F.G ROLL'!$A:$A,Sheet2!$C7) -> 3 | K7: =SUMIFS('LD F.G ROLL'!T:T,'LD F.G ROLL'!$A:$A,Sheet2!$C7) -> 104.8 | L7: =+H7-J7 -> 0 | M7: =+I7-K7 -> 0 | N7: #N/A | O7: / | P7: =CONCATENATE(F7,O7,G7,) -> 8/15-16
A8: 7/20 | C8: =+A8 -> 7/20 | D8: =_xlfn.MAXIFS('LD F.G ROLL'!J:J,'LD F.G ROLL'!A:A,C8) -> 45904 | E8: {=IFERROR(VLOOKUP(C8,'LD F.G ROLL'!A:T,{2,5,6},0),"-")} -> Moazmi Plastic Sahiwal | F8: 7 | G8: 20 | H8: =SUMIFS('LD F.G ROLL'!K:K,'LD F.G ROLL'!A:A,Sheet2!C8) -> 5 | I8: =SUMIFS('LD F.G ROLL'!L:L,'LD F.G ROLL'!$A:$A,Sheet2!$C8) -> 209.6 | J8: =SUMIFS('LD F.G ROLL'!S:S,'LD F.G ROLL'!$A:$A,Sheet2!$C8) -> 5 | K8: =SUMIFS('LD F.G ROLL'!T:T,'LD F.G ROLL'!$A:$A,Sheet2!$C8) -> 209.4 | L8: =+H8-J8 -> 0 | M8: =+I8-K8 -> 0.2 | N8: #N/A | O8: / | P8: =CONCATENATE(F8,O8,G8,) -> 7/20
A9: 5/9 | C9: =+A9 -> 5/9 | D9: =_xlfn.MAXIFS('LD F.G ROLL'!J:J,'LD F.G ROLL'!A:A,C9) -> 45905 | E9: {=IFERROR(VLOOKUP(C9,'LD F.G ROLL'!A:T,{2,5,6},0),"-")} -> GOGA PLASTIC GJW | F9: 5 | G9: 9 | H9: =SUMIFS('LD F.G ROLL'!K:K,'LD F.G ROLL'!A:A,Sheet2!C9) -> 9 | I9: =SUMIFS('LD F.G ROLL'!L:L,'LD F.G ROLL'!$A:$A,Sheet2!$C9) -> 255.3 | J9: =SUMIFS('LD F.G ROLL'!S:S,'LD F.G ROLL'!$A:$A,Sheet2!$C9) -> 9 | K9: =SUMIFS('LD F.G ROLL'!T:T,'LD F.G ROLL'!$A:$A,Sheet2!$C9) -> 255.3 | L9: =+H9-J9 -> 0 | M9: =+I9-K9 -> 0 | N9: #N/A | O9: / | P9: =CONCATENATE(F9,O9,G9,) -> 5/9
A10: 30/12-13 | C10: =+A10 -> 30/12-13 | D10: =_xlfn.MAXIFS('LD F.G ROLL'!J:J,'LD F.G ROLL'!A:A,C10) -> 45904 | E10: {=IFERROR(VLOOKUP(C10,'LD F.G ROLL'!A:T,{2,5,6},0),"-")} -> HONDA ATLAS (CARS) LTD | F10: 30 | G10: 12-13 | H10: =SUMIFS('LD F.G ROLL'!K:K,'LD F.G ROLL'!A:A,Sheet2!C10) -> 4 | I10: =SUMIFS('LD F.G ROLL'!L:L,'LD F.G ROLL'!$A:$A,Sheet2!$C10) -> 399.6 | J10: =SUMIFS('LD F.G ROLL'!S:S,'LD F.G ROLL'!$A:$A,Sheet2!$C10) -> 0 | K10: =SUMIFS('LD F.G ROLL'!T:T,'LD F.G ROLL'!$A:$A,Sheet2!$C10) -> 0 | L10: =+H10-J10 -> 4 | M10: =+I10-K10 -> 399.6 | N10: #N/A | O10: / | P10: =CONCATENATE(F10,O10,G10,) -> 30/12-13
A11: 23-23.5/70 GRAM | C11: =+A11 -> 23-23.5/70 GRAM | D11: =_xlfn.MAXIFS('LD F.G ROLL'!J:J,'LD F.G ROLL'!A:A,C11) -> 45910 | E11: {=IFERROR(VLOOKUP(C11,'LD F.G ROLL'!A:T,{2,5,6},0),"-")} -> MATCO FOOD | F11: 23-23.5 | G11: 70 GRAM | H11: =SUMIFS('LD F.G ROLL'!K:K,'LD F.G ROLL'!A:A,Sheet2!C11) -> 26 | I11: =SUMIFS('LD F.G ROLL'!L:L,'LD F.G ROLL'!$A:$A,Sheet2!$C11) -> 2811.6 | J11: =SUMIFS('LD F.G ROLL'!S:S,'LD F.G ROLL'!$A:$A,Sheet2!$C11) -> 0 | K11: =SUMIFS('LD F.G ROLL'!T:T,'LD F.G ROLL'!$A:$A,Sheet2!$C11) -> 0 | L11: =+H11-J11 -> 26 | M11: =+I11-K11 -> 2811.6 | N11: #N/A | O11: / | P11: =CONCATENATE(F11,O11,G11,) -> 23-23.5/70 GRAM
A12: 20" شیٹ/7-7.5/14-15 | C12: =+A12 -> 20" شیٹ/7-7.5/14-15 | D12: =_xlfn.MAXIFS('LD F.G ROLL'!J:J,'LD F.G ROLL'!A:A,C12) -> 45904 | E12: {=IFERROR(VLOOKUP(C12,'LD F.G ROLL'!A:T,{2,5,6},0),"-")} -> Khurshid Hmaidi Foam Afghanstan | F12: 20" شیٹ | G12: 7-7.5/14-15 | H12: =SUMIFS('LD F.G ROLL'!K:K,'LD F.G ROLL'!A:A,Sheet2!C12) -> 4 | I12: =SUMIFS('LD F.G ROLL'!L:L,'LD F.G ROLL'!$A:$A,Sheet2!$C12) -> 299.8 | J12: =SUMIFS('LD F.G ROLL'!S:S,'LD F.G ROLL'!$A:$A,Sheet2!$C12) -> 4 | K12: =SUMIFS('LD F.G ROLL'!T:T,'LD F.G ROLL'!$A:$A,Sheet2!$C12) -> 299.8 | L12: =+H12-J12 -> 0 | M12: =+I12-K12 -> 0 | N12: #N/A | O12: / | P12: =CONCATENATE(F12,O12,G12,) -> 20" شیٹ/7-7.5/14-15
A13: 20 شیٹ/7-7.5/14-15 | C13: =+A13 -> 20 شیٹ/7-7.5/14-15 | D13: =_xlfn.MAXIFS('LD F.G ROLL'!J:J,'LD F.G ROLL'!A:A,C13) -> 45905 | E13: {=IFERROR(VLOOKUP(C13,'LD F.G ROLL'!A:T,{2,5,6},0),"-")} -> Shafi Foam Lahore | F13: 20 شیٹ | G13: 7-7.5/14-15 | H13: =SUMIFS('LD F.G ROLL'!K:K,'LD F.G ROLL'!A:A,Sheet2!C13) -> 4 | I13: =SUMIFS('LD F.G ROLL'!L:L,'LD F.G ROLL'!$A:$A,Sheet2!$C13) -> 220.4 | J13: =SUMIFS('LD F.G ROLL'!S:S,'LD F.G ROLL'!$A:$A,Sheet2!$C13) -> 4 | K13: =SUMIFS('LD F.G ROLL'!T:T,'LD F.G ROLL'!$A:$A,Sheet2!$C13) -> 220.4 | L13: =+H13-J13 -> 0 | M13: =+I13-K13 -> 0 | N13: #N/A | O13: / | P13: =CONCATENATE(F13,O13,G13,) -> 20 شیٹ/7-7.5/14-15
A14: 13/8-8.5 | C14: =+A14 -> 13/8-8.5 | D14: =_xlfn.MAXIFS('LD F.G ROLL'!J:J,'LD F.G ROLL'!A:A,C14) -> 45905 | E14: {=IFERROR(VLOOKUP(C14,'LD F.G ROLL'!A:T,{2,5,6},0),"-")} -> Waqas Wollan Mills Gujranwala | F14: 13 | G14: 8-8.5 | H14: =SUMIFS('LD F.G ROLL'!K:K,'LD F.G ROLL'!A:A,Sheet2!C14) -> 4 | I14: =SUMIFS('LD F.G ROLL'!L:L,'LD F.G ROLL'!$A:$A,Sheet2!$C14) -> 229.4 | J14: =SUMIFS('LD F.G ROLL'!S:S,'LD F.G ROLL'!$A:$A,Sheet2!$C14) -> 3 | K14: =SUMIFS('LD F.G ROLL'!T:T,'LD F.G ROLL'!$A:$A,Sheet2!$C14) -> 162.2 | L14: =+H14-J14 -> 1 | M14: =+I14-K14 -> 67.2 | N14: #N/A | O14: / | P14: =CONCATENATE(F14,O14,G14,) -> 13/8-8.5
A15: 16/14 | C15: =+A15 -> 16/14 | D15: =_xlfn.MAXIFS('LD F.G ROLL'!J:J,'LD F.G ROLL'!A:A,C15) -> 45905 | E15: {=IFERROR(VLOOKUP(C15,'LD F.G ROLL'!A:T,{2,5,6},0),"-")} -> Cakes and Bakes Lahore | F15: 16 | G15: 14 | H15: =SUMIFS('LD F.G ROLL'!K:K,'LD F.G ROLL'!A:A,Sheet2!C15) -> 1 | I15: =SUMIFS('LD F.G ROLL'!L:L,'LD F.G ROLL'!$A:$A,Sheet2!$C15) -> 45.4 | J15: =SUMIFS('LD F.G ROLL'!S:S,'LD F.G ROLL'!$A:$A,Sheet2!$C15) -> 1 | K15: =SUMIFS('LD F.G ROLL'!T:T,'LD F.G ROLL'!$A:$A,Sheet2!$C15) -> 43.4 | L15: =+H15-J15 -> 0 | M15: =+I15-K15 -> 2 | N15: #N/A | O15: / | P15: =CONCATENATE(F15,O15,G15,) -> 16/14
A16: 20 شیٹ/6-6.5/12-13 | C16: =+A16 -> 20 شیٹ/6-6.5/12-13 | D16: =_xlfn.MAXIFS('LD F.G ROLL'!J:J,'LD F.G ROLL'!A:A,C16) -> 45905 | E16: {=IFERROR(VLOOKUP(C16,'LD F.G ROLL'!A:T,{2,5,6},0),"-")} -> Shafi Foam Lahore | F16: 20 شیٹ | G16: 6-6.5/12-13 | H16: =SUMIFS('LD F.G ROLL'!K:K,'LD F.G ROLL'!A:A,Sheet2!C16) -> 4 | I16: =SUMIFS('LD F.G ROLL'!L:L,'LD F.G ROLL'!$A:$A,Sheet2!$C16) -> 220.4 | J16: =SUMIFS('LD F.G ROLL'!S:S,'LD F.G ROLL'!$A:$A,Sheet2!$C16) -> 4 | K16: =SUMIFS('LD F.G ROLL'!T:T,'LD F.G ROLL'!$A:$A,Sheet2!$C16) -> 212.4 | L16: =+H16-J16 -> 0 | M16: =+I16-K16 -> 8 | N16: #N/A | O16: / | P16: =CONCATENATE(F16,O16,G16,) -> 20 شیٹ/6-6.5/12-13
A17: 432 MM/17-18 | C17: =+A17 -> 432 MM/17-18 | D17: =_xlfn.MAXIFS('LD F.G ROLL'!J:J,'LD F.G ROLL'!A:A,C17) -> 45905 | E17: {=IFERROR(VLOOKUP(C17,'LD F.G ROLL'!A:T,{2,5,6},0),"-")} -> Service Industry Gujrat | F17: 432 MM | G17: 17-18 | H17: =SUMIFS('LD F.G ROLL'!K:K,'LD F.G ROLL'!A:A,Sheet2!C17) -> 4 | I17: =SUMIFS('LD F.G ROLL'!L:L,'LD F.G ROLL'!$A:$A,Sheet2!$C17) -> 245.8 | J17: =SUMIFS('LD F.G ROLL'!S:S,'LD F.G ROLL'!$A:$A,Sheet2!$C17) -> 4 | K17: =SUMIFS('LD F.G ROLL'!T:T,'LD F.G ROLL'!$A:$A,Sheet2!$C17) -> 237.8 | L17: =+H17-J17 -> 0 | M17: =+I17-K17 -> 8 | N17: #N/A | O17: / | P17: =CONCATENATE(F17,O17,G17,) -> 432 MM/17-18
A18: 428 MM/17-18 | C18: =+A18 -> 428 MM/17-18 | D18: =_xlfn.MAXIFS('LD F.G ROLL'!J:J,'LD F.G ROLL'!A:A,C18) -> 45905 | E18: {=IFERROR(VLOOKUP(C18,'LD F.G ROLL'!A:T,{2,5,6},0),"-")} -> Service Industry Gujrat | F18: 428 MM | G18: 17-18 | H18: =SUMIFS('LD F.G ROLL'!K:K,'LD F.G ROLL'!A:A,Sheet2!C18) -> 2 | I18: =SUMIFS('LD F.G ROLL'!L:L,'LD F.G ROLL'!$A:$A,Sheet2!$C18) -> 132.6 | J18: =SUMIFS('LD F.G ROLL'!S:S,'LD F.G ROLL'!$A:$A,Sheet2!$C18) -> 2 | K18: =SUMIFS('LD F.G ROLL'!T:T,'LD F.G ROLL'!$A:$A,Sheet2!$C18) -> 128.4 | L18: =+H18-J18 -> 0 | M18: =+I18-K18 -> 4.2 | N18: #N/A | O18: / | P18: =CONCATENATE(F18,O18,G18,) -> 428 MM/17-18
A19: 17/7-7.5 | C19: =+A19 -> 17/7-7.5 | D19: =_xlfn.MAXIFS('LD F.G ROLL'!J:J,'LD F.G ROLL'!A:A,C19) -> 45914 | E19: {=IFERROR(VLOOKUP(C19,'LD F.G ROLL'!A:T,{2,5,6},0),"-")} -> Usman Amin | F19: 17 | G19: 7-7.5 | H19: =SUMIFS('LD F.G ROLL'!K:K,'LD F.G ROLL'!A:A,Sheet2!C19) -> 11 | I19: =SUMIFS('LD F.G ROLL'!L:L,'LD F.G ROLL'!$A:$A,Sheet2!$C19) -> 758.8 | J19: =SUMIFS('LD F.G ROLL'!S:S,'LD F.G ROLL'!$A:$A,Sheet2!$C19) -> 13 | K19: =SUMIFS('LD F.G ROLL'!T:T,'LD F.G ROLL'!$A:$A,Sheet2!$C19) -> 760.6 | L19: =+H19-J19 -> -2 | M19: =+I19-K19 -> -1.8 | N19: #N/A | O19: / | P19: =CONCATENATE(F19,O19,G19,) -> 17/7-7.5
A20: 15/12 | C20: =+A20 -> 15/12 | D20: =_xlfn.MAXIFS('LD F.G ROLL'!J:J,'LD F.G ROLL'!A:A,C20) -> 45903 | E20: {=IFERROR(VLOOKUP(C20,'LD F.G ROLL'!A:T,{2,5,6},0),"-")} -> Usman Amin | F20: 15 | G20: 12 | H20: =SUMIFS('LD F.G ROLL'!K:K,'LD F.G ROLL'!A:A,Sheet2!C20) -> 10 | I20: =SUMIFS('LD F.G ROLL'!L:L,'LD F.G ROLL'!$A:$A,Sheet2!$C20) -> 612 | J20: =SUMIFS('LD F.G ROLL'!S:S,'LD F.G ROLL'!$A:$A,Sheet2!$C20) -> 10 | K20: =SUMIFS('LD F.G ROLL'!T:T,'LD F.G ROLL'!$A:$A,Sheet2!$C20) -> 612 | L20: =+H20-J20 -> 0 | M20: =+I20-K20 -> 0 | N20: #N/A | O20: / | P20: =CONCATENATE(F20,O20,G20,) -> 15/12
A21: 19.5/14-15 | C21: =+A21 -> 19.5/14-15 | D21: =_xlfn.MAXIFS('LD F.G ROLL'!J:J,'LD F.G ROLL'!A:A,C21) -> 45903 | E21: {=IFERROR(VLOOKUP(C21,'LD F.G ROLL'!A:T,{2,5,6},0),"-")} -> Irfan SB Azam Market LHR | F21: 19.5 | G21: 14-15 | H21: =SUMIFS('LD F.G ROLL'!K:K,'LD F.G ROLL'!A:A,Sheet2!C21) -> 10 | I21: =SUMIFS('LD F.G ROLL'!L:L,'LD F.G ROLL'!$A:$A,Sheet2!$C21) -> 538.4 | J21: =SUMIFS('LD F.G ROLL'!S:S,'LD F.G ROLL'!$A:$A,Sheet2!$C21) -> 10 | K21: =SUMIFS('LD F.G ROLL'!T:T,'LD F.G ROLL'!$A:$A,Sheet2!$C21) -> 515.4 | L21: =+H21-J21 -> 0 | M21: =+I21-K21 -> 23 | N21: #N/A | O21: / | P21: =CONCATENATE(F21,O21,G21,) -> 19.5/14-15
A22: 19/7.7.5 | C22: =+A22 -> 19/7.7.5 | D22: =_xlfn.MAXIFS('LD F.G ROLL'!J:J,'LD F.G ROLL'!A:A,C22) -> 45903 | E22: {=IFERROR(VLOOKUP(C22,'LD F.G ROLL'!A:T,{2,5,6},0),"-")} -> Usman Amin | F22: 19 | G22: 7.7.5 | H22: =SUMIFS('LD F.G ROLL'!K:K,'LD F.G ROLL'!A:A,Sheet2!C22) -> 4 | I22: =SUMIFS('LD F.G ROLL'!L:L,'LD F.G ROLL'!$A:$A,Sheet2!$C22) -> 183.4 | J22: =SUMIFS('LD F.G ROLL'!S:S,'LD F.G ROLL'!$A:$A,Sheet2!$C22) -> 4 | K22: =SUMIFS('LD F.G ROLL'!T:T,'LD F.G ROLL'!$A:$A,Sheet2!$C22) -> 183.4 | L22: =+H22-J22 -> 0 | M22: =+I22-K22 -> 0 | N22: #N/A | O22: / | P22: =CONCATENATE(F22,O22,G22,) -> 19/7.7.5
A23: 18.5/15-16 | C23: =+A23 -> 18.5/15-16 | D23: =_xlfn.MAXIFS('LD F.G ROLL'!J:J,'LD F.G ROLL'!A:A,C23) -> 45903 | E23: {=IFERROR(VLOOKUP(C23,'LD F.G ROLL'!A:T,{2,5,6},0),"-")} -> The Kids Mall Lahore | F23: 18.5 | G23: 15-16 | H23: =SUMIFS('LD F.G ROLL'!K:K,'LD F.G ROLL'!A:A,Sheet2!C23) -> 5 | I23: =SUMIFS('LD F.G ROLL'!L:L,'LD F.G ROLL'!$A:$A,Sheet2!$C23) -> 328.2 | J23: =SUMIFS('LD F.G ROLL'!S:S,'LD F.G ROLL'!$A:$A,Sheet2!$C23) -> 5 | K23: =SUMIFS('LD F.G ROLL'!T:T,'LD F.G ROLL'!$A:$A,Sheet2!$C23) -> 328.2 | L23: =+H23-J23 -> 0 | M23: =+I23-K23 -> 0 | N23: #N/A | O23: / | P23: =CONCATENATE(F23,O23,G23,) -> 18.5/15-16
A24: 14.5/12.5-13 | C24: =+A24 -> 14.5/12.5-13 | D24: =_xlfn.MAXIFS('LD F.G ROLL'!J:J,'LD F.G ROLL'!A:A,C24) -> 45903 | E24: {=IFERROR(VLOOKUP(C24,'LD F.G ROLL'!A:T,{2,5,6},0),"-")} -> The Kids Mall Lahore | F24: 14.5 | G24: 12.5-13 | H24: =SUMIFS('LD F.G ROLL'!K:K,'LD F.G ROLL'!A:A,Sheet2!C24) -> 4 | I24: =SUMIFS('LD F.G ROLL'!L:L,'LD F.G ROLL'!$A:$A,Sheet2!$C24) -> 224.6 | J24: =SUMIFS('LD F.G ROLL'!S:S,'LD F.G ROLL'!$A:$A,Sheet2!$C24) -> 4 | K24: =SUMIFS('LD F.G ROLL'!T:T,'LD F.G ROLL'!$A:$A,Sheet2!$C24) -> 224.6 | L24: =+H24-J24 -> 0 | M24: =+I24-K24 -> 0 | N24: #N/A | O24: / | P24: =CONCATENATE(F24,O24,G24,) -> 14.5/12.5-13
A25: 13/12.5-13 | C25: =+A25 -> 13/12.5-13 | D25: =_xlfn.MAXIFS('LD F.G ROLL'!J:J,'LD F.G ROLL'!A:A,C25) -> 45903 | E25: {=IFERROR(VLOOKUP(C25,'LD F.G ROLL'!A:T,{2,5,6},0),"-")} -> The Kids Mall Lahore | F25: 13 | G25: 12.5-13 | H25: =SUMIFS('LD F.G ROLL'!K:K,'LD F.G ROLL'!A:A,Sheet2!C25) -> 2 | I25: =SUMIFS('LD F.G ROLL'!L:L,'LD F.G ROLL'!$A:$A,Sheet2!$C25) -> 107.8 | J25: =SUMIFS('LD F.G ROLL'!S:S,'LD F.G ROLL'!$A:$A,Sheet2!$C25) -> 12 | K25: =SUMIFS('LD F.G ROLL'!T:T,'LD F.G ROLL'!$A:$A,Sheet2!$C25) -> 501.6 | L25: =+H25-J25 -> -10 | M25: =+I25-K25 -> -393.8 | N25: #N/A | O25: / | P25: =CONCATENATE(F25,O25,G25,) -> 13/12.5-13
A26: 14/13-14 | C26: =+A26 -> 14/13-14 | D26: =_xlfn.MAXIFS('LD F.G ROLL'!J:J,'LD F.G ROLL'!A:A,C26) -> 45903 | E26: {=IFERROR(VLOOKUP(C26,'LD F.G ROLL'!A:T,{2,5,6},0),"-")} -> The Kids Mall Lahore | F26: 14 | G26: 13-14 | H26: =SUMIFS('LD F.G ROLL'!K:K,'LD F.G ROLL'!A:A,Sheet2!C26) -> 2 | I26: =SUMIFS('LD F.G ROLL'!L:L,'LD F.G ROLL'!$A:$A,Sheet2!$C26) -> 104 | J26: =SUMIFS('LD F.G ROLL'!S:S,'LD F.G ROLL'!$A:$A,Sheet2!$C26) -> 2 | K26: =SUMIFS('LD F.G ROLL'!T:T,'LD F.G ROLL'!$A:$A,Sheet2!$C26) -> 104 | L26: =+H26-J26 -> 0 | M26: =+I26-K26 -> 0 | N26: #N/A | O26: / | P26: =CONCATENATE(F26,O26,G26,) -> 14/13-14
A27: 16/13.5-14 | C27: =+A27 -> 16/13.5-14 | D27: =_xlfn.MAXIFS('LD F.G ROLL'!J:J,'LD F.G ROLL'!A:A,C27) -> 45903 | E27: {=IFERROR(VLOOKUP(C27,'LD F.G ROLL'!A:T,{2,5,6},0),"-")} -> The Kids Mall Lahore | F27: 16 | G27: 13.5-14 | H27: =SUMIFS('LD F.G ROLL'!K:K,'LD F.G ROLL'!A:A,Sheet2!C27) -> 2 | I27: =SUMIFS('LD F.G ROLL'!L:L,'LD F.G ROLL'!$A:$A,Sheet2!$C27) -> 190.2 | J27: =SUMIFS('LD F.G ROLL'!S:S,'LD F.G ROLL'!$A:$A,Sheet2!$C27) -> 0 | K27: =SUMIFS('LD F.G ROLL'!T:T,'LD F.G ROLL'!$A:$A,Sheet2!$C27) -> 0 | L27: =+H27-J27 -> 2 | M27: =+I27-K27 -> 190.2 | N27: #N/A | O27: / | P27: =CONCATENATE(F27,O27,G27,) -> 16/13.5-14
A28: 14.25/13-14/26-28 | C28: =+A28 -> 14.25/13-14/26-28 | D28: =_xlfn.MAXIFS('LD F.G ROLL'!J:J,'LD F.G ROLL'!A:A,C28) -> 45903 | E28: {=IFERROR(VLOOKUP(C28,'LD F.G ROLL'!A:T,{2,5,6},0),"-")} -> Jilani Poly Stock | F28: 14.25 | G28: 13-14/26-28 | H28: =SUMIFS('LD F.G ROLL'!K:K,'LD F.G ROLL'!A:A,Sheet2!C28) -> 16 | I28: =SUMIFS('LD F.G ROLL'!L:L,'LD F.G ROLL'!$A:$A,Sheet2!$C28) -> 786.2 | J28: =SUMIFS('LD F.G ROLL'!S:S,'LD F.G ROLL'!$A:$A,Sheet2!$C28) -> 0 | K28: =SUMIFS('LD F.G ROLL'!T:T,'LD F.G ROLL'!$A:$A,Sheet2!$C28) -> 0 | L28: =+H28-J28 -> 16 | M28: =+I28-K28 -> 786.2 | N28: #N/A | O28: / | P28: =CONCATENATE(F28,O28,G28,) -> 14.25/13-14/26-28
A29: 30/ | C29: =+A29 -> 30/ | D29: =_xlfn.MAXIFS('LD F.G ROLL'!J:J,'LD F.G ROLL'!A:A,C29) -> 45903 | E29: {=IFERROR(VLOOKUP(C29,'LD F.G ROLL'!A:T,{2,5,6},0),"-")} -> PACKING ROLL | F29: 30 | G29: 0 | H29: =SUMIFS('LD F.G ROLL'!K:K,'LD F.G ROLL'!A:A,Sheet2!C29) -> 1 | I29: =SUMIFS('LD F.G ROLL'!L:L,'LD F.G ROLL'!$A:$A,Sheet2!$C29) -> 78.6 | J29: =SUMIFS('LD F.G ROLL'!S:S,'LD F.G ROLL'!$A:$A,Sheet2!$C29) -> 0 | K29: =SUMIFS('LD F.G ROLL'!T:T,'LD F.G ROLL'!$A:$A,Sheet2!$C29) -> 0 | L29: =+H29-J29 -> 1 | M29: =+I29-K29 -> 78.6 | N29: #N/A | O29: / | P29: =CONCATENATE(F29,O29,G29,) -> 30/0
A30: 11/18 | C30: =+A30 -> 11/18 | D30: =_xlfn.MAXIFS('LD F.G ROLL'!J:J,'LD F.G ROLL'!A:A,C30) -> 45902 | E30: {=IFERROR(VLOOKUP(C30,'LD F.G ROLL'!A:T,{2,5,6},0),"-")} -> Chezo Cheez Lahore | F30: 11 | G30: 18 | H30: =SUMIFS('LD F.G ROLL'!K:K,'LD F.G ROLL'!A:A,Sheet2!C30) -> 1 | I30: =SUMIFS('LD F.G ROLL'!L:L,'LD F.G ROLL'!$A:$A,Sheet2!$C30) -> 47.8 | J30: =SUMIFS('LD F.G ROLL'!S:S,'LD F.G ROLL'!$A:$A,Sheet2!$C30) -> 0 | K30: =SUMIFS('LD F.G ROLL'!T:T,'LD F.G ROLL'!$A:$A,Sheet2!$C30) -> 0 | L30: =+H30-J30 -> 1 | M30: =+I30-K30 -> 47.8 | N30: #N/A | O30: / | P30: =CONCATENATE(F30,O30,G30,) -> 11/18
A31: 7/7.5-8 | C31: =+A31 -> 7/7.5-8 | D31: =_xlfn.MAXIFS('LD F.G ROLL'!J:J,'LD F.G ROLL'!A:A,C31) -> 45902 | E31: {=IFERROR(VLOOKUP(C31,'LD F.G ROLL'!A:T,{2,5,6},0),"-")} -> Shafique Khan SB Sheikhupura | F31: 7 | G31: 7.5-8 | H31: =SUMIFS('LD F.G ROLL'!K:K,'LD F.G ROLL'!A:A,Sheet2!C31) -> 2 | I31: =SUMIFS('LD F.G ROLL'!L:L,'LD F.G ROLL'!$A:$A,Sheet2!$C31) -> 101.8 | J31: =SUMIFS('LD F.G ROLL'!S:S,'LD F.G ROLL'!$A:$A,Sheet2!$C31) -> 0 | K31: =SUMIFS('LD F.G ROLL'!T:T,'LD F.G ROLL'!$A:$A,Sheet2!$C31) -> 0 | L31: =+H31-J31 -> 2 | M31: =+I31-K31 -> 101.8 | N31: #N/A | O31: / | P31: =CONCATENATE(F31,O31,G31,) -> 7/7.5-8
A32: 18/12-13 | C32: =+A32 -> 18/12-13 | D32: =_xlfn.MAXIFS('LD F.G ROLL'!J:J,'LD F.G ROLL'!A:A,C32) -> 45902 | E32: {=IFERROR(VLOOKUP(C32,'LD F.G ROLL'!A:T,{2,5,6},0),"-")} -> Umair PP Adda Crown C/O Majest Plastic LHR | F32: 18 | G32: 12-13 | H32: =SUMIFS('LD F.G ROLL'!K:K,'LD F.G ROLL'!A:A,Sheet2!C32) -> 10 | I32: =SUMIFS('LD F.G ROLL'!L:L,'LD F.G ROLL'!$A:$A,Sheet2!$C32) -> 487.3 | J32: =SUMIFS('LD F.G ROLL'!S:S,'LD F.G ROLL'!$A:$A,Sheet2!$C32) -> 0 | K32: =SUMIFS('LD F.G ROLL'!T:T,'LD F.G ROLL'!$A:$A,Sheet2!$C32) -> 0 | L32: =+H32-J32 -> 10 | M32: =+I32-K32 -> 487.3 | N32: #N/A | O32: / | P32: =CONCATENATE(F32,O32,G32,) -> 18/12-13
A33: 6.5/7.5-8 | C33: =+A33 -> 6.5/7.5-8 | D33: =_xlfn.MAXIFS('LD F.G ROLL'!J:J,'LD F.G ROLL'!A:A,C33) -> 45902 | E33: {=IFERROR(VLOOKUP(C33,'LD F.G ROLL'!A:T,{2,5,6},0),"-")} -> Shafique Khan SB Sheikhupura | F33: 6.5 | G33: 7.5-8 | H33: =SUMIFS('LD F.G ROLL'!K:K,'LD F.G ROLL'!A:A,Sheet2!C33) -> 3 | I33: =SUMIFS('LD F.G ROLL'!L:L,'LD F.G ROLL'!$A:$A,Sheet2!$C33) -> 124.2 | J33: =SUMIFS('LD F.G ROLL'!S:S,'LD F.G ROLL'!$A:$A,Sheet2!$C33) -> 0 | K33: =SUMIFS('LD F.G ROLL'!T:T,'LD F.G ROLL'!$A:$A,Sheet2!$C33) -> 0 | L33: =+H33-J33 -> 3 | M33: =+I33-K33 -> 124.2 | N33: #N/A | O33: / | P33: =CONCATENATE(F33,O33,G33,) -> 6.5/7.5-8
A34: 15/24-25 | C34: =+A34 -> 15/24-25 | D34: =_xlfn.MAXIFS('LD F.G ROLL'!J:J,'LD F.G ROLL'!A:A,C34) -> 45902 | E34: {=IFERROR(VLOOKUP(C34,'LD F.G ROLL'!A:T,{2,5,6},0),"-")} -> Fixit Tile Band Lahore | F34: 15 | G34: 24-25 | H34: =SUMIFS('LD F.G ROLL'!K:K,'LD F.G ROLL'!A:A,Sheet2!C34) -> 2 | I34: =SUMIFS('LD F.G ROLL'!L:L,'LD F.G ROLL'!$A:$A,Sheet2!$C34) -> 133.6 | J34: =SUMIFS('LD F.G ROLL'!S:S,'LD F.G ROLL'!$A:$A,Sheet2!$C34) -> 0 | K34: =SUMIFS('LD F.G ROLL'!T:T,'LD F.G ROLL'!$A:$A,Sheet2!$C34) -> 0 | L34: =+H34-J34 -> 2 | M34: =+I34-K34 -> 133.6 | N34: #N/A | O34: / | P34: =CONCATENATE(F34,O34,G34,) -> 15/24-25
A35: 16/12-13 | C35: =+A35 -> 16/12-13 | D35: =_xlfn.MAXIFS('LD F.G ROLL'!J:J,'LD F.G ROLL'!A:A,C35) -> 45902 | E35: {=IFERROR(VLOOKUP(C35,'LD F.G ROLL'!A:T,{2,5,6},0),"-")} -> Umair PP Adda Crown C/O Majest Plastic LHR | F35: 16 | G35: 12-13 | H35: =SUMIFS('LD F.G ROLL'!K:K,'LD F.G ROLL'!A:A,Sheet2!C35) -> 2 | I35: =SUMIFS('LD F.G ROLL'!L:L,'LD F.G ROLL'!$A:$A,Sheet2!$C35) -> 88.8 | J35: =SUMIFS('LD F.G ROLL'!S:S,'LD F.G ROLL'!$A:$A,Sheet2!$C35) -> 0 | K35: =SUMIFS('LD F.G ROLL'!T:T,'LD F.G ROLL'!$A:$A,Sheet2!$C35) -> 0 | L35: =+H35-J35 -> 2 | M35: =+I35-K35 -> 88.8 | N35: #N/A | O35: / | P35: =CONCATENATE(F35,O35,G35,) -> 16/12-13
A36: 16/8 | C36: =+A36 -> 16/8 | D36: =_xlfn.MAXIFS('LD F.G ROLL'!J:J,'LD F.G ROLL'!A:A,C36) -> 45902 | E36: {=IFERROR(VLOOKUP(C36,'LD F.G ROLL'!A:T,{2,5,6},0),"-")} -> Ibraheem Filter Industry (SMC.PVT.LTD) | F36: 16 | G36: 8 | H36: =SUMIFS('LD F.G ROLL'!K:K,'LD F.G ROLL'!A:A,Sheet2!C36) -> 12 | I36: =SUMIFS('LD F.G ROLL'!L:L,'LD F.G ROLL'!$A:$A,Sheet2!$C36) -> 547.09 | J36: =SUMIFS('LD F.G ROLL'!S:S,'LD F.G ROLL'!$A:$A,Sheet2!$C36) -> 0 | K36: =SUMIFS('LD F.G ROLL'!T:T,'LD F.G ROLL'!$A:$A,Sheet2!$C36) -> 0 | L36: =+H36-J36 -> 12 | M36: =+I36-K36 -> 547.09 | N36: #N/A | O36: / | P36: =CONCATENATE(F36,O36,G36,) -> 16/8
A37: 17/8 | C37: =+A37 -> 17/8 | D37: =_xlfn.MAXIFS('LD F.G ROLL'!J:J,'LD F.G ROLL'!A:A,C37) -> 45902 | E37: {=IFERROR(VLOOKUP(C37,'LD F.G ROLL'!A:T,{2,5,6},0),"-")} -> Usman Amin | F37: 17 | G37: 8 | H37: =SUMIFS('LD F.G ROLL'!K:K,'LD F.G ROLL'!A:A,Sheet2!C37) -> 2 | I37: =SUMIFS('LD F.G ROLL'!L:L,'LD F.G ROLL'!$A:$A,Sheet2!$C37) -> 105.2 | J37: =SUMIFS('LD F.G ROLL'!S:S,'LD F.G ROLL'!$A:$A,Sheet2!$C37) -> 0 | K37: =SUMIFS('LD F.G ROLL'!T:T,'LD F.G ROLL'!$A:$A,Sheet2!$C37) -> 0 | L37: =+H37-J37 -> 2 | M37: =+I37-K37 -> 105.2 | N37: #N/A | O37: / | P37: =CONCATENATE(F37,O37,G37,) -> 17/8
A38: 27.5/4/8 | C38: =+A38 -> 27.5/4/8 | D38: =_xlfn.MAXIFS('LD F.G ROLL'!J:J,'LD F.G ROLL'!A:A,C38) -> 45902 | E38: {=IFERROR(VLOOKUP(C38,'LD F.G ROLL'!A:T,{2,5,6},0),"-")} -> Usman Amin | F38: 27.5 | G38: 4/8 | H38: =SUMIFS('LD F.G ROLL'!K:K,'LD F.G ROLL'!A:A,Sheet2!C38) -> 2 | I38: =SUMIFS('LD F.G ROLL'!L:L,'LD F.G ROLL'!$A:$A,Sheet2!$C38) -> 141.2 | J38: =SUMIFS('LD F.G ROLL'!S:S,'LD F.G ROLL'!$A:$A,Sheet2!$C38) -> 0 | K38: =SUMIFS('LD F.G ROLL'!T:T,'LD F.G ROLL'!$A:$A,Sheet2!$C38) -> 0 | L38: =+H38-J38 -> 2 | M38: =+I38-K38 -> 141.2 | N38: #N/A | O38: / | P38: =CONCATENATE(F38,O38,G38,) -> 27.5/4/8
A39: 23-23.5/70 G+-1 | C39: =+A39 -> 23-23.5/70 G+-1 | D39: =_xlfn.MAXIFS('LD F.G ROLL'!J:J,'LD F.G ROLL'!A:A,C39) -> 45902 | E39: {=IFERROR(VLOOKUP(C39,'LD F.G ROLL'!A:T,{2,5,6},0),"-")} -> MATCO FOOD | F39: 23-23.5 | G39: 70 G+-1 | H39: =SUMIFS('LD F.G ROLL'!K:K,'LD F.G ROLL'!A:A,Sheet2!C39) -> 3 | I39: =SUMIFS('LD F.G ROLL'!L:L,'LD F.G ROLL'!$A:$A,Sheet2!$C39) -> 322 | J39: =SUMIFS('LD F.G ROLL'!S:S,'LD F.G ROLL'!$A:$A,Sheet2!$C39) -> 0 | K39: =SUMIFS('LD F.G ROLL'!T:T,'LD F.G ROLL'!$A:$A,Sheet2!$C39) -> 0 | L39: =+H39-J39 -> 3 | M39: =+I39-K39 -> 322 | N39: #N/A | O39: / | P39: =CONCATENATE(F39,O39,G39,) -> 23-23.5/70 G+-1
A40: 27/4/8 | C40: =+A40 -> 27/4/8 | D40: =_xlfn.MAXIFS('LD F.G ROLL'!J:J,'LD F.G ROLL'!A:A,C40) -> 45902 | E40: {=IFERROR(VLOOKUP(C40,'LD F.G ROLL'!A:T,{2,5,6},0),"-")} -> Usman Amin | F40: 27 | G40: 4/8 | H40: =SUMIFS('LD F.G ROLL'!K:K,'LD F.G ROLL'!A:A,Sheet2!C40) -> 2 | I40: =SUMIFS('LD F.G ROLL'!L:L,'LD F.G ROLL'!$A:$A,Sheet2!$C40) -> 154 | J40: =SUMIFS('LD F.G ROLL'!S:S,'LD F.G ROLL'!$A:$A,Sheet2!$C40) -> 0 | K40: =SUMIFS('LD F.G ROLL'!T:T,'LD F.G ROLL'!$A:$A,Sheet2!$C40) -> 0 | L40: =+H40-J40 -> 2 | M40: =+I40-K40 -> 154 | N40: #N/A | O40: / | P40: =CONCATENATE(F40,O40,G40,) -> 27/4/8
A41: 36/10-10.5 | C41: =+A41 -> 36/10-10.5 | D41: =_xlfn.MAXIFS('LD F.G ROLL'!J:J,'LD F.G ROLL'!A:A,C41) -> 45902 | E41: {=IFERROR(VLOOKUP(C41,'LD F.G ROLL'!A:T,{2,5,6},0),"-")} -> Wazirstan Tex Azam Market LHR | F41: 36 | G41: 10-10.5 | H41: =SUMIFS('LD F.G ROLL'!K:K,'LD F.G ROLL'!A:A,Sheet2!C41) -> 3 | I41: =SUMIFS('LD F.G ROLL'!L:L,'LD F.G ROLL'!$A:$A,Sheet2!$C41) -> 164.2 | J41: =SUMIFS('LD F.G ROLL'!S:S,'LD F.G ROLL'!$A:$A,Sheet2!$C41) -> 0 | K41: =SUMIFS('LD F.G ROLL'!T:T,'LD F.G ROLL'!$A:$A,Sheet2!$C41) -> 0 | L41: =+H41-J41 -> 3 | M41: =+I41-K41 -> 164.2 | N41: #N/A | O41: / | P41: =CONCATENATE(F41,O41,G41,) -> 36/10-10.5
A42: 36/4/8 | C42: =+A42 -> 36/4/8 | D42: =_xlfn.MAXIFS('LD F.G ROLL'!J:J,'LD F.G ROLL'!A:A,C42) -> 45902 | E42: {=IFERROR(VLOOKUP(C42,'LD F.G ROLL'!A:T,{2,5,6},0),"-")} -> Usman Amin | F42: 36 | G42: 4/8 | H42: =SUMIFS('LD F.G ROLL'!K:K,'LD F.G ROLL'!A:A,Sheet2!C42) -> 4 | I42: =SUMIFS('LD F.G ROLL'!L:L,'LD F.G ROLL'!$A:$A,Sheet2!$C42) -> 224 | J42: =SUMIFS('LD F.G ROLL'!S:S,'LD F.G ROLL'!$A:$A,Sheet2!$C42) -> 0 | K42: =SUMIFS('LD F.G ROLL'!T:T,'LD F.G ROLL'!$A:$A,Sheet2!$C42) -> 0 | L42: =+H42-J42 -> 4 | M42: =+I42-K42 -> 224 | N42: #N/A | O42: / | P42: =CONCATENATE(F42,O42,G42,) -> 36/4/8
A43: 37/4/8 | C43: =+A43 -> 37/4/8 | D43: =_xlfn.MAXIFS('LD F.G ROLL'!J:J,'LD F.G ROLL'!A:A,C43) -> 45902 | E43: {=IFERROR(VLOOKUP(C43,'LD F.G ROLL'!A:T,{2,5,6},0),"-")} -> Usman Amin | F43: 37 | G43: 4/8 | H43: =SUMIFS('LD F.G ROLL'!K:K,'LD F.G ROLL'!A:A,Sheet2!C43) -> 6 | I43: =SUMIFS('LD F.G ROLL'!L:L,'LD F.G ROLL'!$A:$A,Sheet2!$C43) -> 320.6 | J43: =SUMIFS('LD F.G ROLL'!S:S,'LD F.G ROLL'!$A:$A,Sheet2!$C43) -> 0 | K43: =SUMIFS('LD F.G ROLL'!T:T,'LD F.G ROLL'!$A:$A,Sheet2!$C43) -> 0 | L43: =+H43-J43 -> 6 | M43: =+I43-K43 -> 320.6 | N43: #N/A | O43: / | P43: =CONCATENATE(F43,O43,G43,) -> 37/4/8
A44: 16/10-10.5 | C44: =+A44 -> 16/10-10.5 | D44: =_xlfn.MAXIFS('LD F.G ROLL'!J:J,'LD F.G ROLL'!A:A,C44) -> 45909 | E44: {=IFERROR(VLOOKUP(C44,'LD F.G ROLL'!A:T,{2,5,6},0),"-")} -> Waqas Wollan Mills Gujranwala | F44: 16 | G44: 10-10.5 | H44: =SUMIFS('LD F.G ROLL'!K:K,'LD F.G ROLL'!A:A,Sheet2!C44) -> 17 | I44: =SUMIFS('LD F.G ROLL'!L:L,'LD F.G ROLL'!$A:$A,Sheet2!$C44) -> 1301.02 | J44: =SUMIFS('LD F.G ROLL'!S:S,'LD F.G ROLL'!$A:$A,Sheet2!$C44) -> 14 | K44: =SUMIFS('LD F.G ROLL'!T:T,'LD F.G ROLL'!$A:$A,Sheet2!$C44) -> 1034.1 | L44: =+H44-J44 -> 3 | M44: =+I44-K44 -> 266.92 | N44: #N/A | O44: / | P44: =CONCATENATE(F44,O44,G44,) -> 16/10-10.5
A45: 16/8-8.5 | C45: =+A45 -> 16/8-8.5 | D45: =_xlfn.MAXIFS('LD F.G ROLL'!J:J,'LD F.G ROLL'!A:A,C45) -> 45909 | E45: {=IFERROR(VLOOKUP(C45,'LD F.G ROLL'!A:T,{2,5,6},0),"-")} -> Bundu Khan Lahore | F45: 16 | G45: 8-8.5 | H45: =SUMIFS('LD F.G ROLL'!K:K,'LD F.G ROLL'!A:A,Sheet2!C45) -> 8 | I45: =SUMIFS('LD F.G ROLL'!L:L,'LD F.G ROLL'!$A:$A,Sheet2!$C45) -> 529.2 | J45: =SUMIFS('LD F.G ROLL'!S:S,'LD F.G ROLL'!$A:$A,Sheet2!$C45) -> 0 | K45: =SUMIFS('LD F.G ROLL'!T:T,'LD F.G ROLL'!$A:$A,Sheet2!$C45) -> 0 | L45: =+H45-J45 -> 8 | M45: =+I45-K45 -> 529.2 | N45: #N/A | O45: / | P45: =CONCATENATE(F45,O45,G45,) -> 16/8-8.5
A46: 22/12.5-13 | C46: =+A46 -> 22/12.5-13 | D46: =_xlfn.MAXIFS('LD F.G ROLL'!J:J,'LD F.G ROLL'!A:A,C46) -> 45909 | E46: {=IFERROR(VLOOKUP(C46,'LD F.G ROLL'!A:T,{2,5,6},0),"-")} -> Atlas Honda LTD (SKP) | F46: 22 | G46: 12.5-13 | H46: =SUMIFS('LD F.G ROLL'!K:K,'LD F.G ROLL'!A:A,Sheet2!C46) -> 5 | I46: =SUMIFS('LD F.G ROLL'!L:L,'LD F.G ROLL'!$A:$A,Sheet2!$C46) -> 421.8 | J46: =SUMIFS('LD F.G ROLL'!S:S,'LD F.G ROLL'!$A:$A,Sheet2!$C46) -> 5 | K46: =SUMIFS('LD F.G ROLL'!T:T,'LD F.G ROLL'!$A:$A,Sheet2!$C46) -> 421.8 | L46: =+H46-J46 -> 0 | M46: =+I46-K46 -> 0 | N46: #N/A
A47: 21/14-14.5 | C47: =+A47 -> 21/14-14.5 | D47: =_xlfn.MAXIFS('LD F.G ROLL'!J:J,'LD F.G ROLL'!A:A,C47) -> 45908 | E47: {=IFERROR(VLOOKUP(C47,'LD F.G ROLL'!A:T,{2,5,6},0),"-")} -> Atlas Honda LTD (SKP) | F47: 21 | G47: 14-14.5 | H47: =SUMIFS('LD F.G ROLL'!K:K,'LD F.G ROLL'!A:A,Sheet2!C47) -> 1 | I47: =SUMIFS('LD F.G ROLL'!L:L,'LD F.G ROLL'!$A:$A,Sheet2!$C47) -> 89.6 | J47: =SUMIFS('LD F.G ROLL'!S:S,'LD F.G ROLL'!$A:$A,Sheet2!$C47) -> 1 | K47: =SUMIFS('LD F.G ROLL'!T:T,'LD F.G ROLL'!$A:$A,Sheet2!$C47) -> 89.6 | L47: =+H47-J47 -> 0 | M47: =+I47-K47 -> 0 | N47: #N/A
A48: 11/8-8.5 | C48: =+A48 -> 11/8-8.5 | D48: =_xlfn.MAXIFS('LD F.G ROLL'!J:J,'LD F.G ROLL'!A:A,C48) -> 45911 | E48: {=IFERROR(VLOOKUP(C48,'LD F.G ROLL'!A:T,{2,5,6},0),"-")} -> Waqas Wollan Mills Gujranwala | F48: 11 | G48: 8-8.5 | H48: =SUMIFS('LD F.G ROLL'!K:K,'LD F.G ROLL'!A:A,Sheet2!C48) -> 10 | I48: =SUMIFS('LD F.G ROLL'!L:L,'LD F.G ROLL'!$A:$A,Sheet2!$C48) -> 531.83 | J48: =SUMIFS('LD F.G ROLL'!S:S,'LD F.G ROLL'!$A:$A,Sheet2!$C48) -> 10 | K48: =SUMIFS('LD F.G ROLL'!T:T,'LD F.G ROLL'!$A:$A,Sheet2!$C48) -> 519.3 | L48: =+H48-J48 -> 0 | M48: =+I48-K48 -> 12.53 | N48: #N/A
A49: 15/8-8.5 | C49: =+A49 -> 15/8-8.5 | D49: =_xlfn.MAXIFS('LD F.G ROLL'!J:J,'LD F.G ROLL'!A:A,C49) -> 45909 | E49: {=IFERROR(VLOOKUP(C49,'LD F.G ROLL'!A:T,{2,5,6},0),"-")} -> Usman Amin | F49: 15 | G49: 8-8.5 | H49: =SUMIFS('LD F.G ROLL'!K:K,'LD F.G ROLL'!A:A,Sheet2!C49) -> 1 | I49: =SUMIFS('LD F.G ROLL'!L:L,'LD F.G ROLL'!$A:$A,Sheet2!$C49) -> 69.8 | J49: =SUMIFS('LD F.G ROLL'!S:S,'LD F.G ROLL'!$A:$A,Sheet2!$C49) -> 1 | K49: =SUMIFS('LD F.G ROLL'!T:T,'LD F.G ROLL'!$A:$A,Sheet2!$C49) -> 68 | L49: =+H49-J49 -> 0 | M49: =+I49-K49 -> 1.8 | N49: #N/A
A50: 15/10-10.5 | C50: =+A50 -> 15/10-10.5 | D50: =_xlfn.MAXIFS('LD F.G ROLL'!J:J,'LD F.G ROLL'!A:A,C50) -> 45910 | E50: {=IFERROR(VLOOKUP(C50,'LD F.G ROLL'!A:T,{2,5,6},0),"-")} -> Waqas Wollan Mills Gujranwala | F50: 15 | G50: 10-10.5 | H50: =SUMIFS('LD F.G ROLL'!K:K,'LD F.G ROLL'!A:A,Sheet2!C50) -> 12 | I50: =SUMIFS('LD F.G ROLL'!L:L,'LD F.G ROLL'!$A:$A,Sheet2!$C50) -> 836 | J50: =SUMIFS('LD F.G ROLL'!S:S,'LD F.G ROLL'!$A:$A,Sheet2!$C50) -> 12 | K50: =SUMIFS('LD F.G ROLL'!T:T,'LD F.G ROLL'!$A:$A,Sheet2!$C50) -> 814 | L50: =+H50-J50 -> 0 | M50: =+I50-K50 -> 22 | N50: #N/A
A51: 22/8.5-9 | C51: =+A51 -> 22/8.5-9 | D51: =_xlfn.MAXIFS('LD F.G ROLL'!J:J,'LD F.G ROLL'!A:A,C51) -> 45909 | E51: {=IFERROR(VLOOKUP(C51,'LD F.G ROLL'!A:T,{2,5,6},0),"-")} -> Atlas Honda LTD (SKP) | F51: 22 | G51: 8.5-9 | H51: =SUMIFS('LD F.G ROLL'!K:K,'LD F.G ROLL'!A:A,Sheet2!C51) -> 2 | I51: =SUMIFS('LD F.G ROLL'!L:L,'LD F.G ROLL'!$A:$A,Sheet2!$C51) -> 113.8 | J51: =SUMIFS('LD F.G ROLL'!S:S,'LD F.G ROLL'!$A:$A,Sheet2!$C51) -> 0 | K51: =SUMIFS('LD F.G ROLL'!T:T,'LD F.G ROLL'!$A:$A,Sheet2!$C51) -> 0 | L51: =+H51-J51 -> 2 | M51: =+I51-K51 -> 113.8 | N51: #N/A
A52: 26.5/7 | C52: =+A52 -> 26.5/7 | D52: =_xlfn.MAXIFS('LD F.G ROLL'!J:J,'LD F.G ROLL'!A:A,C52) -> 45909 | E52: {=IFERROR(VLOOKUP(C52,'LD F.G ROLL'!A:T,{2,5,6},0),"-")} -> Usman Amin | F52: 26.5 | G52: 7 | H52: =SUMIFS('LD F.G ROLL'!K:K,'LD F.G ROLL'!A:A,Sheet2!C52) -> 2 | I52: =SUMIFS('LD F.G ROLL'!L:L,'LD F.G ROLL'!$A:$A,Sheet2!$C52) -> 127.6 | J52: =SUMIFS('LD F.G ROLL'!S:S,'LD F.G ROLL'!$A:$A,Sheet2!$C52) -> 4 | K52: =SUMIFS('LD F.G ROLL'!T:T,'LD F.G ROLL'!$A:$A,Sheet2!$C52) -> 242 | L52: =+H52-J52 -> -2 | M52: =+I52-K52 -> -114.4 | N52: #N/A
A53: 26/8.5-9 | C53: =+A53 -> 26/8.5-9 | D53: =_xlfn.MAXIFS('LD F.G ROLL'!J:J,'LD F.G ROLL'!A:A,C53) -> 45909 | E53: {=IFERROR(VLOOKUP(C53,'LD F.G ROLL'!A:T,{2,5,6},0),"-")} -> Atlas Honda LTD (SKP) | F53: 26 | G53: 8.5-9 | H53: =SUMIFS('LD F.G ROLL'!K:K,'LD F.G ROLL'!A:A,Sheet2!C53) -> 4 | I53: =SUMIFS('LD F.G ROLL'!L:L,'LD F.G ROLL'!$A:$A,Sheet2!$C53) -> 245.4 | J53: =SUMIFS('LD F.G ROLL'!S:S,'LD F.G ROLL'!$A:$A,Sheet2!$C53) -> 0 | K53: =SUMIFS('LD F.G ROLL'!T:T,'LD F.G ROLL'!$A:$A,Sheet2!$C53) -> 0 | L53: =+H53-J53 -> 4 | M53: =+I53-K53 -> 245.4 | N53: #N/A
A54: 24/7 | C54: =+A54 -> 24/7 | D54: =_xlfn.MAXIFS('LD F.G ROLL'!J:J,'LD F.G ROLL'!A:A,C54) -> 45918 | E54: {=IFERROR(VLOOKUP(C54,'LD F.G ROLL'!A:T,{2,5,6},0),"-")} -> Usman Amin | F54: 24 | G54: 7 | H54: =SUMIFS('LD F.G ROLL'!K:K,'LD F.G ROLL'!A:A,Sheet2!C54) -> 6 | I54: =SUMIFS('LD F.G ROLL'!L:L,'LD F.G ROLL'!$A:$A,Sheet2!$C54) -> 354.6 | J54: =SUMIFS('LD F.G ROLL'!S:S,'LD F.G ROLL'!$A:$A,Sheet2!$C54) -> 5 | K54: =SUMIFS('LD F.G ROLL'!T:T,'LD F.G ROLL'!$A:$A,Sheet2!$C54) -> 298.4 | L54: =+H54-J54 -> 1 | M54: =+I54-K54 -> 56.2 | N54: #N/A
A55: 9/8.5-9 | C55: =+A55 -> 9/8.5-9 | D55: =_xlfn.MAXIFS('LD F.G ROLL'!J:J,'LD F.G ROLL'!A:A,C55) -> 45911 | E55: {=IFERROR(VLOOKUP(C55,'LD F.G ROLL'!A:T,{2,5,6},0),"-")} -> Atlas Honda LTD (SKP) | F55: 9 | G55: 8.5-9 | H55: =SUMIFS('LD F.G ROLL'!K:K,'LD F.G ROLL'!A:A,Sheet2!C55) -> 8 | I55: =SUMIFS('LD F.G ROLL'!L:L,'LD F.G ROLL'!$A:$A,Sheet2!$C55) -> 399.8 | J55: =SUMIFS('LD F.G ROLL'!S:S,'LD F.G ROLL'!$A:$A,Sheet2!$C55) -> 8 | K55: =SUMIFS('LD F.G ROLL'!T:T,'LD F.G ROLL'!$A:$A,Sheet2!$C55) -> 399.8 | L55: =+H55-J55 -> 0 | M55: =+I55-K55 -> 0 | N55: #N/A
A56: 8/12-12.5 | C56: =+A56 -> 8/12-12.5 | D56: =_xlfn.MAXIFS('LD F.G ROLL'!J:J,'LD F.G ROLL'!A:A,C56) -> 45911 | E56: {=IFERROR(VLOOKUP(C56,'LD F.G ROLL'!A:T,{2,5,6},0),"-")} -> Pizza Bank And Fast Food Kamoki | F56: 8 | G56: 12-12.5 | H56: =SUMIFS('LD F.G ROLL'!K:K,'LD F.G ROLL'!A:A,Sheet2!C56) -> 9 | I56: =SUMIFS('LD F.G ROLL'!L:L,'LD F.G ROLL'!$A:$A,Sheet2!$C56) -> 430.2 | J56: =SUMIFS('LD F.G ROLL'!S:S,'LD F.G ROLL'!$A:$A,Sheet2!$C56) -> 9 | K56: =SUMIFS('LD F.G ROLL'!T:T,'LD F.G ROLL'!$A:$A,Sheet2!$C56) -> 430.2 | L56: =+H56-J56 -> 0 | M56: =+I56-K56 -> 0 | N56: #N/A
A57: 18/10-10.5 | C57: =+A57 -> 18/10-10.5 | D57: =_xlfn.MAXIFS('LD F.G ROLL'!J:J,'LD F.G ROLL'!A:A,C57) -> 45910 | E57: {=IFERROR(VLOOKUP(C57,'LD F.G ROLL'!A:T,{2,5,6},0),"-")} -> Waqas Wollan Mills Gujranwala | F57: 18 | G57: 10-10.5 | H57: =SUMIFS('LD F.G ROLL'!K:K,'LD F.G ROLL'!A:A,Sheet2!C57) -> 4 | I57: =SUMIFS('LD F.G ROLL'!L:L,'LD F.G ROLL'!$A:$A,Sheet2!$C57) -> 216 | J57: =SUMIFS('LD F.G ROLL'!S:S,'LD F.G ROLL'!$A:$A,Sheet2!$C57) -> 4 | K57: =SUMIFS('LD F.G ROLL'!T:T,'LD F.G ROLL'!$A:$A,Sheet2!$C57) -> 208.8 | L57: =+H57-J57 -> 0 | M57: =+I57-K57 -> 7.2 | N57: #N/A
... A76: 22/6-6.5 | C76: =+A76 -> 22/6-6.5 | D76: =_xlfn.MAXIFS('LD F.G ROLL'!J:J,'LD F.G ROLL'!A:A,C76) -> 45916 | E76: {=IFERROR(VLOOKUP(C76,'LD F.G ROLL'!A:T,{2,5,6},0),"-")} -> M.K.B PESAHAR | F76: 22 | G76: 6-6.5 | H76: =SUMIFS('LD F.G ROLL'!K:K,'LD F.G ROLL'!A:A,Sheet2!C76) -> 7 | I76: =SUMIFS('LD F.G ROLL'!L:L,'LD F.G ROLL'!$A:$A,Sheet2!$C76) -> 477 | J76: =SUMIFS('LD F.G ROLL'!S:S,'LD F.G ROLL'!$A:$A,Sheet2!$C76) -> 11 | K76: =SUMIFS('LD F.G ROLL'!T:T,'LD F.G ROLL'!$A:$A,Sheet2!$C76) -> 459.2 | L76: =+H76-J76 -> -4 | M76: =+I76-K76 -> 17.8 | N76: #N/A
A77: 20+5.5+5.5/7.5-8/15-16 | C77: =+A77 -> 20+5.5+5.5/7.5-8/15-16 | D77: =_xlfn.MAXIFS('LD F.G ROLL'!J:J,'LD F.G ROLL'!A:A,C77) -> 45912 | E77: {=IFERROR(VLOOKUP(C77,'LD F.G ROLL'!A:T,{2,5,6},0),"-")} -> Cakes and Bakes Lahore | F77: 20+5.5+5.5 | G77: 7.5-8/15-16 | H77: =SUMIFS('LD F.G ROLL'!K:K,'LD F.G ROLL'!A:A,Sheet2!C77) -> 6 | I77: =SUMIFS('LD F.G ROLL'!L:L,'LD F.G ROLL'!$A:$A,Sheet2!$C77) -> 313 | J77: =SUMIFS('LD F.G ROLL'!S:S,'LD F.G ROLL'!$A:$A,Sheet2!$C77) -> 8 | K77: =SUMIFS('LD F.G ROLL'!T:T,'LD F.G ROLL'!$A:$A,Sheet2!$C77) -> 401.6 | L77: =+H77-J77 -> -2 | M77: =+I77-K77 -> -88.6 | N77: #N/A
A78: 5/5.5-6 | C78: =+A78 -> 5/5.5-6 | D78: =_xlfn.MAXIFS('LD F.G ROLL'!J:J,'LD F.G ROLL'!A:A,C78) -> 45912 | E78: {=IFERROR(VLOOKUP(C78,'LD F.G ROLL'!A:T,{2,5,6},0),"-")} -> Cakes and Bakes Lahore | F78: 5 | G78: 5.5-6 | H78: =SUMIFS('LD F.G ROLL'!K:K,'LD F.G ROLL'!A:A,Sheet2!C78) -> 2 | I78: =SUMIFS('LD F.G ROLL'!L:L,'LD F.G ROLL'!$A:$A,Sheet2!$C78) -> 59.6 | J78: =SUMIFS('LD F.G ROLL'!S:S,'LD F.G ROLL'!$A:$A,Sheet2!$C78) -> 0 | K78: =SUMIFS('LD F.G ROLL'!T:T,'LD F.G ROLL'!$A:$A,Sheet2!$C78) -> 58.2 | L78: =+H78-J78 -> 2 | M78: =+I78-K78 -> 1.4 | N78: #N/A
A79: 10/8-8.5 | N79: #N/A
A80: 14/5.5-6 | N80: #N/A
A81: 14/7.5-8 | N81: #N/A
A82: 4/10 | N82: #N/A
A83: 15/6-6.5 | N83: #N/A
A84: 7/10-10.5 | N84: #N/A
A85: 29" شیٹ/7.5-8/15-16 | N85: #N/A
A86: 14+4+4/6-6.5/12-13 | N86: #N/A
A87: 22/12 | N87: #N/A
A88: 18/13-13.5 | N88: #N/A
A89: 28-28.5/95±1 | N89: #N/A
A90: 8.5-9/26 | N90: #N/A
... A92: Grand Total | N92: #N/A
N93: #N/A
N94: #N/A
N95: #N/A
N96: #N/A
N97: #N/A
N98: #N/A
N99: #N/A
N100: #N/A
N101: #N/A
N102: #N/A
N103: #N/A
N104: #N/A
... N300: #N/A

Sheet SAP CODE
A1: SAP CODE | B1: ROLL NAME | C1: SIZE | D1: GUAGE | F1: SIZE/GUAGE
A2: FGPTPL0000034 | B2: LDM PLAIN | C2: 5 | F2: =CONCATENATE(C2,E2,D2) -> 5
A3: FGPTPL0000066 | B3: LDN | C3: 24 | D3: 8 | E3: / | F3: =CONCATENATE(C3,E3,D3) -> 24/8
A4: FGPTPL0000067 | B4: LDN | C4: 24 | D4: 70 | E4: / | F4: =CONCATENATE(C4,E4,D4) -> 24/70
A5: FGPTPL0000068 | B5: LDN PLAIN | C5: 4 | F5: =CONCATENATE(C5,E5,D5) -> 4
A6: FGPTPL0000053 | B6: LDN PLAIN | C6: 5 | F6: =CONCATENATE(C6,E6,D6) -> 5
A7: FGPTPL0000015 | B7: LDN PLAIN | C7: 7 | F7: =CONCATENATE(C7,E7,D7) -> 7
A8: FGPTPL0000029 | B8: LDN PLAIN | C8: 8 | F8: =CONCATENATE(C8,E8,D8) -> 8
A9: FGPTPL0000058 | B9: LDN PLAIN | C9: 15 | F9: =CONCATENATE(C9,E9,D9) -> 15
A10: FGPTPL0000026 | B10: LDN PLAIN | C10: 24 | F10: =CONCATENATE(C10,E10,D10) -> 24
A11: FGPTPL0000032 | B11: LDN PLAIN | C11: 30 | F11: =CONCATENATE(C11,E11,D11) -> 30
A12: FGPTPL0000019 | B12: LDN PLAIN | C12: 36 | F12: =CONCATENATE(C12,E12,D12) -> 36
A13: 179 | B13: FGPT:PP | E13: / | F13: =CONCATENATE(C13,E13,D13) -> /
A14: FGPTPPR000032 | B14: PPR | C14: 1.5 | D14: 5 | E14: / | F14: =CONCATENATE(C14,E14,D14) -> 1.5/5
A15: FGPTPPR000026 | B15: PPR | C15: 2.5 | D15: 5 | E15: / | F15: =CONCATENATE(C15,E15,D15) -> 2.5/5
A16: FGPTPPR000025 | B16: PPR | C16: 2 | D16: 5 | E16: / | F16: =CONCATENATE(C16,E16,D16) -> 2/5
A17: FGPTPPR000031 | B17: PPR | C17: 3.5 | D17: 5 | E17: / | F17: =CONCATENATE(C17,E17,D17) -> 3.5/5
A18: FGPTPPR000028 | B18: PPR | C18: 3 | D18: 5 | E18: / | F18: =CONCATENATE(C18,E18,D18) -> 3/5
A19: FGPTPPR000027 | B19: PPR | C19: 4 | D19: 5 | E19: / | F19: =CONCATENATE(C19,E19,D19) -> 4/5
A20: FGPTPPR000029 | B20: PPR | C20: 5 | D20: 5 | E20: / | F20: =CONCATENATE(C20,E20,D20) -> 5/5
A21: FGPTPPR000002 | B21: PPR | C21: 7 | D21: 5 | E21: / | F21: =CONCATENATE(C21,E21,D21) -> 7/5
A22: FGPTPPR000004 | B22: PPR | C22: 9 | D22: 5 | E22: / | F22: =CONCATENATE(C22,E22,D22) -> 9/5
A23: FGPTPPR000005 | B23: PPR | C23: 10 | D23: 3 | E23: / | F23: =CONCATENATE(C23,E23,D23) -> 10/3
A24: FGPTPPR000037 | B24: PPR | C24: 11 | D24: 5 | E24: / | F24: =CONCATENATE(C24,E24,D24) -> 11/5
A25: FGPTPPR000006 | B25: PPR | C25: 11 | D25: 6 | E25: / | F25: =CONCATENATE(C25,E25,D25) -> 11/6
... A37: FGPTPPR000022 | B37: PPR | C37: 23 | D37: 7 | E37: / | F37: =CONCATENATE(C37,E37,D37) -> 23/7
A38: 184 | B38: FGPT:SL | E38: / | F38: =CONCATENATE(C38,E38,D38) -> /
A39: FGPTSLR000623 | B39: SL | C39: 23 | D39: 15 | E39: / | F39: =CONCATENATE(C39,E39,D39) -> 23/15
A40: 140 | B40: MKM1-PLAIN | E40: / | F40: =CONCATENATE(C40,E40,D40) -> /
A41: MKM0071 | B41: LDM ROLLS | C41: 10 | E41: / | F41: =CONCATENATE(C41,E41,D41) -> 10/
A42: MKM0077 | B42: LDM ROLLS | C42: 10.5 | F42: =CONCATENATE(C42,E42,D42) -> 10.5
A43: MKM0892 | B43: LDM ROLLS | C43: 10.5+2.75+2.75 | F43: =CONCATENATE(C43,E43,D43) -> 10.5+2.75+2.75
A44: MKM0080 | B44: LDM ROLLS | C44: 10+2.5+2.5 | F44: =CONCATENATE(C44,E44,D44) -> 10+2.5+2.5
A45: MKM0414 | B45: LDM ROLLS | C45: 10+3+3 | F45: =CONCATENATE(C45,E45,D45) -> 10+3+3
A46: MKM0089 | B46: LDM ROLLS | C46: 11 | F46: =CONCATENATE(C46,E46,D46) -> 11
A47: MKM0479 | B47: LDM ROLLS | C47: 11.5 | F47: =CONCATENATE(C47,E47,D47) -> 11.5
A48: MKM0334 | B48: LDM ROLLS | C48: 11+3+3 | F48: =CONCATENATE(C48,E48,D48) -> 11+3+3
A49: MKM0091 | B49: LDM ROLLS | C49: 12 | F49: =CONCATENATE(C49,E49,D49) -> 12
A50: MKM0060 | B50: LDM ROLLS | C50: 12+3+3 | F50: =CONCATENATE(C50,E50,D50) -> 12+3+3
A51: MKM0058 | B51: LDM ROLLS | C51: 13 | F51: =CONCATENATE(C51,E51,D51) -> 13
A52: MKM0075 | B52: LDM ROLLS | C52: 14 | F52: =CONCATENATE(C52,E52,D52) -> 14
A53: MKM0430 | B53: LDM ROLLS | C53: 14.5 | F53: =CONCATENATE(C53,E53,D53) -> 14.5
A54: MKM0057 | B54: LDM ROLLS | C54: 15 | F54: =CONCATENATE(C54,E54,D54) -> 15
A55: MKM0274 | B55: LDM ROLLS | C55: 16 | F55: =CONCATENATE(C55,E55,D55) -> 16
A56: MKM0084 | B56: LDM ROLLS | C56: 16.75 | F56: =CONCATENATE(C56,E56,D56) -> 16.75
A57: MKM0056 | B57: LDM ROLLS | C57: 17 | F57: =CONCATENATE(C57,E57,D57) -> 17
A58: MKM0052 | B58: LDM ROLLS | C58: 18 | F58: =CONCATENATE(C58,E58,D58) -> 18
A59: MKM0062 | B59: LDM ROLLS | C59: 18.5 | F59: =CONCATENATE(C59,E59,D59) -> 18.5
A60: MKM0068 | B60: LDM ROLLS | C60: 19.5 | F60: =CONCATENATE(C60,E60,D60) -> 19.5
A61: MKM0150 | B61: LDM ROLLS | C61: 20 | F61: =CONCATENATE(C61,E61,D61) -> 20
A62: MKM0076 | B62: LDM ROLLS | C62: 20.5 | F62: =CONCATENATE(C62,E62,D62) -> 20.5
... A67: MKM0086 | B67: LDM ROLLS | C67: 36 | F67: =CONCATENATE(C67,E67,D67) -> 36
A68: MKM0380 | B68: LDM ROLLS | C68: 39-MKM | F68: =CONCATENATE(C68,E68,D68) -> 39-MKM
A69: MKM0061 | B69: LDM ROLLS | C69: 40 | F69: =CONCATENATE(C69,E69,D69) -> 40
A70: MKM0067 | B70: LDM ROLLS | C70: 6 | F70: =CONCATENATE(C70,E70,D70) -> 6
A71: MKM0307 | B71: LDM ROLLS | C71: 7 | F71: =CONCATENATE(C71,E71,D71) -> 7
A72: MKM0527 | B72: LDM ROLLS | C72: 8+2.5+2.5 | F72: =CONCATENATE(C72,E72,D72) -> 8+2.5+2.5
A73: MKM0437 | B73: LDN ROLLS | C73: 6.5 | F73: =CONCATENATE(C73,E73,D73) -> 6.5
A74: MKM0223 | B74: LDN ROLLS | C74: 10.5 | F74: =CONCATENATE(C74,E74,D74) -> 10.5
A75: MKM0110 | B75: LDN ROLLS | C75: 10 | D75: 20 | E75: / | F75: =CONCATENATE(C75,E75,D75) -> 10/20
A76: MKM0109 | B76: LDN ROLLS | C76: 11 | F76: =CONCATENATE(C76,E76,D76) -> 11
A77: MKM0139 | B77: LDN ROLLS | C77: 11.5 | F77: =CONCATENATE(C77,E77,D77) -> 11.5
A78: MKM0111 | B78: LDN ROLLS | C78: 12 | F78: =CONCATENATE(C78,E78,D78) -> 12
A79: MKM0113 | B79: LDN ROLLS | C79: 13 | F79: =CONCATENATE(C79,E79,D79) -> 13
A80: MKM0403 | B80: LDN ROLLS | C80: 14.5 | F80: =CONCATENATE(C80,E80,D80) -> 14.5
A81: MKM0112 | B81: LDN ROLLS | C81: 14 | D81: 20 | E81: / | F81: =CONCATENATE(C81,E81,D81) -> 14/20
A82: MKM0117 | B82: LDN ROLLS | C82: 15 | F82: =CONCATENATE(C82,E82,D82) -> 15
A83: MKM0133 | B83: LDN ROLLS | C83: 15.5 | F83: =CONCATENATE(C83,E83,D83) -> 15.5
A84: MKM0226 | B84: LDN ROLLS | C84: 16.5 | F84: =CONCATENATE(C84,E84,D84) -> 16.5
A85: MKM0098 | B85: LDN ROLLS | C85: 16 | D85: 12 | E85: / | F85: =CONCATENATE(C85,E85,D85) -> 16/12
A86: MKM0902 | B86: LDN ROLLS | C86: 16 | D86: 7 | E86: / | F86: =CONCATENATE(C86,E86,D86) -> 16/7
A87: MKM0345 | B87: LDN ROLLS | C87: 17.25 | F87: =CONCATENATE(C87,E87,D87) -> 17.25
A88: MKM0217 | B88: LDN ROLLS | C88: 17.5 | F88: =CONCATENATE(C88,E88,D88) -> 17.5
A89: MKM0100 | B89: LDN ROLLS | C89: 17 | D89: 12 | E89: / | F89: =CONCATENATE(C89,E89,D89) -> 17/12
A90: MKM0099 | B90: LDN ROLLS | C90: 18 | D90: 3 | E90: / | F90: =CONCATENATE(C90,E90,D90) -> 18/3
A91: MKM0901 | B91: LDN ROLLS | C91: 18 | D91: 18 | E91: / | F91: =CONCATENATE(C91,E91,D91) -> 18/18
A92: MKM0114 | B92: LDN ROLLS | C92: 19 | F92: =CONCATENATE(C92,E92,D92) -> 19
