Workbook

Sheet PP PRD
A1: SHIFT | B1: MCH# | C1: SO# | D1: DATE | E1: JOB NAME | F1: MATERIAL | G1: SIZE | H1: GUAGE | I1: QUALITY | J1: ORDER WEIGHT | K1: SECTION | L1: NO OF ROLLS | M1: G. WEIGHT | N1: CORE WEIGHT | O1: PRD WATSE | P1: SAMPLE WASTE | Q1: NET WEIGHT | R1: FOREMAN | S1: کوالٹی CHANGE | T1: ھیٹنگ | U1: MACHINE ON | V1: TOTAL MIN | W1: P.S HOURS | X1: الیکٹریکل | Y1: ڈایی صاف | Z1: مکینیکل | AA1: سائز کم | AB1: سیمپل چیک | AC1: OTHER | AD1: جالی تبدیل | AE1: TREET | AF1: TOTAL MIN_1 | AG1: U.P.S HOURS | AH1: T.S HOURS | AI1: RUNNING | AJ1: TOTAL HOURS | AK1: WASTAGE/KGs | AL1: KWH/KG | AM1: TOTAL PRODUCTION | AN1: TARGET | AO1: RECIPE | AP1: WEEK NO. | AQ1: REMARKS | AR1: ACTION | AS1: ACTION PLAN | AT1: REMARKS_2
A2: A | B2: 1 | C2: 4 P | D2: 45658 | E2: سادہ لفافہ | F2: PP | G2: 3 | H2: رول | I2: 0 | J2: - | K2: PP | L2: 8 | M2: 131.23 | N2: 2.4 | O2: 54.5 | Q2: 128.83 | R2: ARFAN
A3: B | B3: 1 | C3: 4 P | D3: 45658 | E3: سادہ لفافہ | F3: PP | G3: 3 | H3: رول | I3: 0 | J3: - | K3: PP | L3: 2 | M3: 36.35 | N3: 0.6 | O3: 54.5 | Q3: 35.75 | R3: ARFAN
A4: A | B4: 2 | C4: 2 P | D4: 45658 | E4: سادہ لفافہ | F4: PP | G4: 2 | H4: رول | I4: 0 | J4: - | K4: PP | L4: 7 | M4: 64.41 | N4: 1.4 | Q4: 63.01 | R4: ARFAN
A5: B | B5: 2 | C5: 2 P | D5: 45658 | E5: سادہ لفافہ | F5: PP | G5: 2 | H5: رول | I5: 0 | J5: - | K5: PP | L5: 2 | M5: 18.85 | N5: 0.4 | Q5: 18.45 | R5: ARFAN
A6: A | B6: 3 | C6: 10 P | D6: 45658 | E6: سادہ لفافہ | F6: PP | G6: 7 | H6: رول | I6: 0 | J6: - | K6: PP | L6: 3 | M6: 115.13 | N6: 2.4 | Q6: 112.73 | R6: ARFAN
A7: A | B7: 3 | C7: 6454/6 | D7: 45658 | E7: لفافہ | F7: PP | G7: 7 | H7: 6 | I7: 0 | J7: 100 | K7: PP | L7: 4 | M7: 107.91 | N7: 2.8 | Q7: 105.11 | R7: ARFAN
A8: A | B8: 3 | C8: 15 P | D8: 45658 | E8: سادہ لفافہ | F8: PP | G8: 12 | H8: رول | I8: 0 | J8: - | K8: PP | L8: 2 | M8: 91.06 | N8: 3.25 | Q8: 87.81 | R8: ARFAN
A9: B | B9: 3 | C9: 15 P | D9: 45658 | E9: سادہ لفافہ | F9: PP | G9: 12 | H9: رول | I9: 0 | J9: - | K9: PP | L9: 5 | M9: 263.63 | N9: 8 | Q9: 255.63 | R9: ARFAN
A10: A | B10: 4 | C10: 817 F | D10: 45658 | E10: وارننگ LEVIES | F10: PP | G10: 16.2 | H10: - | I10: - | J10: 4000 | K10: PP | L10: 13 | M10: 627.12 | N10: 12.8 | Q10: 614.32 | R10: ARFAN
A11: A | B11: 4 | C11: 6470/1 | D11: 45658 | E11: لفافہ | F11: PP | G11: 16 | H11: 5.5/6 | I11: 0 | J11: 500 | K11: PP | L11: 4 | M11: 196.9 | N11: 8.95 | Q11: 187.95 | R11: ARFAN
A12: B | B12: 4 | C12: 6470/1 | D12: 45658 | E12: لفافہ | F12: PP | G12: 16 | H12: 5.5/6 | I12: 0 | J12: 500 | K12: PP | L12: 7 | M12: 299.5 | N12: 9.9 | Q12: 289.6 | R12: ARFAN
A13: B | B13: 4 | C13: 817 F | D13: 45658 | E13: وارننگ LEVIES | F13: PP | G13: 16.2 | H13: - | I13: - | J13: 4000 | K13: PP | L13: 10 | M13: 485.21 | N13: 4 | Q13: 481.21 | R13: ARFAN
A14: A | B14: 5 | C14: 170 P | D14: 45658 | E14: سادہ لفافہ | F14: PP | G14: 15 | H14: 6.5-7 | I14: 0 | J14: - | K14: PP | L14: 7 | M14: 381.33 | N14: 11.51 | Q14: 369.82 | R14: ARFAN
A15: A | B15: 5 | C15: 6469/1 | D15: 45658 | E15: لفافہ | F15: PP | G15: 4 | H15: 14 | I15: 0 | J15: 500 | K15: PP | L15: 5 | M15: 254.38 | N15: 6.54 | Q15: 247.84 | R15: ARFAN
A16: B | B16: 5 | C16: 6469/1 | D16: 45658 | E16: لفافہ | F16: PP | G16: 4 | H16: 14 | I16: 0 | J16: 500 | K16: PP | L16: 8 | M16: 365.62 | N16: 2 | Q16: 363.62 | R16: ARFAN
A17: B | B17: 5 | C17: 13 P | D17: 45658 | E17: سادہ لفافہ | F17: PP | G17: 10 | H17: رول | I17: 0 | J17: - | K17: PP | L17: 4 | M17: 206.04 | N17: 2 | Q17: 204.04 | R17: ARFAN
A18: A | B18: 1 | C18: 4 P | D18: 45659 | E18: سادہ لفافہ | F18: PP | G18: 3 | H18: رول | I18: 0 | J18: - | K18: PP | L18: 9 | M18: 133.58 | N18: 2.7 | O18: 22 | Q18: 130.88 | R18: ARFAN
A19: B | B19: 1 | C19: 4 P | D19: 45659 | E19: سادہ لفافہ | F19: PP | G19: 3 | H19: رول | I19: 0 | J19: - | K19: PP | L19: 7 | M19: 120.94 | N19: 2.1 | O19: 30 | Q19: 118.84 | R19: SHAHID
A20: A | B20: 2 | C20: 2 P | D20: 45659 | E20: سادہ لفافہ | F20: PP | G20: 2 | H20: رول | I20: 0 | J20: - | K20: PP | L20: 9 | M20: 88.17 | N20: 1.8 | Q20: 86.37 | R20: ARFAN
A21: B | B21: 2 | C21: 2 P | D21: 45659 | E21: سادہ لفافہ | F21: PP | G21: 2 | H21: رول | I21: 0 | J21: - | K21: PP | L21: 8 | M21: 73.99 | N21: 1.6 | Q21: 72.39 | R21: SHAHID
A22: A | B22: 4 | C22: 817 F | D22: 45659 | E22: وارننگ LEVIES | F22: PP | G22: 16.2 | H22: - | I22: - | J22: 4000 | K22: PP | L22: 11 | M22: 562.83 | N22: 7.5 | Q22: 555.33 | R22: ARFAN
A23: A | B23: 4 | C23: 6453/3 | D23: 45659 | E23: لفافہ | F23: PP | G23: 8 | H23: 10 | I23: 0 | J23: 100 | K23: PP | L23: 2 | M23: 110.24 | N23: 3.98 | Q23: 106.26 | R23: ARFAN
A24: A | B24: 4 | C24: 6469/2 | D24: 45659 | E24: لفافہ | F24: PP | G24: 6 | H24: 14 | I24: 0 | J24: 125 | K24: PP | L24: 5 | M24: 224.05 | N24: 9.76 | Q24: 214.29 | R24: ARFAN
A25: B | B25: 4 | C25: 817 F | D25: 45659 | E25: وارننگ LEVIES | F25: PP | G25: 16.2 | H25: - | I25: - | J25: 4000 | K25: PP | L25: 15 | M25: 750.83 | N25: 30 | Q25: 720.83 | R25: SHAHID
A26: B | B26: 4 | C26: 19 P | D26: 45659 | E26: سادہ لفافہ | F26: PP | G26: 16 | H26: رول | I26: 0 | J26: - | K26: PP | L26: 1 | M26: 47.2 | N26: 2 | Q26: 45.2 | R26: SHAHID
A27: A | B27: 3 | C27: 15 P | D27: 45659 | E27: سادہ لفافہ | F27: PP | G27: 12 | H27: رول | I27: 0 | J27: - | K27: PP | L27: 4 | M27: 183.96 | Q27: 183.96 | R27: ARFAN
A28: A | B28: 3 | C28: 6453/1 | D28: 45659 | E28: لفافہ | F28: PP | G28: 6 | H28: 10 | I28: 0 | J28: 100 | K28: PP | L28: 3 | M28: 115.51 | N28: 1.6 | Q28: 113.91 | R28: ARFAN
A29: B | B29: 3 | C29: 15 P | D29: 45659 | E29: سادہ لفافہ | F29: PP | G29: 12 | H29: رول | I29: 0 | J29: - | K29: PP | L29: 7 | M29: 329.22 | N29: 8.4 | Q29: 320.82 | R29: SHAHID
A30: A | B30: 5 | C30: 13 P | D30: 45659 | E30: سادہ لفافہ | F30: PP | G30: 10 | H30: رول | I30: 0 | J30: - | K30: PP | L30: 9 | M30: 451.55 | N30: 11.72 | Q30: 439.83 | R30: ARFAN
A31: B | B31: 5 | C31: 13 P | D31: 45659 | E31: سادہ لفافہ | F31: PP | G31: 10 | H31: رول | I31: 0 | J31: - | K31: PP | L31: 11 | M31: 552.78 | N31: 14.3 | Q31: 538.48 | R31: SHAHID
A32: A | B32: 1 | C32: 4 P | D32: 45660 | E32: سادہ لفافہ | F32: PP | G32: 3 | H32: رول | I32: 0 | J32: - | K32: PP | L32: 8 | M32: 146.12 | O32: 40 | Q32: 146.12 | R32: ARFAN
A33: B | B33: 1 | C33: 4 P | D33: 45660 | E33: سادہ لفافہ | F33: PP | G33: 3 | H33: رول | I33: 0 | J33: - | K33: PP | L33: 7 | M33: 128.62 | O33: 30 | Q33: 128.62 | R33: SHAHID
A34: A | B34: 2 | C34: 6442/4 | D34: 45660 | E34: لفافہ | F34: PP | G34: 2 | H34: 5 | I34: 0 | J34: 500 | K34: PP | L34: 7 | M34: 77.15 | Q34: 77.15 | R34: ARFAN
A35: B | B35: 2 | C35: 2 P | D35: 45660 | E35: سادہ لفافہ | F35: PP | G35: 2 | H35: رول | I35: 0 | J35: - | K35: PP | L35: 9 | M35: 91.46 | Q35: 91.46 | R35: SHAHID
A36: A | B36: 3 | C36: 15 P | D36: 45660 | E36: سادہ لفافہ | F36: PP | G36: 12 | H36: رول | I36: 0 | J36: - | K36: PP | L36: 5 | M36: 203.45 | Q36: 203.45 | R36: ARFAN
A37: A | B37: 3 | C37: 15 P | D37: 45660 | E37: سادہ لفافہ | F37: PP | G37: 12 | H37: رول | I37: 0 | J37: - | K37: PP | L37: 2 | M37: 88.08 | Q37: 88.08 | R37: ARFAN
A38: B | B38: 3 | C38: 15 P | D38: 45660 | E38: سادہ لفافہ | F38: PP | G38: 12 | H38: رول | I38: 0 | J38: - | K38: PP | L38: 6 | M38: 299.44 | N38: 9.6 | Q38: 289.84 | R38: SHAHID
A39: A | B39: 4 | C39: 817 F | D39: 45660 | E39: وارننگ LEVIES | F39: PP | G39: 16.2 | H39: - | I39: - | J39: 4000 | K39: PP | L39: 16 | M39: 797.05 | Q39: 797.05 | R39: ARFAN
A40: B | B40: 4 | C40: 817 F | D40: 45660 | E40: وارننگ LEVIES | F40: PP | G40: 16.2 | H40: - | I40: - | J40: 4000 | K40: PP | L40: 17 | M40: 860.54 | N40: 34 | Q40: 826.54 | R40: SHAHID
A41: A | B41: 5 | C41: 13 P | D41: 45660 | E41: سادہ لفافہ | F41: PP | G41: 10 | H41: رول | I41: 0 | J41: - | K41: PP | L41: 3 | M41: 153.39 | Q41: 153.39 | R41: ARFAN
A42: A | B42: 5 | C42: 12 P | D42: 45660 | E42: سادہ لفافہ | F42: PP | G42: 9 | H42: رول | I42: 0 | J42: - | K42: PP | L42: 8 | M42: 351.34 | Q42: 351.34 | R42: ARFAN
A43: B | B43: 5 | C43: 12 P | D43: 45660 | E43: سادہ لفافہ | F43: PP | G43: 9 | H43: رول | I43: 0 | J43: - | K43: PP | L43: 12 | M43: 557.98 | Q43: 557.98 | R43: SHAHID
A44: A | B44: 1 | C44: 4 P | D44: 45661 | E44: سادہ لفافہ | F44: PP | G44: 3 | H44: رول | I44: 0 | J44: - | K44: PP | L44: 6 | M44: 108.14 | O44: 42 | Q44: 108.14 | R44: SHAHID
A45: A | B45: 1 | C45: 6 P | D45: 45661 | E45: سادہ لفافہ | F45: PP | G45: 4 | H45: رول | I45: 0 | J45: - | K45: PP | L45: 2 | M45: 44.38 | Q45: 44.38 | R45: SHAHID
A46: B | B46: 1 | C46: 6 P | D46: 45661 | E46: سادہ لفافہ | F46: PP | G46: 4 | H46: رول | I46: 0 | J46: - | K46: PP | L46: 9 | M46: 203.11 | O46: 42 | Q46: 203.11 | R46: SHAHID
A47: A | B47: 3 | C47: 15 P | D47: 45661 | E47: سادہ لفافہ | F47: PP | G47: 12 | H47: رول | I47: 0 | J47: - | K47: PP | L47: 1 | M47: 50.93 | Q47: 50.93 | R47: SHAHID
A48: A | B48: 3 | C48: 15 P | D48: 45661 | E48: سادہ لفافہ | F48: PP | G48: 12 | H48: رول | I48: 0 | J48: - | K48: PP | L48: 6 | M48: 285.39 | Q48: 285.39 | R48: SHAHID
A49: B | B49: 3 | C49: 15 P | D49: 45661 | E49: سادہ لفافہ | F49: PP | G49: 12 | H49: رول | I49: 0 | J49: - | K49: PP | L49: 12 | M49: 367.92 | Q49: 367.92 | R49: SHAHID
A50: A | B50: 4 | C50: 817 F | D50: 45661 | E50: وارننگ LEVIES | F50: PP | G50: 16.2 | H50: - | I50: - | J50: 4000 | K50: PP | L50: 9 | M50: 463.2 | Q50: 463.2 | R50: SHAHID
A51: A | B51: 4 | C51: 6482/1 | D51: 45661 | E51: لفافہ | F51: PP | G51: 16 | H51: 5.5-6 | I51: 0 | J51: 1000 | K51: PP | L51: 7 | M51: 324.61 | Q51: 324.61 | R51: SHAHID
A52: B | B52: 4 | C52: 6482/1 | D52: 45661 | E52: لفافہ | F52: PP | G52: 16 | H52: 5.5-6 | I52: 0 | J52: 1000 | K52: PP | L52: 17 | M52: 912.64 | Q52: 912.64 | R52: SHAHID
A53: A | B53: 1 | C53: 6 P | D53: 45662 | E53: سادہ لفافہ | F53: PP | G53: 4 | H53: رول | I53: 0 | J53: - | K53: PP | L53: 7 | M53: 158.43 | N53: 2.8 | O53: 38 | Q53: 155.63 | R53: SHAHID
A54: B | B54: 1 | C54: 4 P | D54: 45662 | E54: سادہ لفافہ | F54: PP | G54: 3 | H54: رول | I54: 0 | J54: - | K54: PP | L54: 8 | M54: 110.59 | O54: 38 | Q54: 110.59 | R54: SHAHID
A55: B | B55: 1 | C55: 6 P | D55: 45662 | E55: سادہ لفافہ | F55: PP | G55: 4 | H55: رول | I55: 0 | J55: - | K55: PP | L55: 8 | M55: 200.73 | N55: 3.2 | Q55: 197.53 | R55: SHAHID
A56: A | B56: 2 | C56: 6442/4 | D56: 45662 | E56: لفافہ | F56: PP | G56: 2 | H56: 5 | I56: 0 | J56: 500 | K56: PP | L56: 10 | M56: 102.74 | N56: 2 | Q56: 100.74 | R56: SHAHID
A57: B | B57: 2 | C57: 6442/4 | D57: 45662 | E57: لفافہ | F57: PP | G57: 2 | H57: 5 | I57: 0 | J57: 500 | K57: PP | L57: 8 | M57: 82.56 | N57: 1.6 | Q57: 80.96 | R57: SHAHID
A58: A | B58: 4 | C58: 6482/1 | D58: 45662 | E58: لفافہ | F58: PP | G58: 16 | H58: 5.5-6 | I58: 0 | J58: 1000 | K58: PP | L58: 12 | M58: 775.23 | N58: 24 | Q58: 751.23 | R58: SHAHID
A59: B | B59: 4 | C59: 6482/1 | D59: 45662 | E59: لفافہ | F59: PP | G59: 16 | H59: 5.5-6 | I59: 0 | J59: 1000 | K59: PP | L59: 2 | M59: 105.4 | N59: 3.9 | Q59: 101.5 | R59: ARFAN
A60: B | B60: 4 | C60: 890 F | D60: 45662 | E60: ONE وارینگ | F60: PP | G60: 17 | H60: 7.5-8 | I60: - | J60: 500 | K60: PP | L60: 8 | M60: 433.9 | N60: 15.65 | Q60: 418.25 | R60: ARFAN
A61: B | B61: 4 | C61: 9922 A | D61: 45662 | E61: سادہ لفافہ | F61: PP | G61: 16 | H61: - | I61: ڈبل | J61: 1000 | K61: PP | L61: 6 | M61: 313.08 | Q61: 313.08 | R61: ARFAN
A62: A | B62: 5 | C62: 12 P | D62: 45662 | E62: سادہ لفافہ | F62: PP | G62: 9 | H62: رول | I62: 0 | J62: - | K62: PP | L62: 8 | M62: 388.41 | N62: 7.2 | Q62: 381.21 | R62: SHAHID
A63: B | B63: 5 | C63: 15 P | D63: 45662 | E63: سادہ لفافہ | F63: PP | G63: 12 | H63: رول | I63: 0 | J63: - | K63: PP | L63: 6 | M63: 260.36 | N63: 7.2 | Q63: 253.16 | R63: ARFAN
A64: A | B64: 1 | C64: 6 P | D64: 45663 | E64: سادہ لفافہ | F64: PP | G64: 4 | H64: رول | I64: 0 | J64: - | K64: PP | L64: 10 | M64: 195.24 | N64: 4 | O64: 44 | Q64: 191.24 | R64: SHAHID
A65: B | B65: 1 | C65: 6 P | D65: 45663 | E65: سادہ لفافہ | F65: PP | G65: 4 | H65: رول | I65: 0 | J65: - | K65: PP | L65: 7 | M65: 167.37 | N65: 2.8 | O65: 44 | Q65: 164.57 | R65: SHAHID
A66: A | B66: 2 | C66: 4 P | D66: 45663 | E66: سادہ لفافہ | F66: PP | G66: 3 | H66: رول | I66: 0 | J66: - | K66: PP | L66: 11 | M66: 139.94 | N66: 3.3 | Q66: 136.64 | R66: SHAHID
A67: B | B67: 2 | C67: 4 P | D67: 45663 | E67: سادہ لفافہ | F67: PP | G67: 3 | H67: رول | I67: 0 | J67: - | K67: PP | L67: 10 | M67: 138.43 | N67: 3 | Q67: 135.43 | R67: SHAHID
A68: A | B68: 3 | C68: 6440/9 | D68: 45663 | E68: لفافہ | F68: PP | G68: 12 | H68: 10 | I68: 0 | J68: 125 | K68: PP | L68: 1 | M68: 29.71 | Q68: 29.71 | R68: SHAHID
A69: A | B69: 3 | C69: 15 P | D69: 45663 | E69: سادہ لفافہ | F69: PP | G69: 12 | H69: رول | I69: 0 | J69: - | K69: PP | L69: 1 | M69: 43.28 | Q69: 43.28 | R69: SHAHID
A70: A | B70: 3 | C70: 11 P | D70: 45663 | E70: سادہ لفافہ | F70: PP | G70: 8 | H70: رول | I70: 0 | J70: - | K70: PP | L70: 5 | M70: 178.77 | N70: 4 | Q70: 174.77 | R70: SHAHID
A71: B | B71: 3 | C71: 11 P | D71: 45663 | E71: سادہ لفافہ | F71: PP | G71: 8 | H71: رول | I71: 0 | J71: - | K71: PP | L71: 7 | M71: 275.79 | N71: 5.6 | Q71: 270.19 | R71: SHAHID
A72: A | B72: 4 | C72: 890 F | D72: 45663 | E72: ONE وارینگ | F72: PP | G72: 17 | H72: 7.5-8 | I72: - | J72: 500 | K72: PP | L72: 5 | M72: 261.05 | N72: 8.5 | Q72: 252.55 | R72: SHAHID
A73: A | B73: 4 | C73: 6482/2 | D73: 45663 | E73: لفافہ | F73: PP | G73: 20 | H73: 5.5-6 | I73: 0 | J73: 500 | K73: PP | L73: 12 | M73: 617.72 | N73: 30.6 | Q73: 587.12 | R73: SHAHID
A74: A | B74: 4 | C74: 6437/4 | D74: 45663 | E74: لفافہ | F74: PP | G74: 21 | H74: 5 | I74: 0 | J74: 250 | K74: PP | L74: 1 | M74: 55.96 | Q74: 55.96 | R74: SHAHID
A75: B | B75: 4 | C75: 6437/4 | D75: 45663 | E75: لفافہ | F75: PP | G75: 21 | H75: 5 | I75: 0 | J75: 250 | K75: PP | L75: 4 | M75: 243.53 | N75: 8.4 | Q75: 235.13 | R75: ARFAN
A76: B | B76: 4 | C76: 6492/1 | D76: 45663 | E76: لفافہ | F76: PP | G76: 28 | H76: 5 | I76: 0 | J76: 625 | K76: PP | L76: 8 | M76: 546.59 | N76: 24 | Q76: 522.59 | R76: ARFAN
A77: A | B77: 5 | C77: 17 P | D77: 45663 | E77: سادہ لفافہ | F77: PP | G77: 14 | H77: رول | I77: 0 | J77: - | K77: PP | L77: 4 | M77: 212.71 | N77: 5.6 | Q77: 207.11 | R77: SHAHID
A78: B | B78: 5 | C78: 17 P | D78: 45663 | E78: سادہ لفافہ | F78: PP | G78: 14 | H78: رول | I78: 0 | J78: - | K78: PP | L78: 11 | M78: 632.68 | N78: 15.4 | Q78: 617.28 | R78: ARFAN
A79: A | B79: 1 | C79: 6 P | D79: 45664 | E79: سادہ لفافہ | F79: PP | G79: 4 | H79: رول | I79: 0 | J79: - | K79: PP | L79: 10 | M79: 190.47 | N79: 4 | O79: 30 | Q79: 186.47 | R79: SHAHID
A80: B | B80: 1 | C80: 6 P | D80: 45664 | E80: سادہ لفافہ | F80: PP | G80: 4 | H80: رول | I80: 0 | J80: - | K80: PP | L80: 8 | M80: 183.46 | N80: 3.2 | O80: 102 | Q80: 180.26 | R80: ARFAN
A81: A | B81: 2 | C81: 4 P | D81: 45664 | E81: سادہ لفافہ | F81: PP | G81: 3 | H81: رول | I81: 0 | J81: - | K81: PP | L81: 10 | M81: 149.84 | N81: 3 | Q81: 146.84 | R81: SHAHID
A82: B | B82: 2 | C82: 4 P | D82: 45664 | E82: سادہ لفافہ | F82: PP | G82: 3 | H82: رول | I82: 0 | J82: - | K82: PP | L82: 9 | M82: 129.33 | N82: 2.7 | Q82: 126.63 | R82: ARFAN
A83: A | B83: 3 | C83: 12 P | D83: 45664 | E83: سادہ لفافہ | F83: PP | G83: 9 | H83: رول | I83: 0 | J83: - | K83: PP | L83: 6 | M83: 263.93 | N83: 4.8 | Q83: 259.13 | R83: SHAHID
A84: B | B84: 3 | C84: 12 P | D84: 45664 | E84: سادہ لفافہ | F84: PP | G84: 9 | H84: رول | I84: 0 | J84: - | K84: PP | L84: 7 | M84: 270.02 | N84: 5.6 | Q84: 264.42 | R84: ARFAN
A85: A | B85: 4 | C85: 27 P | D85: 45664 | E85: سادہ لفافہ | F85: PP | G85: 28 | H85: رول | I85: 0 | J85: - | K85: PP | L85: 6 | M85: 364.11 | N85: 18 | Q85: 346.11 | R85: SHAHID
A86: A | B86: 4 | C86: 24 P | D86: 45664 | E86: سادہ لفافہ | F86: PP | G86: 22 | H86: رول | I86: 0 | J86: - | K86: PP | L86: 3 | M86: 146.28 | N86: 6.6 | Q86: 139.68 | R86: SHAHID
A87: A | B87: 4 | C87: 10877 | D87: 45664 | E87: - | F87: - | G87: - | H87: - | I87: - | J87: - | K87: PP | L87: 3 | M87: 160.97 | N87: 6.6 | Q87: 154.37 | R87: SHAHID
A88: B | B88: 4 | C88: 24 P | D88: 45664 | E88: سادہ لفافہ | F88: PP | G88: 22 | H88: رول | I88: 0 | J88: - | K88: PP | L88: 15 | M88: 893.62 | N88: 33 | Q88: 860.62 | R88: ARFAN
A89: A | B89: 5 | C89: 17 P | D89: 45664 | E89: سادہ لفافہ | F89: PP | G89: 14 | H89: رول | I89: 0 | J89: - | K89: PP | L89: 10 | M89: 594.83 | N89: 14 | Q89: 580.83 | R89: SHAHID
A90: B | B90: 5 | C90: 100 J | D90: 45664 | E90: النور رسک | F90: PP | G90: 14 | H90: 6-6.5 | I90: .1:1 | J90: 100 | K90: PP | L90: 2 | M90: 79.25 | N90: 2.8 | Q90: 76.45 | R90: ARFAN
A91: B | B91: 5 | C91: 17 P | D91: 45664 | E91: سادہ لفافہ | F91: PP | G91: 14 | H91: رول | I91: 0 | J91: - | K91: PP | L91: 10 | M91: 566.59 | N91: 14 | Q91: 552.59 | R91: ARFAN
A92: A | B92: 1 | C92: 6 P | D92: 45665 | E92: سادہ لفافہ | F92: PP | G92: 4 | H92: رول | I92: 0 | J92: - | K92: PP | L92: 9 | M92: 189.66 | N92: 3.6 | O92: 31 | Q92: 186.06 | R92: SHAHID
A93: B | B93: 1 | C93: 6 P | D93: 45665 | E93: سادہ لفافہ | F93: PP | G93: 4 | H93: رول | I93: 0 | J93: - | K93: PP | L93: 8 | M93: 186.13 | N93: 3.2 | O93: 61 | Q93: 182.93 | R93: SHAHID
A94: A | B94: 2 | C94: 4 P | D94: 45665 | E94: سادہ لفافہ | F94: PP | G94: 3 | H94: رول | I94: 0 | J94: - | K94: PP | L94: 1 | M94: 15.93 | N94: 0.2 | Q94: 15.73 | R94: SHAHID
A95: A | B95: 2 | C95: 3 P | D95: 45665 | E95: سادہ لفافہ | F95: PP | G95: 2.5 | H95: رول | I95: 0 | J95: - | K95: PP | L95: 7 | M95: 85.06 | N95: 1.75 | Q95: 83.31 | R95: SHAHID
A96: B | B96: 2 | C96: 3 P | D96: 45665 | E96: سادہ لفافہ | F96: PP | G96: 2.5 | H96: رول | I96: 0 | J96: - | K96: PP | L96: 8 | M96: 100.19 | N96: 2 | Q96: 98.19 | R96: SHAHID
A97: A | B97: 3 | C97: 11 P | D97: 45665 | E97: سادہ لفافہ | F97: PP | G97: 8 | H97: رول | I97: 0 | J97: - | K97: PP | L97: 7 | M97: 264.19 | N97: 5.6 | Q97: 258.59 | R97: SHAHID
A98: B | B98: 3 | C98: 11 P | D98: 45665 | E98: سادہ لفافہ | F98: PP | G98: 8 | H98: رول | I98: 0 | J98: - | K98: PP | L98: 2 | M98: 85.66 | N98: 1.6 | Q98: 84.06 | R98: ARFAN
A99: B | B99: 3 | C99: 10 P | D99: 45665 | E99: سادہ لفافہ | F99: PP | G99: 7 | H99: رول | I99: 0 | J99: - | K99: PP | L99: 5 | M99: 186.24 | N99: 3.5 | Q99: 182.74 | R99: ARFAN
A100: A | B100: 4 | C100: 24 P | D100: 45665 | E100: سادہ لفافہ | F100: PP | G100: 22 | H100: رول | I100: 0 | J100: - | K100: PP | L100: 2 | M100: 60.02 | N100: 5.6 | Q100: 54.42 | R100: SHAHID
...

Sheet PP JOB CARD PRD
A1: DATE | B1: SO | C1: PARTY NAME | D1: SIZE | E1: GUAGE | F1: QUALITY | G1: ORDER WT | H1: PAPER PRO | I1: CARD PRO | J1: DIFF | K1: REMARKS
A2: 45894 | B2: 11P/1 | C2: {=VLOOKUP(B2,'PP PRD'!C:R,{3,5,6,4,8},0)} -> - | D2: - | E2: - | F2: - | G2: - | H2: =SUMIFS('PP PRD'!M:M,'PP PRD'!C:C,'PP JOB CARD PRD'!B2) -> 631.1 | I2: =30.43+35.27+35.58+26.44+33.57+24.82+37.08+39.48+39.1+36.4+40.96+49+41.26+31.5+31.35+34.68+29.78+34.4 -> 631.1 | J2: =+H2-I2 -> 0
A3: 45895 | B3: 12P/1 | C3: {=VLOOKUP(B3,'PP PRD'!C:R,{3,5,6,4,8},0)} -> - | D3: 0 | E3: 0 | F3: 0 | G3: 0 | H3: =SUMIFS('PP PRD'!M:M,'PP PRD'!C:C,'PP JOB CARD PRD'!B3) -> 592.94 | I3: =29.11+32.17+28.52+28.35+48.5+42.71+26.78+42.52+47.33+40.12+35.84+37.8+34.69+34.48+35.24 -> 544.16 | J3: =+H3-I3 -> 48.78 | K3: JOB CARD PER AIK ROLL KA WZN NHI LIKHA
A4: 45895 | B4: 7204/1 | C4: {=VLOOKUP(B4,'PP PRD'!C:R,{3,5,6,4,8},0)} -> اسلم پلاسٹک ملتان | D4: 11 | E4: 6.5-7 | F4: PP | G4: 50 | H4: =SUMIFS('PP PRD'!M:M,'PP PRD'!C:C,'PP JOB CARD PRD'!B4) -> 126.78 | I4: =37.09+27.33+34.27+27.49 -> 126.18 | J4: =+H4-I4 -> 0.6
A5: 45895 | B5: 7194/3 | C5: {=VLOOKUP(B5,'PP PRD'!C:R,{3,5,6,4,8},0)} -> ایم عمران پاکستان مارکیٹ | D5: 11 | E5: 6.5 | F5: PP | G5: 800 | H5: =SUMIFS('PP PRD'!M:M,'PP PRD'!C:C,'PP JOB CARD PRD'!B5) -> 949.54 | I5: =34.34+30.43+29.39+27.87+28.97+49.9+54.33+40.17+47.59+38.27+40.12+40.72+39.9+37.55+43.22+35.37+34.86+34.66+38.3+37.36+37.19+37.31 -> 837.82 | J5: =+H5-I5 -> 111.72 | K5: JOB CARD PER WZN KM LIKHA HAI OR PRO CARD PER ZYADA HAI
A6: 45895 | B6: 19P/1 | C6: {=VLOOKUP(B6,'PP PRD'!C:R,{3,5,6,4,8},0)} -> 0 | D6: 0 | E6: - | F6: 0 | G6: 1000 | H6: =SUMIFS('PP PRD'!M:M,'PP PRD'!C:C,'PP JOB CARD PRD'!B6) -> 1104.69 | I6: =52.27+36.17+50.4+50.78+45.68+44.1+50.9+42.23+48.7+50.33+52.82+48.61+47.93+42.4+58.02+47.73+53.11+60.74+55.04+56.7+52.54 -> 1047.2 | J6: =+H6-I6 -> 57.49 | K6: JOB CARD PER AIK ROLL KA WZN NHI LIKHA
A7: 45895 | B7: 7173/6 | C7: {=VLOOKUP(B7,'PP PRD'!C:R,{3,5,6,4,8},0)} -> الحبیب پلاسٹک اوکاڑہ | D7: 20 | E7: 4.5 | F7: PP | G7: 100 | H7: =SUMIFS('PP PRD'!M:M,'PP PRD'!C:C,'PP JOB CARD PRD'!B7) -> 104.5 | I7: =52.26+52.24 -> 104.5 | J7: =+H7-I7 -> 0
A8: 45893 | B8: 7173/8 | C8: {=VLOOKUP(B8,'PP PRD'!C:R,{3,5,6,4,8},0)} -> الحبیب پلاسٹک اوکاڑہ | D8: 18 | E8: 5 | F8: PP | G8: 600 | H8: =SUMIFS('PP PRD'!M:M,'PP PRD'!C:C,'PP JOB CARD PRD'!B8) -> 1269.86 | I8: =55.32+53.07+54.42+52.45+52.87+62.2+53.25+40.23+58.32+69.53+62.03 -> 613.69 | J8: =+H8-I8 -> 656.17 | K8: JOB CARD PER 2 ROLL KA WZN NHI LIKHA
A9: 45893 | B9: 7169/1 | C9: {=VLOOKUP(B9,'PP PRD'!C:R,{3,5,6,4,8},0)} -> محبوب مقبول گوجرانوالہ | D9: 18 | E9: 7.5-8 | F9: PP | G9: 150 | H9: =SUMIFS('PP PRD'!M:M,'PP PRD'!C:C,'PP JOB CARD PRD'!B9) -> 166.34 | I9: =53.54+59.63+53.17 -> 166.34 | J9: =+H9-I9 -> 0
A10: 45892 | B10: 7160/1 | C10: {=VLOOKUP(B10,'PP PRD'!C:R,{3,5,6,4,8},0)} -> ایم دین پنڈی | D10: 7 | E10: 15 | F10: PP | G10: 600 | H10: =SUMIFS('PP PRD'!M:M,'PP PRD'!C:C,'PP JOB CARD PRD'!B10) -> 703.56 | I10: =19.65+27.6+33.05+33+30.39+32.3+23.05+19.72+20.77+19.9+20.19+21.04+21.43+19.6+19.88+19.57+22.35+21.31+26.37+19.94+21.45+20.02+32.46+32.62+30.97+32.43+25.51 -> 666.57 | J10: =+H10-I10 -> 36.99 | K10: JOB CARD PER 1 ROLL KA WZN NHI LIKHA
A11: 45893 | B11: 7173/1 | C11: {=VLOOKUP(B11,'PP PRD'!C:R,{3,5,6,4,8},0)} -> الحبیب پلاسٹک اوکاڑہ | D11: 8 | E11: 4.5 | F11: PP | G11: 300 | H11: =SUMIFS('PP PRD'!M:M,'PP PRD'!C:C,'PP JOB CARD PRD'!B11) -> 334.15 | I11: =33.51+40.9+34.25+47.24+35.02+35.26+40.2+26.7+37.43+39.61+36.44+37.79 -> 444.35 | J11: =+H11-I11 -> -110.2 | K11: JOB CARD PER 2 ROLL KA WZN NHI LIKHA
A12: 45893 | B12: 7171/1 | C12: {=VLOOKUP(B12,'PP PRD'!C:R,{3,5,6,4,8},0)} -> شاہد رمضان اوکاڑہ | D12: 18 | E12: 4.5 | F12: PP | G12: 200 | H12: =SUMIFS('PP PRD'!M:M,'PP PRD'!C:C,'PP JOB CARD PRD'!B12) -> 1232.34 | I12: =55.4+58.13 -> 113.53 | J12: =+H12-I12 -> 1118.81
A13: 45890 | B13: 7170/1 | C13: {=VLOOKUP(B13,'PP PRD'!C:R,{3,5,6,4,8},0)} -> بلال ازعظم مال کینٹ | D13: 12 | E13: 8 | F13: PP | G13: 50 | H13: =SUMIFS('PP PRD'!M:M,'PP PRD'!C:C,'PP JOB CARD PRD'!B13) -> 62.72 | I13: =25.68+40.09 -> 65.77 | J13: =+H13-I13 -> -3.05
A14: 45897 | B14: 7191/3 | C14: {=VLOOKUP(B14,'PP PRD'!C:R,{3,5,6,4,8},0)} -> العمر پلاسٹک گوجرانوالہ | D14: 18 | E14: 6 | F14: PP | G14: 250 | H14: =SUMIFS('PP PRD'!M:M,'PP PRD'!C:C,'PP JOB CARD PRD'!B14) -> 416.07 | I14: =60.23+56.13+59.1+61.52+57.43+51.74+69.92 -> 416.07 | J14: =+H14-I14 -> 0
A15: 45897 | B15: 3885 J | C15: {=VLOOKUP(B15,'PP PRD'!C:R,{3,5,6,4,8},0)} -> Bundu Khan Lahore | D15: 18" شیٹ | E15: 4-4.5/8-9 | F15: PP | G15: 150 | H15: =SUMIFS('PP PRD'!M:M,'PP PRD'!C:C,'PP JOB CARD PRD'!B15) -> 147.52 | I15: =35.5+33.9+40.87+37.25 -> 147.52 | J15: =+H15-I15 -> 0
A16: 45897 | B16: 7204/3 | C16: {=VLOOKUP(B16,'PP PRD'!C:R,{3,5,6,4,8},0)} -> اسلم پلاسٹک ملتان | D16: 12 | E16: 6.5-7 | F16: PP | G16: 50 | H16: =SUMIFS('PP PRD'!M:M,'PP PRD'!C:C,'PP JOB CARD PRD'!B16) -> 62.83 | I16: 62.83 | J16: =+H16-I16 -> 0
A17: 45898 | B17: 3886 J | C17: {=VLOOKUP(B17,'PP PRD'!C:R,{3,5,6,4,8},0)} -> Bundu Khan Lahore | D17: 18" شیٹ | E17: 4-4.5/8-9 | F17: PP | G17: 150 | H17: =SUMIFS('PP PRD'!M:M,'PP PRD'!C:C,'PP JOB CARD PRD'!B17) -> 152.96 | I17: =41.36+38.68+37.8+35.12 -> 152.96 | J17: =+H17-I17 -> 0
A18: 45898 | B18: 10 P | C18: {=VLOOKUP(B18,'PP PRD'!C:R,{3,5,6,4,8},0)} -> سادہ لفافہ | D18: 7 | E18: رول | F18: PP | G18: - | H18: =SUMIFS('PP PRD'!M:M,'PP PRD'!C:C,'PP JOB CARD PRD'!B18) -> 29929.27 | I18: =23.24+26.39+23.97+29.03+28.81+17+30.95+28.5+16.33+29.06+28.29+29.2+27.13+29.52+29.9+37.46+29.13+24.47+24.28+32.13+29.93+35.46+33.58+31.68+27.59+30.09+29.09+29.2+27.8+26.52+26.72+33.9+25.94+18.44+35.91+35.4+36.48 -> 1058.52 | J18: =+H18-I18 -> 28870.75
A19: 45898 | B19: 7191/5 | C19: {=VLOOKUP(B19,'PP PRD'!C:R,{3,5,6,4,8},0)} -> العمر پلاسٹک گوجرانوالہ | D19: 22 | E19: 6 | F19: PP | G19: 250 | H19: =SUMIFS('PP PRD'!M:M,'PP PRD'!C:C,'PP JOB CARD PRD'!B19) -> 266.9 | I19: =50.48+48.62+54.45+51.5+61.85 -> 266.9 | J19: =+H19-I19 -> 0
A20: 45898 | B20: 3883 J | C20: {=VLOOKUP(B20,'PP PRD'!C:R,{3,5,6,4,8},0)} -> Bundu Khan Lahore | D20: 22" شیٹ | E20: 4-4.5/8-9 | F20: PP | G20: 150 | H20: =SUMIFS('PP PRD'!M:M,'PP PRD'!C:C,'PP JOB CARD PRD'!B20) -> 140.95 | I20: =28.8+36.25+41.9+34 -> 140.95 | J20: =+H20-I20 -> 0
A21: 45898 | B21: 3917 J | C21: {=VLOOKUP(B21,'PP PRD'!C:R,{3,5,6,4,8},0)} -> Cakes and Bakes Lahore | D21: 16 | E21: 5.5-6 | F21: PP | G21: 250 | H21: =SUMIFS('PP PRD'!M:M,'PP PRD'!C:C,'PP JOB CARD PRD'!B21) -> 241.43 | I21: =47.56+43.4+53.28+47.9+49.29 -> 241.43 | J21: =+H21-I21 -> 0
A22: 45898 | B22: 7191/2 | C22: {=VLOOKUP(B22,'PP PRD'!C:R,{3,5,6,4,8},0)} -> العمر پلاسٹک گوجرانوالہ | D22: 16 | E22: 6 | F22: PP | G22: 1000 | H22: =SUMIFS('PP PRD'!M:M,'PP PRD'!C:C,'PP JOB CARD PRD'!B22) -> 1365.41 | I22: =33.37+48.76+52.34+49.23+50.7+46.9+52.73+51.68+52.01+41.98+48.19+54.25+33.71+42.81+61.75+50.5+35.4+47.7+54.3+50.9+33.8+45.73+49.29+46.61+51.39+47.65+36.53 -> 1270.21 | J22: =+H22-I22 -> 95.2
A23: 45898 | B23: 7171/10 | C23: {=VLOOKUP(B23,'PP PRD'!C:R,{3,5,6,4,8},0)} -> شاہد رمضان اوکاڑہ | D23: 8 | E23: 4.5 | F23: PP | G23: 100 | H23: =SUMIFS('PP PRD'!M:M,'PP PRD'!C:C,'PP JOB CARD PRD'!B23) -> 533.16 | I23: =20.98+21.78+44.22+36.51+33.9+33.8+32.69+29.42+31.54+34.08+32.68+39.42+34.96+34.38+37.45+35.76 -> 533.57 | J23: =+H23-I23 -> -0.41
A24: 45898 | B24: 7192/1 | C24: {=VLOOKUP(B24,'PP PRD'!C:R,{3,5,6,4,8},0)} -> ریفلیکٹ پیک لاہور | D24: 17 | E24: 5.5-6 | F24: PP | G24: 5000 | H24: =SUMIFS('PP PRD'!M:M,'PP PRD'!C:C,'PP JOB CARD PRD'!B24) -> 2803.38 | I24: =34.61+52.37+55.93+55+56.39+51.96+47.28+47.28+45.19+51.78+50.27+52.95+45.24+56.13+47.8+45.5+49.45+57.81+54.4+59.57+54.59+64.65+56.55+53.34+56.94+59.22+55.68+51.852+55.15+57.33+55.86+923.77+55.49+44.04 -> 2661.372 | J24: =+H24-I24 -> 142.008
A25: 45898 | B25: 7191/1 | C25: {=VLOOKUP(B25,'PP PRD'!C:R,{3,5,6,4,8},0)} -> العمر پلاسٹک گوجرانوالہ | D25: 14 | E25: 10 | F25: PP | G25: 250 | H25: =SUMIFS('PP PRD'!M:M,'PP PRD'!C:C,'PP JOB CARD PRD'!B25) -> 265.98 | I25: =45.56+48.46+34.12+48.04+44.23+45.57 -> 265.98 | J25: =+H25-I25 -> 0
A26: 45898 | B26: 11/1 | C26: {=VLOOKUP(B26,'PP PRD'!C:R,{3,5,6,4,8},0)} -> سٹاک | D26: 11 | E26: 5-5.5 | F26: PP | G26: 1000 | H26: =SUMIFS('PP PRD'!M:M,'PP PRD'!C:C,'PP JOB CARD PRD'!B26) -> 1223.5 | I26: =53.46+42.11+43+50.46+48.3+47.46+47.01+46.81+46.45+50.25+53.37+46.49+39.9+46.61+44.15+48.43+44+46.16+51.46+44.91+55.86 -> 996.65 | J26: =+H26-I26 -> 226.85
A27: 45898 | B27: 7168/1 | C27: {=VLOOKUP(B27,'PP PRD'!C:R,{3,5,6,4,8},0)} -> ریفلیکٹ پیک لاہور | D27: 16 | E27: 5.5-6 | F27: PP | G27: 2000 | H27: =SUMIFS('PP PRD'!M:M,'PP PRD'!C:C,'PP JOB CARD PRD'!B27) -> 298.4 | I27: =51.01+42.46+45.42+52.45+59.04+49.02+52.2+54.65+49.02+47.18+47.1 -> 549.55 | J27: =+H27-I27 -> -251.15
A28: 45903 | B28: 7202/11 | C28: {=VLOOKUP(B28,'PP PRD'!C:R,{3,5,6,4,8},0)} -> ہیڈ افس سٹاک لاہور | D28: 13 | E28: 7 | F28: PP | G28: 200 | H28: =SUMIFS('PP PRD'!M:M,'PP PRD'!C:C,'PP JOB CARD PRD'!B28) -> 319.87 | I28: =44.85+45.84+39.73+39.03+48+50.21+50.21 -> 317.87 | J28: =+H28-I28 -> 2
A29: 45903 | B29: 2101 F | C29: {=VLOOKUP(B29,'PP PRD'!C:R,{3,5,6,4,8},0)} -> Usman Amin | D29: 13 | E29: 8 | F29: PP | G29: 100 | H29: =SUMIFS('PP PRD'!M:M,'PP PRD'!C:C,'PP JOB CARD PRD'!B29) -> 100.38 | I29: =33.02+33.89+33.47 -> 100.38 | J29: =+H29-I29 -> 0
A30: 45903 | B30: 7194/6 | C30: {=VLOOKUP(B30,'PP PRD'!C:R,{3,5,6,4,8},0)} -> ایم عمران پاکستان مارکیٹ | D30: 19 | E30: 7 | F30: PP | G30: 400 | H30: =SUMIFS('PP PRD'!M:M,'PP PRD'!C:C,'PP JOB CARD PRD'!B30) -> 411.47 | I30: =34.52+35.48+39.5+39.3+41.66+32.2+39.24+33.6+39.02+35.9+41 -> 411.42 | J30: =+H30-I30 -> 0.05
A31: 45903 | B31: 7191/4 | C31: {=VLOOKUP(B31,'PP PRD'!C:R,{3,5,6,4,8},0)} -> العمر پلاسٹک گوجرانوالہ | D31: 20 | E31: 6 | F31: PP | G31: 1000 | H31: =SUMIFS('PP PRD'!M:M,'PP PRD'!C:C,'PP JOB CARD PRD'!B31) -> 1051.98 | I31: =55.22+60+57.29+62.75+59.32+54.93+52.59+51.25+56.76+60.12+50.32+51.09+55.55+51.72+58.09+62.9+53.92+58.05+48.12 -> 1059.99 | J31: =+H31-I31 -> -8.01
A32: 45903 | B32: 9/1 | C32: {=VLOOKUP(B32,'PP PRD'!C:R,{3,5,6,4,8},0)} -> سٹاک | D32: 9 | E32: 5-5.5 | F32: PP | G32: 500 | H32: =SUMIFS('PP PRD'!M:M,'PP PRD'!C:C,'PP JOB CARD PRD'!B32) -> 1914.89 | I32: =34.3+21.43+44.97+39.14+42.62+41.28+43.7+41.78+47.86+30.31+24+37.22+32.39+18.32+35.16+38.44+39.42+24.94+31.58+33.17+43.94+45.57+45+35.9+23.12+26.71+45.55+48.76+37.6+37.2+45.92+25+39.69+24.85+31.77+40.5+34+45.44+43.13+39.4+53+39.41+45.93+28.37+36.24+32.9+42.6+32 -> 1771.53 | J32: =+H32-I32 -> 143.36
A33: 45906 | B33: 7222/3 | C33: {=VLOOKUP(B33,'PP PRD'!C:R,{3,5,6,4,8},0)} -> اصف پلاسٹک سرگودھا | D33: 18 | E33: 4.5 | F33: PP | G33: 100 | H33: =SUMIFS('PP PRD'!M:M,'PP PRD'!C:C,'PP JOB CARD PRD'!B33) -> 88.95 | I33: =34.48+54.47 -> 88.95 | J33: =+H33-I33 -> 0
A34: 45906 | B34: 7/2 | C34: {=VLOOKUP(B34,'PP PRD'!C:R,{3,5,6,4,8},0)} -> سٹاک | D34: 7 | E34: 5 | F34: PP | G34: 800 | H34: =SUMIFS('PP PRD'!M:M,'PP PRD'!C:C,'PP JOB CARD PRD'!B34) -> 662.86 | I34: =30.7+34.38+29.33+38.2+35.52+36.23+34.01+34.1+36.87+35.61+39.4+32.77+31.75+32.47+28.1+31.35+31.63+30.3+29.78+38.56 -> 671.06 | J34: =+H34-I34 -> -8.2
A35: 45906 | B35: 7218/1 | C35: {=VLOOKUP(B35,'PP PRD'!C:R,{3,5,6,4,8},0)} -> اسد پلاسٹک ملتان | D35: 7 | E35: 4 | F35: PP | G35: 200 | H35: =SUMIFS('PP PRD'!M:M,'PP PRD'!C:C,'PP JOB CARD PRD'!B35) -> 134.67 | I35: =30.77+33.89+35.53+34.48+13.47 -> 148.14 | J35: =+H35-I35 -> -13.47
A36: 45906 | B36: 14/1 | C36: {=VLOOKUP(B36,'PP PRD'!C:R,{3,5,6,4,8},0)} -> سٹاک | D36: 14 | E36: 5 | F36: PP | G36: 1000 | H36: =SUMIFS('PP PRD'!M:M,'PP PRD'!C:C,'PP JOB CARD PRD'!B36) -> 850.24 | I36: =53.31+45.21+43.69+35.2+52.73+50.75+46.6+49.77+42.91+55.9+52.39+44.18+54.58+32.73+46.08+52.28+59.82+42.03 -> 860.16 | J36: =+H36-I36 -> -9.92
A37: 45906 | B37: 7222/6 | C37: {=VLOOKUP(B37,'PP PRD'!C:R,{3,5,6,4,8},0)} -> اصف پلاسٹک سرگودھا | D37: 3.5 | E37: 5 | F37: PP | G37: 125 | H37: =SUMIFS('PP PRD'!M:M,'PP PRD'!C:C,'PP JOB CARD PRD'!B37) -> 332.75 | I37: =14.05+14.08+14.72+13.23+13.03+10.86 -> 79.97 | J37: =+H37-I37 -> 252.78
A38: 45906 | B38: 7228/2 | C38: {=VLOOKUP(B38,'PP PRD'!C:R,{3,5,6,4,8},0)} -> بلال سویاں سرگودھا | D38: 4.5 | E38: 5 | F38: PP | G38: 160 | H38: =SUMIFS('PP PRD'!M:M,'PP PRD'!C:C,'PP JOB CARD PRD'!B38) -> 139.7 | I38: =15.3+17+17.56+17.46+19.79+15.69+18.63+18.27 -> 139.7 | J38: =+H38-I38 -> 0
A39: 45906 | B39: 16/2 | C39: {=VLOOKUP(B39,'PP PRD'!C:R,{3,5,6,4,8},0)} -> سٹاک | D39: 16 | E39: 5 | F39: PP | G39: 500 | H39: =SUMIFS('PP PRD'!M:M,'PP PRD'!C:C,'PP JOB CARD PRD'!B39) -> 1474.71 | I39: =48.64+46.58+49.84+58.5+43.8+55.55+38.17+47.59+49.48+44.57+51.46+51.89 -> 586.07 | J39: =+H39-I39 -> 888.64
A40: 45906 | B40: 2098 F | C40: {=VLOOKUP(B40,'PP PRD'!C:R,{3,5,6,4,8},0)} -> Usman Amin | D40: 16 | E40: 8 | F40: PP | G40: 100 | H40: =SUMIFS('PP PRD'!M:M,'PP PRD'!C:C,'PP JOB CARD PRD'!B40) -> 275.59 | I40: =54.49+52.98+55.31+53.88+58.93 -> 275.59 | J40: =+H40-I40 -> 0
A41: 45906 | B41: 7254/2 | C41: {=VLOOKUP(B41,'PP PRD'!C:R,{3,5,6,4,8},0)} -> ایم دین پنڈی | D41: 16 | E41: 15 | F41: PP | G41: 250 | H41: =SUMIFS('PP PRD'!M:M,'PP PRD'!C:C,'PP JOB CARD PRD'!B41) -> 269.66 | I41: =50.2+57.71+58.41+52.06+51.27 -> 269.65 | J41: =+H41-I41 -> 0.01
A42: 45906 | B42: 7222/2 | C42: {=VLOOKUP(B42,'PP PRD'!C:R,{3,5,6,4,8},0)} -> اصف پلاسٹک سرگودھا | D42: 12 | E42: 4.5 | F42: PP | G42: 100 | H42: =SUMIFS('PP PRD'!M:M,'PP PRD'!C:C,'PP JOB CARD PRD'!B42) -> 322.83 | I42: =48.05+65.37+62.33+56.47+56.84+33.77 -> 322.83 | J42: =+H42-I42 -> 0
A43: 45906 | B43: 7244/1 | C43: {=VLOOKUP(B43,'PP PRD'!C:R,{3,5,6,4,8},0)} -> لیاقت -لنڈا بازار | D43: 11 | E43: 6.5-7 | F43: PP | G43: 50 | H43: =SUMIFS('PP PRD'!M:M,'PP PRD'!C:C,'PP JOB CARD PRD'!B43) -> 111.97 | I43: =31.22+20.75+33.17+26.83 -> 111.97 | J43: =+H43-I43 -> 0
A44: 45906 | B44: 7212/1 | C44: {=VLOOKUP(B44,'PP PRD'!C:R,{3,5,6,4,8},0)} -> بلال ازعظم مال کینٹ | D44: 10 | E44: 8 | F44: PP | G44: 50 | H44: =SUMIFS('PP PRD'!M:M,'PP PRD'!C:C,'PP JOB CARD PRD'!B44) -> 118.23 | I44: =24.46+31.08+31.37+31.32 -> 118.23 | J44: =+H44-I44 -> 0
A45: 45906 | B45: 7194/7 | C45: {=VLOOKUP(B45,'PP PRD'!C:R,{3,5,6,4,8},0)} -> ایم عمران پاکستان مارکیٹ | D45: 23 | E45: 7 | F45: PP | G45: 400 | H45: =SUMIFS('PP PRD'!M:M,'PP PRD'!C:C,'PP JOB CARD PRD'!B45) -> 524.72 | I45: =56.8+48.2+47.19+36.74+41.21+34.61+48.74+33.95+47.15+35.11+51.62 -> 481.32 | J45: =+H45-I45 -> 43.4
A46: 45906 | B46: 7254/1 | C46: {=VLOOKUP(B46,'PP PRD'!C:R,{3,5,6,4,8},0)} -> ایم دین پنڈی | D46: 10 | E46: 15 | F46: PP | G46: 250 | H46: =SUMIFS('PP PRD'!M:M,'PP PRD'!C:C,'PP JOB CARD PRD'!B46) -> 318.57 | I46: =15.19+21.5+25.87+29.02+25.42+32+34.23+34.99+37.14+30.9+32.31 -> 318.57 | J46: =+H46-I46 -> 0
A47: 45907 | B47: 11/2 | C47: {=VLOOKUP(B47,'PP PRD'!C:R,{3,5,6,4,8},0)} -> سٹاک | D47: 11 | E47: 5-5.5 | F47: PP | G47: 500 | H47: =SUMIFS('PP PRD'!M:M,'PP PRD'!C:C,'PP JOB CARD PRD'!B47) -> 995.08 | I47: =44.09+49.08+49.33+52.71+52.43+59.34+55.84+48.35+51.77+46.96+148.3 -> 658.2 | J47: =+H47-I47 -> 336.88
A48: 45907 | B48: 12/2 | C48: {=VLOOKUP(B48,'PP PRD'!C:R,{3,5,6,4,8},0)} -> سٹاک | D48: 12 | E48: 5 | F48: PP | G48: 1000 | H48: =SUMIFS('PP PRD'!M:M,'PP PRD'!C:C,'PP JOB CARD PRD'!B48) -> 367.21 | I48: =58.16+49.08+56.11+54.54+36.36+58.4+54.56+57.08+50.47+48.8+46.2+49.45+29.58 -> 648.79 | J48: =+H48-I48 -> -281.58
A49: 45907 | B49: 8/2 | C49: {=VLOOKUP(B49,'PP PRD'!C:R,{3,5,6,4,8},0)} -> سٹاک | D49: 8 | E49: 5 | F49: PP | G49: 1000 | H49: =SUMIFS('PP PRD'!M:M,'PP PRD'!C:C,'PP JOB CARD PRD'!B49) -> 663.08 | I49: =38.56+37.72+38.77+32.08+37.77+34.61+41.86+42.55+37.15+44.31+33.74+41.84+37.16+37.39+37.34+33.65+36.63+33.8+23.42+42.36+23.73+31.03+43.43+39.95+50.33+45.75+42.48+39.21+39.78+46.92+38.48+36.59+21.76+21.22 -> 1263.37 | J49: =+H49-I49 -> -600.29
A50: 45907 | B50: 3966 J | C50: {=VLOOKUP(B50,'PP PRD'!C:R,{3,5,6,4,8},0)} -> Usman Arif Butt Gujranwala | D50: 14 | E50: 10 | F50: PP | G50: 400 | H50: =SUMIFS('PP PRD'!M:M,'PP PRD'!C:C,'PP JOB CARD PRD'!B50) -> 661.29 | I50: =43.92+40.6+48.36+50.18+51.53+37.8+57.08+44.17+55.61+56.84+45.23+53.74+25.24+50.99 -> 661.29 | J50: =+H50-I50 -> 0
A51: 45909 | B51: 7252/1 | C51: {=VLOOKUP(B51,'PP PRD'!C:R,{3,5,6,4,8},0)} -> العمر پلاسٹک گوجرانوالہ | D51: 2 | E51: 5 | F51: PP | G51: 500 | H51: =SUMIFS('PP PRD'!M:M,'PP PRD'!C:C,'PP JOB CARD PRD'!B51) -> 654.47 | I51: =19.19+19.68+20.83+21.48+19.52+20.39+19.68+19.13+19.86+19.28+22.34+21.16+20.62+21.6+19.65+20.23+20.84+20.25+23.24+21.66+21.98+20.96+20.77+23.62+18.46+22.24+20.57+18.8+14.2+21.49+6.61+8.96+9.51+9.22+9.4+7.28+8.4+11.4+9.9+6.7 -> 701.1 | J51: =+H51-I51 -> -46.63
A52: 45909 | B52: 7222/7 | C52: {=VLOOKUP(B52,'PP PRD'!C:R,{3,5,6,4,8},0)} -> اصف پلاسٹک سرگودھا | D52: 4 | E52: 4.5 | F52: PP | G52: 250 | H52: =SUMIFS('PP PRD'!M:M,'PP PRD'!C:C,'PP JOB CARD PRD'!B52) -> 140.91 | I52: =15.32+11.2+14.4+10.3+7.4+7.1+7.9+13.3+10.6+7.5+6.6 -> 111.62 | J52: =+H52-I52 -> 29.29
A53: 45909 | B53: 10/3 | C53: {=VLOOKUP(B53,'PP PRD'!C:R,{3,5,6,4,8},0)} -> سٹاک | D53: 10 | E53: 5 | F53: PP | G53: 500 | H53: =SUMIFS('PP PRD'!M:M,'PP PRD'!C:C,'PP JOB CARD PRD'!B53) -> 349.99 | I53: =46.99+43.83+42.43+54.09+53.57+42.78+28.87+37.43 -> 349.99 | J53: =+H53-I53 -> 0
A54: 45909 | B54: 7194/9 | C54: {=VLOOKUP(B54,'PP PRD'!C:R,{3,5,6,4,8},0)} -> ایم عمران پاکستان مارکیٹ | D54: 7 | E54: 5.5 | F54: PP | G54: 100 | H54: =SUMIFS('PP PRD'!M:M,'PP PRD'!C:C,'PP JOB CARD PRD'!B54) -> 105.84 | I54: =26.46+25.8+23.47+30.11 -> 105.84 | J54: =+H54-I54 -> 0
A55: 45909 | B55: 7/3 | C55: {=VLOOKUP(B55,'PP PRD'!C:R,{3,5,6,4,8},0)} -> سٹاک | D55: 7 | E55: 5 | F55: PP | G55: 500 | H55: =SUMIFS('PP PRD'!M:M,'PP PRD'!C:C,'PP JOB CARD PRD'!B55) -> 718.31 | I55: =29.99+29.38+27.29+31.62+31.82+33.56+30.21+25.12+30.26+33.7+38.85+36.11+25.69+27.57+33.59+34.7+39.96+35.54 -> 574.96 | J55: =+H55-I55 -> 143.35
A56: 45909 | B56: 7268/1 | C56: {=VLOOKUP(B56,'PP PRD'!C:R,{3,5,6,4,8},0)} -> ایم بلال وحدت روڈ | D56: 17 | E56: 8.5-9 | F56: PP | G56: 100 | H56: =SUMIFS('PP PRD'!M:M,'PP PRD'!C:C,'PP JOB CARD PRD'!B56) -> 112.13 | I56: =59.81+52.32 -> 112.13 | J56: =+H56-I56 -> 0
A57: 45912 | B57: 10/4 | C57: {=VLOOKUP(B57,'PP PRD'!C:R,{3,5,6,4,8},0)} -> سٹاک | D57: 10 | E57: 5 | F57: PP | G57: 1000 | H57: =SUMIFS('PP PRD'!M:M,'PP PRD'!C:C,'PP JOB CARD PRD'!B57) -> 1393.68 | I57: =39.9+24.34+41.25+38.47+40.48 -> 184.44 | J57: =+H57-I57 -> 1209.24
A58: 45912 | B58: 14 P | C58: {=VLOOKUP(B58,'PP PRD'!C:R,{3,5,6,4,8},0)} -> سادہ لفافہ | D58: 11 | E58: رول | F58: PP | G58: - | H58: =SUMIFS('PP PRD'!M:M,'PP PRD'!C:C,'PP JOB CARD PRD'!B58) -> 8379.46 | I58: =41.58+48.53+50.16+35.75+45.03+52+50.73+50.32+39.12+49.34+45.53+47.47+48.32+46.71+42.91+49.22+49.99+46.69+52.32+50.2+42.9+48.35+46.04 -> 1079.21 | J58: =+H58-I58 -> 7300.25
A59: 45912 | B59: 7246/19 | C59: {=VLOOKUP(B59,'PP PRD'!C:R,{3,5,6,4,8},0)} -> اصف سرگودھا | D59: 6 | E59: 4.5 | F59: PP | G59: 250 | H59: =SUMIFS('PP PRD'!M:M,'PP PRD'!C:C,'PP JOB CARD PRD'!B59) -> 545.9 | I59: =28.14+20.09+29.81+30.03+31.27+12.85+32.28+29.02+30.86+25.73+28.63+26.95+14.46+26.96+26.1+25.23+33.39+32.7+29.55+31.85 -> 545.9 | J59: =+H59-I59 -> 0
A60: 45912 | B60: 14/2 | C60: {=VLOOKUP(B60,'PP PRD'!C:R,{3,5,6,4,8},0)} -> سٹاک | D60: 14 | E60: 5 | F60: PP | G60: 2000 | H60: =SUMIFS('PP PRD'!M:M,'PP PRD'!C:C,'PP JOB CARD PRD'!B60) -> 2689.61 | I60: =32.4+29.14+30.75+47.75+38.19+59.3+25+62.02+38.94+35.12+61.08+50.63+22.3+60.71+65.3+49.4+58.44+54.33+57.32+30.77+48.69+33.87+37.92+54.62+71.4+28.99+41.51+21.27+55.31+46.42+48.79+40.85+22.46+45.27+45.61+41.76+46.86+55.45+32.06+58.02+49.53+62.24+51.11+60.84+55.35+55.83 -> 2120.92 | J60: =+H60-I60 -> 568.69
A61: 45912 | B61: 7271/1 | C61: {=VLOOKUP(B61,'PP PRD'!C:R,{3,5,6,4,8},0)} -> ہیڈ افس سٹاک لاہور(شہباز اعظم مارکیٹ) | D61: 26 | E61: 10 | F61: PP | G61: 100 | H61: =SUMIFS('PP PRD'!M:M,'PP PRD'!C:C,'PP JOB CARD PRD'!B61) -> 111.46 | I61: =40.71+33.95+22.4 -> 97.06 | J61: =+H61-I61 -> 14.4
A62: 45912 | B62: 7278/1 | C62: {=VLOOKUP(B62,'PP PRD'!C:R,{3,5,6,4,8},0)} -> ہیڈ افس سٹاک لاہور | D62: 26 | E62: 10 | F62: PP | G62: 100 | H62: =SUMIFS('PP PRD'!M:M,'PP PRD'!C:C,'PP JOB CARD PRD'!B62) -> 97.11 | I62: =47.96+63.5 -> 111.46 | J62: =+H62-I62 -> -14.35
A63: 45912 | B63: 7265/1 | C63: {=VLOOKUP(B63,'PP PRD'!C:R,{3,5,6,4,8},0)} -> عائشہ ٹریڈرز دادیددز | D63: 23 | E63: 5 | F63: PP | G63: 200 | H63: =SUMIFS('PP PRD'!M:M,'PP PRD'!C:C,'PP JOB CARD PRD'!B63) -> 213.04 | I63: =62.11+49.96+49.33+51.64 -> 213.04 | J63: =+H63-I63 -> 0
A64: 45912 | B64: 2789/1 | C64: {=VLOOKUP(B64,'PP PRD'!C:R,{3,5,6,4,8},0)} -> RMC C/O NADEEM SB | D64: 16 | E64: 6-6.5 | F64: PP | G64: 100 | H64: =SUMIFS('PP PRD'!M:M,'PP PRD'!C:C,'PP JOB CARD PRD'!B64) -> 99.42 | I64: =44.62+54.8 -> 99.42 | J64: =+H64-I64 -> 0
A65: 45912 | B65: 7244/2 | C65: {=VLOOKUP(B65,'PP PRD'!C:R,{3,5,6,4,8},0)} -> لیاقت -لنڈا بازار | D65: 12 | E65: 6.5-7 | F65: PP | G65: 50 | H65: =SUMIFS('PP PRD'!M:M,'PP PRD'!C:C,'PP JOB CARD PRD'!B65) -> 249.11 | I65: =21.22+38.3+47.39+15.39+41.59+44.74+40.86+43.36 -> 292.85 | J65: =+H65-I65 -> -43.74
A66: 45912 | B66: 7269/6 | C66: {=VLOOKUP(B66,'PP PRD'!C:R,{3,5,6,4,8},0)} -> ہیڈ افس سٹاک لاہور | D66: 15 | E66: 7 | F66: PP | G66: 200 | H66: =SUMIFS('PP PRD'!M:M,'PP PRD'!C:C,'PP JOB CARD PRD'!B66) -> 208.3 | I66: =43.98+59.02+36.78+39.93+28.59 -> 208.3 | J66: =+H66-I66 -> 0
A67: 45912 | B67: 7269/4 | C67: {=VLOOKUP(B67,'PP PRD'!C:R,{3,5,6,4,8},0)} -> ہیڈ افس سٹاک لاہور | D67: 15 | E67: 7 | F67: PP | G67: 200 | H67: =SUMIFS('PP PRD'!M:M,'PP PRD'!C:C,'PP JOB CARD PRD'!B67) -> 202.2 | I67: =37.86+38.8+36.27+47.04+42.23 -> 202.2 | J67: =+H67-I67 -> 0
A68: 45912 | B68: 7277/2 | C68: {=VLOOKUP(B68,'PP PRD'!C:R,{3,5,6,4,8},0)} -> محبوب مقبول گوجرانوالہ | D68: 20 | E68: 8 | F68: PP | G68: 375 | H68: =SUMIFS('PP PRD'!M:M,'PP PRD'!C:C,'PP JOB CARD PRD'!B68) -> 389.36 | I68: =48.11+56.4+54.27+50.18+48.46+49.39+40.81+41.74 -> 389.36 | J68: =+H68-I68 -> 0
A69: 45912 | B69: 7262/7 | C69: {=VLOOKUP(B69,'PP PRD'!C:R,{3,5,6,4,8},0)} -> خرم پلاسٹک لالہ موسہ | D69: 12 | E69: 10 | F69: PP | G69: 50 | H69: =SUMIFS('PP PRD'!M:M,'PP PRD'!C:C,'PP JOB CARD PRD'!B69) -> 65.43 | I69: =35.13+30.3 -> 65.43 | J69: =+H69-I69 -> 0
A70: 45912 | B70: 12/3 | C70: {=VLOOKUP(B70,'PP PRD'!C:R,{3,5,6,4,8},0)} -> سٹاک | D70: 12 | E70: 5 | F70: PP | G70: 1000 | H70: =SUMIFS('PP PRD'!M:M,'PP PRD'!C:C,'PP JOB CARD PRD'!B70) -> 1057.37 | I70: =46.3+47.59+56.92+42.88+51.44+39.41+49.29+48.01+46.78+30.6+43.6+36.45+53.34+38.56+46.34+40.16+57.36+52.12+59.54+53.5+63.64+53.54 -> 1057.37 | J70: =+H70-I70 -> 0
A71: 45912 | B71: 7235/5 | C71: {=VLOOKUP(B71,'PP PRD'!C:R,{3,5,6,4,8},0)} -> رفیق پلاسٹک اوکازہ | D71: 12 | E71: 4 | F71: PP | G71: 150 | H71: =SUMIFS('PP PRD'!M:M,'PP PRD'!C:C,'PP JOB CARD PRD'!B71) -> 58.68 | I71: =32.24+26.44 -> 58.68 | J71: =+H71-I71 -> 0
A72: 45913 | B72: 7199/1 | C72: {=VLOOKUP(B72,'PP PRD'!C:R,{3,5,6,4,8},0)} -> العمر پلاسٹک گوجرانوالہ | D72: 18 | E72: 6 | F72: PP | G72: 150 | H72: =SUMIFS('PP PRD'!M:M,'PP PRD'!C:C,'PP JOB CARD PRD'!B72) -> 281.16 | I72: =46.63+40.89+39.97+41.41+56.26+56 -> 281.16 | J72: =+H72-I72 -> 0
A73: 45915 | B73: 7194/10 | C73: {=VLOOKUP(B73,'PP PRD'!C:R,{3,5,6,4,8},0)} -> ایم عمران پاکستان مارکیٹ | D73: 9 | E73: 5.5 | F73: PP | G73: 50 | H73: =SUMIFS('PP PRD'!M:M,'PP PRD'!C:C,'PP JOB CARD PRD'!B73) -> 90.94 | I73: =26.77+25.79 -> 52.56 | J73: =+H73-I73 -> 38.38
A74: 45915 | B74: 3.5/1 | C74: {=VLOOKUP(B74,'PP PRD'!C:R,{3,5,6,4,8},0)} -> سٹاک | D74: 3.5 | E74: 5.5-6 | F74: PP | G74: 500 | H74: =SUMIFS('PP PRD'!M:M,'PP PRD'!C:C,'PP JOB CARD PRD'!B74) -> 556.7 | I74: =16.4+14.8+18.1+13.7+14.1+15.78+15.41+15.16+17.05+13.78+15.04+16.07+13.1+13.2+11.06+7.3+18.48+13.22+12.09+14.69+14+14.65+14+13.65+14.03+13.8+16.16+14.02+16.43+15.61+12.84+16.4 -> 464.12 | J74: =+H74-I74 -> 92.58
A75: 45915 | B75: 4/2 | C75: {=VLOOKUP(B75,'PP PRD'!C:R,{3,5,6,4,8},0)} -> سٹاک | D75: 4 | E75: 5-5.5 | F75: PP | G75: 600 | H75: =SUMIFS('PP PRD'!M:M,'PP PRD'!C:C,'PP JOB CARD PRD'!B75) -> 1324.79 | I75: =14.13+14.65+10.89+8.25+8.72+11.73+15.77+17.09+10.48+12.48+10.03+9.87+9.46+10.72+8*9+8.3+11.67+11.25+6.13+5.9+4.92+5.1+8.28+9.66+13+9.63+15.11+15.53+15.85+15.02+15.78+16.21+10.79 -> 434.4 | J75: =+H75-I75 -> 890.39
A76: 45915 | B76: 7262/6 | C76: {=VLOOKUP(B76,'PP PRD'!C:R,{3,5,6,4,8},0)} -> خرم پلاسٹک لالہ موسہ | D76: 8 | E76: 10 | F76: PP | G76: 50 | H76: =SUMIFS('PP PRD'!M:M,'PP PRD'!C:C,'PP JOB CARD PRD'!B76) -> 57.22 | I76: =28.72+28.5 -> 57.22 | J76: =+H76-I76 -> 0
A77: 45915 | B77: 9/2 | C77: {=VLOOKUP(B77,'PP PRD'!C:R,{3,5,6,4,8},0)} -> سٹاک | D77: 9 | E77: 5-5.5 | F77: PP | G77: 1500 | H77: =SUMIFS('PP PRD'!M:M,'PP PRD'!C:C,'PP JOB CARD PRD'!B77) -> 1508.38 | I77: =37.5+38.54+42+32.88+26.15+37.23+37.83+42.71+42.88+35.84+42.67+42.01+42.32+29.75+33.5+39+36.92+34.18+35.2+33.85+19.4+32.58+32.72+30.5+44.12+49.28+24.63+37.44+50.85+40.47+46.17+22.68+11.58 -> 1185.38 | J77: =+H77-I77 -> 323
A78: 45915 | B78: 7277/1 | C78: {=VLOOKUP(B78,'PP PRD'!C:R,{3,5,6,4,8},0)} -> محبوب مقبول گوجرانوالہ | D78: 22 | E78: 8 | F78: PP | G78: 375 | H78: =SUMIFS('PP PRD'!M:M,'PP PRD'!C:C,'PP JOB CARD PRD'!B78) -> 458.08 | I78: =33.57+41.61+55.7+49.37+59.14+54.35+49.83+59.21 -> 402.78 | J78: =+H78-I78 -> 55.3
A79: 45915 | B79: 7269/7 | C79: {=VLOOKUP(B79,'PP PRD'!C:R,{3,5,6,4,8},0)} -> ہیڈ افس سٹاک لاہور | D79: 19 | E79: 7 | F79: PP | G79: 100 | H79: =SUMIFS('PP PRD'!M:M,'PP PRD'!C:C,'PP JOB CARD PRD'!B79) -> 202.23 | I79: =60.14+27.42+45.56+15.69+50.12 -> 198.93 | J79: =+H79-I79 -> 3.3
A80: 45915 | B80: 7251/1 | C80: {=VLOOKUP(B80,'PP PRD'!C:R,{3,5,6,4,8},0)} -> ریفلیکٹ پیک لاہور | D80: 17 | E80: 5.5-6 | F80: PP | G80: 5000 | H80: =SUMIFS('PP PRD'!M:M,'PP PRD'!C:C,'PP JOB CARD PRD'!B80) -> 8349.19 | I80: =55.54+59.72+58.4+60.16+63.66+62.11+57.34+59.48+59.96+46.73+55.77+50.88+56.07+57.57+47.26+59.88+54.06+56.98+49.95+53.36+45.13+48.24+35.47+53.44+52.51+51.5+56.09+59.12+65.12+64.51+49.91 -> 1705.92 | J80: =+H80-I80 -> 6643.27
A81: 45915 | B81: 7287/4 | C81: {=VLOOKUP(B81,'PP PRD'!C:R,{3,5,6,4,8},0)} -> بلال جاوید فیصل اباد | D81: 8 | E81: 10 | F81: PP | G81: 100 | H81: =SUMIFS('PP PRD'!M:M,'PP PRD'!C:C,'PP JOB CARD PRD'!B81) -> 110.92 | I81: =26.62+28.29+33.52+22.49 -> 110.92 | J81: =+H81-I81 -> 0
A82: 45915 | B82: 7247/1 | C82: {=VLOOKUP(B82,'PP PRD'!C:R,{3,5,6,4,8},0)} -> ایم عمران پاکستان مارکیٹ | D82: 15 | E82: 6.5 | F82: PP | G82: 1000 | H82: =SUMIFS('PP PRD'!M:M,'PP PRD'!C:C,'PP JOB CARD PRD'!B82) -> 1019.9 | I82: =34.85+37.52+38.5+35.33+40.41+39.03+37.62+35.6+37.61+40.71+38.59+35.87+38.23+34.02+35.95+39.87+420.19 -> 1019.9 | J82: =+H82-I82 -> 0
A83: 45916 | B83: 11/3 | C83: {=VLOOKUP(B83,'PP PRD'!C:R,{3,5,6,4,8},0)} -> سٹاک | D83: 11 | E83: 5-5.5 | F83: PP | G83: 1000 | H83: =SUMIFS('PP PRD'!M:M,'PP PRD'!C:C,'PP JOB CARD PRD'!B83) -> 1310.1 | I83: =42.66+53.6+25.32+54.6+58.61+56.95+57.41+52.21+26.78+55.44+337.54+51.27+52.42+55.31+51.44+49.2+55.22+51.67+48.149+53.3+55.6+61.74+55.37+51.78 -> 1513.589 | J83: =+H83-I83 -> -203.489
A84: 45916 | B84: 7291/1 | C84: {=VLOOKUP(B84,'PP PRD'!C:R,{3,5,6,4,8},0)} -> ایم بلال وحدت روڈ | D84: 17 | E84: 8.5-9 | F84: PP | G84: 2000 | H84: =SUMIFS('PP PRD'!M:M,'PP PRD'!C:C,'PP JOB CARD PRD'!B84) -> 2122.32 | I84: =38.69+28.01+55.92+32.46+51.4+57.43+59.88+55.09+55.06+71.97+63.38+59.62+60.06+58.82+55.96+64.78+55.57+56.4+36.5+38.33+35.5+49.4+54.7+62.15+54.8+58.33+56.5+60.14+42.3+66.42+57.3+55.52+52.57+45.2+64.31+64.7+68.37+75.8 -> 2079.34 | J84: =+H84-I84 -> 42.98
A85: 45916 | B85: 7282/1 | C85: {=VLOOKUP(B85,'PP PRD'!C:R,{3,5,6,4,8},0)} -> شمس القمر سٹال اعظم مارکیٹ | D85: 26 | E85: 14 | F85: PP | G85: 250 | H85: =SUMIFS('PP PRD'!M:M,'PP PRD'!C:C,'PP JOB CARD PRD'!B85) -> 273.07 | I85: =46.98+46.12+41.5+47.4+43.51+47.56 -> 273.07 | J85: =+H85-I85 -> 0
A86: 45916 | B86: 4237 j | C86: {=VLOOKUP(B86,'PP PRD'!C:R,{3,5,6,4,8},0)} -> Alam Bakers Shahdra | D86: 19 | E86: 6-6.5 | F86: PP | G86: 100 | H86: =SUMIFS('PP PRD'!M:M,'PP PRD'!C:C,'PP JOB CARD PRD'!B86) -> 99.6 | I86: =29.55+27.03+43.02 -> 99.6 | J86: =+H86-I86 -> 0
A87: 45916 | B87: 5/2 | C87: {=VLOOKUP(B87,'PP PRD'!C:R,{3,5,6,4,8},0)} -> سٹاک | D87: 5 | E87: 5.5-6 | F87: PP | G87: 400 | H87: =SUMIFS('PP PRD'!M:M,'PP PRD'!C:C,'PP JOB CARD PRD'!B87) -> 641.43 | I87: =16.3+11.3+9.54+14.51+16.01+16.4+16.33+16.4+17.61+14.68+16.56+20.18+19.69+18.93+20.53+21.7+20+22.68+20.67+17.14+19.41+19.74+17.98+18.8+19.89+12.86+12.91+16.7+16.7+21.47+20.05+20.92+18.71+20.92+19.66 -> 623.88 | J87: =+H87-I87 -> 17.55
A88: 45916 | B88: 7262/5 | C88: {=VLOOKUP(B88,'PP PRD'!C:R,{3,5,6,4,8},0)} -> خرم پلاسٹک لالہ موسہ | D88: 5.5 | E88: 10 | F88: PP | G88: 75 | H88: =SUMIFS('PP PRD'!M:M,'PP PRD'!C:C,'PP JOB CARD PRD'!B88) -> 67.91 | I88: =18.6+15.37+15.17+18.77 -> 67.91 | J88: =+H88-I88 -> 0
A89: 45918 | B89: 7309/4 | C89: {=VLOOKUP(B89,'PP PRD'!C:R,{3,5,6,4,8},0)} -> ایم عمران پاکستان مارکیٹ | D89: 12 | E89: 6.5 | F89: PP | G89: 200 | H89: =SUMIFS('PP PRD'!M:M,'PP PRD'!C:C,'PP JOB CARD PRD'!B89) -> 224.14 | I89: =52.27+31.36+39.8+33.76+40.46+26.49 -> 224.14 | J89: =+H89-I89 -> 0
A90: 45918 | B90: 14/3 | C90: {=VLOOKUP(B90,'PP PRD'!C:R,{3,5,6,4,8},0)} -> سٹاک | D90: 14 | E90: 5 | F90: PP | G90: 500 | H90: =SUMIFS('PP PRD'!M:M,'PP PRD'!C:C,'PP JOB CARD PRD'!B90) -> 933.94 | I90: =43.3+57.49+37.3+41.45+58.24+52.07+57.4+44.31+44.54+58.51+59.12+68.51+60.52+62.89+45.72+40.42+45.72+55.84 -> 933.35 | J90: =+H90-I90 -> 0.59
A91: 45918 | B91: 3/1 | C91: {=VLOOKUP(B91,'PP PRD'!C:R,{3,5,6,4,8},0)} -> سٹاک | D91: 3 | E91: 5.5-6 | F91: PP | G91: 250 | H91: =SUMIFS('PP PRD'!M:M,'PP PRD'!C:C,'PP JOB CARD PRD'!B91) -> 332 | I91: =21.89+21.32+20.4+24.05+22.42+21.02+23.06+12.63+12.89+13.52+13.69+15.46 -> 222.35 | J91: =+H91-I91 -> 109.65
A92: 45918 | B92: 2.5/1 | C92: {=VLOOKUP(B92,'PP PRD'!C:R,{3,5,6,4,8},0)} -> سٹاک | D92: 2.5 | E92: 5.5-6 | F92: PP | G92: 20 | H92: =SUMIFS('PP PRD'!M:M,'PP PRD'!C:C,'PP JOB CARD PRD'!B92) -> 727.7 | I92: =23.49+26.2+19.9+21.53+21.54+21.6+23.81+20+18.67+19.49+19.55+19.96+18.44+17.95+17.85+19.17+20.66+21.47+18.57+18.13+23.59+13.1+12.3+10.1+10.97+11.78+11.4+11.31+10.9+11.78+13.12+11.22+11.94+12.81 -> 584.3 | J92: =+H92-I92 -> 143.4
A93: 45918 | B93: 7287/3 | C93: {=VLOOKUP(B93,'PP PRD'!C:R,{3,5,6,4,8},0)} -> بلال جاوید فیصل اباد | D93: 14 | E93: 7 | F93: PP | G93: 100 | H93: =SUMIFS('PP PRD'!M:M,'PP PRD'!C:C,'PP JOB CARD PRD'!B93) -> 217.57 | I93: =58.75+56.42 -> 115.17 | J93: =+H93-I93 -> 102.4
A94: 45918 | B94: 7/4 | C94: {=VLOOKUP(B94,'PP PRD'!C:R,{3,5,6,4,8},0)} -> سٹاک | D94: 7 | E94: 5 | F94: PP | G94: 800 | H94: =SUMIFS('PP PRD'!M:M,'PP PRD'!C:C,'PP JOB CARD PRD'!B94) -> 696.19 | I94: =32.85+34.24+27.6+32.63+27.18+30.73+22.5+22.14+34.61+36.34+10.62+18.34+17.22+25.76+23.62+34.41+23.61+32.28+38.15+36.03+33.73+28.62+32.78 -> 655.99 | J94: =+H94-I94 -> 40.2
A95: 45918 | B95: 7246/21 | C95: {=VLOOKUP(B95,'PP PRD'!C:R,{3,5,6,4,8},0)} -> اصف سرگودھا | D95: 7 | E95: 4.5 | F95: PP | G95: 250 | H95: =SUMIFS('PP PRD'!M:M,'PP PRD'!C:C,'PP JOB CARD PRD'!B95) -> 264.57 | I95: =31.22+31.07+31.15+29.79+33.82+31.89+16.89+29.52 -> 235.35 | J95: =+H95-I95 -> 29.22
A96: 45918 | B96: 7246/7 | C96: {=VLOOKUP(B96,'PP PRD'!C:R,{3,5,6,4,8},0)} -> اصف سرگودھا | D96: 14 | E96: 4.5 | F96: PP | G96: 250 | H96: =SUMIFS('PP PRD'!M:M,'PP PRD'!C:C,'PP JOB CARD PRD'!B96) -> 749.22 | I96: =43.26+50.19+49.65+62.48+56.37+51.94+41.48+27.76+60.05+52.07+58.27+61.55+28.69+61.96+43.5 -> 749.22 | J96: =+H96-I96 -> 0
A97: 45919 | B97: 7246/10 | C97: {=VLOOKUP(B97,'PP PRD'!C:R,{3,5,6,4,8},0)} -> اصف سرگودھا | D97: 9 | E97: 4.5 | F97: PP | G97: 250 | H97: =SUMIFS('PP PRD'!M:M,'PP PRD'!C:C,'PP JOB CARD PRD'!B97) -> 800.34 | I97: =41.42+39.89+37.5+47.23+39.55+32.21+33.2+35.2+28.6+37.71+42.28+30.4+36.11+39.2+41.7+386.54 -> 948.74 | J97: =+H97-I97 -> -148.4
A98: 45919 | B98: 7309/1 | C98: {=VLOOKUP(B98,'PP PRD'!C:R,{3,5,6,4,8},0)} -> ایم عمران پاکستان مارکیٹ | D98: 13 | E98: 6.5 | F98: PP | G98: 1000 | H98: =SUMIFS('PP PRD'!M:M,'PP PRD'!C:C,'PP JOB CARD PRD'!B98) -> 972.37 | I98: =38.71+40.964+48.23+26.49+38.1+42.2+38.73+42.28+37.84+50.81+41.56+37.47+30.49+39.43+41.92+36.66+35.88+37.03+43.74+48.96+51.48+47.52+44.8+36.49+44.26 -> 1022.044 | J98: =+H98-I98 -> -49.674
A99: 45924 | B99: 7245/3 | C99: {=VLOOKUP(B99,'PP PRD'!C:R,{3,5,6,4,8},0)} -> اصف سرگودھا | D99: 4.5 | E99: 4.5 | F99: PP | G99: 250 | H99: =SUMIFS('PP PRD'!M:M,'PP PRD'!C:C,'PP JOB CARD PRD'!B99) -> 165.8 | I99: =10+8.12+8.05+11.39+15.55+15.56+11.45+13.2+13.54+14.3+14.34+15.54+15.98+16.4+9.92+14.14+18.45 -> 225.93 | J99: =+H99-I99 -> -60.13
A100: 45924 | B100: 7296/1 | C100: {=VLOOKUP(B100,'PP PRD'!C:R,{3,5,6,4,8},0)} -> آصف پلاسٹک سرگوھا | D100: 4.5 | E100: 4.5 | F100: PP | G100: 150 | H100: =SUMIFS('PP PRD'!M:M,'PP PRD'!C:C,'PP JOB CARD PRD'!B100) -> 212.12 | I100: =14.32+15.98+15.78+7.19+17.65+16.13+15.02+15.12+15.876+15.35+14.76+5.34+9.68+9.76+8.93+18.74+12.48+7.65+9.26+9.6+11.01 -> 265.626 | J100: =+H100-I100 -> -53.506
...

Sheet PP SIDE SEAL 
A1: SHIFT | B1: MCH# | C1: SO# | D1: DATE | E1: JOB NAME | F1: MATERIAL | G1: SIZE | H1: GUAGE | I1: TUBE SIZE | J1: ORDER WEIGHT | K1: NO OF BAGS | L1: NET WEIGHT | M1: PRD WATSE | N1: OPERTAOR
A2: A | B2: 1 | C2: 6448/6 | D2: 45658 | E2: حاجی اسلماعیل وہاڑی | F2: PP | G2: 7X14 | H2: 5 | I2: 0 | J2: 125 | K2: 5 | L2: 125 | M2: 0.6 | N2: ALI HASSAN
A3: A | B3: 1 | C3: 6448/5 | D3: 45658 | E3: حاجی اسلماعیل وہاڑی | F3: PP | G3: 10X14 | H3: 5 | I3: 0 | J3: 125 | K3: 1 | L3: 25 | M3: 0.2 | N3: ALI HASSAN
A4: A | B4: 1 | C4: 6442/1 | D4: 45658 | E4: العمر پلاسٹک گوجرانوالہ | F4: PP | G4: 6X7 | H4: 5 | I4: 0 | J4: 375 | K4: 3 | L4: 75 | M4: 0.4 | N4: ALI HASSAN
A5: A | B5: 2 | C5: 6453/2 | D5: 45658 | E5: کراچی پلاسٹک فیصل آباد | F5: PP | G5: 5X7 | H5: 10 | I5: 0 | J5: 100 | K5: 3 | L5: 75 | M5: 1.6 | N5: ZAHAD
A6: A | B6: 2 | C6: 6453/4 | D6: 45658 | E6: کراچی پلاسٹک فیصل آباد | F6: PP | G6: 7X10 | H6: 10 | I6: 0 | J6: 100 | K6: 4 | L6: 104.5 | M6: 2.1 | N6: ZAHAD
A7: B | B7: 1 | C7: 6460/1 | D7: 45658 | E7: ایم سلمان پاکستان مارکیٹ | F7: PP | G7: 9X28 | H7: 5 | I7: 0 | J7: 150 | K7: 6 | L7: 150 | M7: 0.6 | N7: NAEEM
A8: B | B8: 1 | C8: 6460/2 | D8: 45658 | E8: ایم سلمان پاکستان مارکیٹ | F8: PP | G8: 10X28 | H8: 5 | I8: 0 | J8: 100 | K8: 4 | L8: 100 | M8: 0.6 | N8: NAEEM
A9: B | B9: 1 | C9: 6448/8 | D9: 45658 | E9: حاجی اسلماعیل وہاڑی | F9: PP | G9: 12X28 | H9: 5 | I9: 0 | J9: 125 | K9: 1 | L9: 25 | M9: 0.6 | N9: NAEEM
A10: B | B10: 1 | C10: 6448/7 | D10: 45658 | E10: حاجی اسلماعیل وہاڑی | F10: PP | G10: 12X26 | H10: 5 | I10: 0 | J10: 75 | K10: 3 | L10: 75 | M10: 0.2 | N10: NAEEM
A11: B | B11: 2 | C11: 6451/1 | D11: 45658 | E11: ایم بوٹا اعظم مارکیٹ | F11: PP | G11: 9X27 | H11: 6 | I11: 0 | J11: 100 | K11: 4 | L11: 100 | M11: 0.3 | N11: ZAIN
A12: B | B12: 2 | C12: 6451/2 | D12: 45658 | E12: - | F12: - | G12: - | H12: - | I12: - | J12: - | K12: 3 | L12: 75 | M12: 0.1 | N12: ZAIN
A13: B | B13: 2 | C13: 6448/1 | D13: 45658 | E13: حاجی اسلماعیل وہاڑی | F13: PP | G13: 6X9 | H13: 5 | I13: 0 | J13: 150 | K13: 4 | L13: 100 | M13: 0.4 | N13: ZAIN
A14: B | B14: 2 | C14: 6453/2 | D14: 45658 | E14: کراچی پلاسٹک فیصل آباد | F14: PP | G14: 5X7 | H14: 10 | I14: 0 | J14: 100 | K14: 1 | L14: 16.5 | M14: 0.1 | N14: ZAIN
A15: A | B15: 2 | C15: 6470/1 | D15: 45659 | E15: ریفلکٹ پیک | F15: PP | G15: 13X16 | H15: 5.5/6 | I15: 0 | J15: 500 | K15: 11 | L15: 275 | M15: 1.1 | N15: ZAHAD
A16: A | B16: 2 | C16: 6457/1 | D16: 45659 | E16: راجکپور کریانہ سٹور گھوٹکی | F16: PP | G16: 11X20 | H16: 5 | I16: 0 | J16: 125 | K16: 1 | L16: 25 | M16: 0.5 | N16: ZAHAD
A17: A | B17: 1 | C17: 6470/1 | D17: 45659 | E17: ریفلکٹ پیک | F17: PP | G17: 13X16 | H17: 5.5/6 | I17: 0 | J17: 500 | K17: 9 | L17: 225 | M17: 1 | N17: ALI HASSAN
A18: A | B18: 1 | C18: 6448/4 | D18: 45659 | E18: حاجی اسلماعیل وہاڑی | F18: PP | G18: 9X13 | H18: 5 | I18: 0 | J18: 125 | K18: 2 | L18: 50 | M18: 0.8 | N18: ALI HASSAN
A19: B | B19: 1 | C19: 6448/4 | D19: 45659 | E19: حاجی اسلماعیل وہاڑی | F19: PP | G19: 9X13 | H19: 5 | I19: 0 | J19: 125 | K19: 3 | L19: 75 | M19: 0.2 | N19: NAEEM
A20: B | B20: 1 | C20: 6448/2 | D20: 45659 | E20: حاجی اسلماعیل وہاڑی | F20: PP | G20: 7X11 | H20: 5 | I20: 0 | J20: 125 | K20: 5 | L20: 130 | M20: 0.6 | N20: NAEEM
A21: B | B21: 1 | C21: 6453/3 | D21: 45659 | E21: کراچی پلاسٹک فیصل آباد | F21: PP | G21: 6X8 | H21: 10 | I21: 0 | J21: 100 | K21: 2 | L21: 55.6 | M21: 0.3 | N21: NAEEM
A22: B | B22: 2 | C22: 6453/3 | D22: 45659 | E22: کراچی پلاسٹک فیصل آباد | F22: PP | G22: 6X8 | H22: 10 | I22: 0 | J22: 100 | K22: 2 | L22: 50 | M22: 0.2 | N22: ZAIN
A23: B | B23: 2 | C23: 6457/1 | D23: 45659 | E23: راجکپور کریانہ سٹور گھوٹکی | F23: PP | G23: 11X20 | H23: 5 | I23: 0 | J23: 125 | K23: 4 | L23: 100 | M23: 0.2 | N23: ZAIN
A24: B | B24: 2 | C24: 6453/1 | D24: 45659 | E24: کراچی پلاسٹک فیصل آباد | F24: PP | G24: 4.5X6 | H24: 10 | I24: 0 | J24: 100 | K24: 3 | L24: 75 | M24: 0.2 | N24: ZAIN
A25: A | B25: 1 | C25: 6453/1 | D25: 45660 | E25: کراچی پلاسٹک فیصل آباد | F25: PP | G25: 4.5X6 | H25: 10 | I25: 0 | J25: 100 | K25: 1 | L25: 36.35 | M25: 1 | N25: ALI HASSAN
A26: A | B26: 1 | C26: 6444/15 | D26: 45660 | E26: فضل سعید صادق آباد | F26: PP | G26: 7.5X11 | H26: 5 | I26: 0 | J26: 150 | K26: 5 | L26: 125 | M26: 0.8 | N26: ALI HASSAN
A27: A | B27: 1 | C27: 6469/1 | D27: 45660 | E27: ایم دین بند ل | F27: PP | G27: 4X5 | H27: 14 | I27: 0 | J27: 500 | K27: 1 | L27: 30 | M27: 0.6 | N27: ALI HASSAN
A28: A | B28: 2 | C28: 6499/1 | D28: 45660 | E28: ہیڈآفس لاہور | F28: PP | G28: 9X6.5+1.5 | H28: 5 | I28: 0 | J28: 100 | K28: 4 | L28: 100 | M28: 0.8 | N28: ZAHAD
A29: B | B29: 1 | C29: 6469/1 | D29: 45660 | E29: ایم دین بند ل | F29: PP | G29: 4X5 | H29: 14 | I29: 0 | J29: 500 | K29: 2 | L29: 60 | M29: 0.1 | N29: NAEEM
... A35: A | B35: 1 | C35: 6469/2 | D35: 45663 | E35: ایم دین بند ل | F35: PP | G35: 6X8 | H35: 14 | I35: 0 | J35: 125 | K35: 6 | L35: 164 | M35: 0.5 | N35: NAEEM
A36: A | B36: 1 | C36: 6482/1 | D36: 45663 | E36: ریفلکٹ پیک | F36: PP | G36: 15X16 | H36: 5.5-6 | I36: 0 | J36: 1000 | K36: 4 | L36: 100 | M36: 0.2 | N36: NAEEM
A37: A | B37: 2 | C37: 6469/1 | D37: 45663 | E37: ایم دین بند ل | F37: PP | G37: 4X5 | H37: 14 | I37: 0 | J37: 500 | K37: 1 | L37: 22.7 | M37: 0.1 | N37: ZAIN
A38: A | B38: 2 | C38: 6482/1 | D38: 45663 | E38: ریفلکٹ پیک | F38: PP | G38: 15X16 | H38: 5.5-6 | I38: 0 | J38: 1000 | K38: 11 | L38: 275 | M38: 1.9 | N38: ZAIN
A39: B | B39: 2 | C39: 6482/1 | D39: 45663 | E39: ریفلکٹ پیک | F39: PP | G39: 15X16 | H39: 5.5-6 | I39: 0 | J39: 1000 | K39: 10 | L39: 250 | M39: 0.4 | N39: NAEEM
A40: B | B40: 2 | C40: 6482/2 | D40: 45663 | E40: ریفلکٹ پیک | F40: PP | G40: 12X20 | H40: 5.5-6 | I40: 0 | J40: 500 | K40: 14 | L40: 350 | M40: 1.1 | N40: ALI HASSAN
A41: A | B41: 1 | C41: 6482/1 | D41: 45664 | E41: ریفلکٹ پیک | F41: PP | G41: 15X16 | H41: 5.5-6 | I41: 0 | J41: 1000 | K41: 15 | L41: 375 | M41: 0.8 | N41: NAEEM
A42: A | B42: 2 | C42: 6437/4 | D42: 45664 | E42: ہیڈآفس لاہور | F42: PP | G42: 14X20+2 | H42: 5 | I42: 0 | J42: 250 | K42: 10 | L42: 250 | N42: ZAIN
A43: A | B43: 2 | C43: 6482/2 | D43: 45664 | E43: ریفلکٹ پیک | F43: PP | G43: 12X20 | H43: 5.5-6 | I43: 0 | J43: 500 | K43: 3 | L43: 75 | M43: 0.2 | N43: ZAIN
A44: B | B44: 1 | C44: 6492/1 | D44: 45664 | E44: ہیڈآفس لاہور | F44: PP | G44: 9X28 | H44: 5 | I44: 0 | J44: 625 | K44: 11 | L44: 275 | M44: 0.9 | N44: ZAIN
A45: B | B45: 2 | C45: 6482/2 | D45: 45664 | E45: ریفلکٹ پیک | F45: PP | G45: 12X20 | H45: 5.5-6 | I45: 0 | J45: 500 | K45: 3 | L45: 75 | M45: 0.6 | N45: ALI HASSAN
A46: B | B46: 2 | C46: 6492/1 | D46: 45664 | E46: ہیڈآفس لاہور | F46: PP | G46: 9X28 | H46: 5 | I46: 0 | J46: 625 | K46: 12 | L46: 300 | M46: 1.1 | N46: ALI HASSAN
A47: A | B47: 1 | C47: 6475/2 | D47: 45665 | E47: عرفان احمد اعظم مارکیٹ | F47: PP | G47: 9X28 | H47: 5 | I47: 0 | J47: 300 | K47: 9 | L47: 225 | M47: 0.6 | N47: NAEEM
A48: A | B48: 1 | C48: 6492/1 | D48: 45665 | E48: ہیڈآفس لاہور | F48: PP | G48: 9X28 | H48: 5 | I48: 0 | J48: 625 | K48: 2 | L48: 50 | M48: 0.6 | N48: NAEEM
A49: A | B49: 1 | C49: 6463/1 | D49: 45665 | E49: اقبال پلاسٹک کوٹ ادو | F49: PP | G49: 12X28 | H49: 5 | I49: 0 | J49: 75 | K49: 3 | L49: 75 | M49: 0.3 | N49: NAEEM
A50: A | B50: 2 | C50: 6476/1 | D50: 45665 | E50: ریفلکٹ پیک | F50: PP | G50: 9X11+2 | H50: 5 | I50: 0 | J50: 250 | K50: 4 | L50: 100 | M50: 1 | N50: ZAIN
A51: B | B51: 1 | C51: 6475/2 | D51: 45665 | E51: عرفان احمد اعظم مارکیٹ | F51: PP | G51: 9X28 | H51: 5 | I51: 0 | J51: 300 | K51: 3 | L51: 75 | M51: 0.3 | N51: NAEEM
A52: B | B52: 1 | C52: 6475/3 | D52: 45665 | E52: عرفان احمد اعظم مارکیٹ | F52: PP | G52: 10X28 | H52: 5 | I52: 0 | J52: 50 | K52: 2 | L52: 50 | M52: 0.2 | N52: NAEEM
A53: B | B53: 1 | C53: 6448/8 | D53: 45665 | E53: حاجی اسلماعیل وہاڑی | F53: PP | G53: 12X28 | H53: 5 | I53: 0 | J53: 125 | K53: 4 | L53: 100 | M53: 0.5 | N53: NAEEM
A54: B | B54: 1 | C54: 6475/5 | D54: 45665 | E54: عرفان احمد اعظم مارکیٹ | F54: PP | G54: 14X16 | H54: 5 | I54: 0 | J54: 50 | K54: 2 | L54: 50 | M54: 0.4 | N54: NAEEM
A55: B | B55: 2 | C55: 6476/1 | D55: 45665 | E55: ریفلکٹ پیک | F55: PP | G55: 9X11+2 | H55: 5 | I55: 0 | J55: 250 | K55: 6 | L55: 150 | M55: 1.6 | N55: ALI HASSAN
A56: B | B56: 2 | C56: 6475/4 | D56: 45665 | E56: عرفان احمد اعظم مارکیٹ | F56: PP | G56: 14X18 | H56: 5 | I56: 0 | J56: 100 | K56: 3 | L56: 75 | M56: 0.8 | N56: ALI HASSAN
A57: A | B57: 1 | C57: 6479/1 | D57: 45666 | E57: ہیڈآفس لاہور | F57: PP | G57: 6X8 | H57: 5 | I57: 0 | J57: 100 | K57: 4 | L57: 100 | M57: 0.4 | N57: NAEEM
... A83: A | B83: 1 | C83: 6509/1 | D83: 45671 | E83: عرفان احمد اعظم مارکیٹ | F83: PP | G83: 8X28 | H83: 6 | I83: 0 | J83: 600 | K83: 2 | L83: 50 | M83: 0.3 | N83: NAEEM
A84: A | B84: 1 | D84: 45671 | E84: - | F84: - | G84: - | H84: - | I84: - | J84: - | K84: 7 | L84: 175 | M84: 0.7 | N84: NAEEM
A85: A | B85: 1 | C85: 6519/1 | D85: 45671 | E85: ایم سلمان پاکستان مارکیٹ | F85: PP | G85: 10X22 | H85: 4.5-5 | I85: 0 | J85: 250 | K85: 5 | L85: 125 | M85: 0.3 | N85: NAEEM
A86: A | B86: 2 | C86: 6509/2 | D86: 45671 | E86: عرفان احمد اعظم مارکیٹ | F86: PP | G86: 9X28 | H86: 6 | I86: 0 | J86: 400 | K86: 6 | L86: 150.85 | M86: 0.8 | N86: ALI HASSAN
A87: A | B87: 2 | C87: 6487/1 | D87: 45671 | E87: عرفان احمد اعظم مارکیٹ | F87: PP | G87: 8.5X26 | H87: 6-6.5 | I87: 0 | J87: 100 | K87: 4 | L87: 107.5 | M87: 1.2 | N87: ALI HASSAN
A88: A | B88: 2 | C88: 6515/2 | D88: 45671 | E88: عمران مشتاق پتوکی | F88: PP | G88: 7X12 | H88: 5 | I88: 0 | J88: 25 | K88: 4 | L88: 100 | M88: 1 | N88: ALI HASSAN
A89: B | B89: 1 | C89: 6519/1 | D89: 45671 | E89: ایم سلمان پاکستان مارکیٹ | F89: PP | G89: 10X22 | H89: 4.5-5 | I89: 0 | J89: 250 | K89: 5 | L89: 125 | M89: 0.7 | N89: ALI HASSAN
A90: B | B90: 1 | C90: 6519/2 | D90: 45671 | E90: ایم سلمان پاکستان مارکیٹ | F90: PP | G90: 9X28 | H90: 4.5-5 | I90: 0 | J90: 125 | K90: 1 | L90: 25 | M90: 0.1 | N90: ALI HASSAN
A91: B | B91: 1 | D91: 45671 | E91: - | F91: - | G91: - | H91: - | I91: - | J91: - | K91: 4 | L91: 100 | M91: 1.2 | N91: ALI HASSAN
A92: A | B92: 1 | D92: 45672 | E92: - | F92: - | G92: - | H92: - | I92: - | J92: - | K92: 4 | L92: 100 | M92: 0.3 | N92: NAEEM
A93: A | B93: 1 | D93: 45672 | E93: - | F93: - | G93: - | H93: - | I93: - | J93: - | K93: 4 | L93: 100 | M93: 0.5 | N93: NAEEM
A94: B | B94: 1 | C94: 6525/9 | D94: 45672 | E94: اسد بلال بہاولپور | F94: PP | G94: 10.5X20 | H94: 5 | I94: 0 | J94: 250 | K94: 10 | L94: 250 | M94: 1 | N94: ALI HASSAN
A95: B | B95: 1 | D95: 45672 | E95: - | F95: - | G95: - | H95: - | I95: - | J95: - | K95: 1 | L95: 25 | M95: 0.1 | N95: ALI HASSAN
A96: A | B96: 1 | C96: 6504/19 | D96: 45673 | E96: ہیڈآفس لاہور | F96: PP | G96: 7X12 | H96: 5 | I96: 0 | J96: 500 | K96: 10 | L96: 250 | M96: 0.6 | N96: NAEEM
A97: B | B97: 1 | C97: 6504/19 | D97: 45673 | E97: ہیڈآفس لاہور | F97: PP | G97: 7X12 | H97: 5 | I97: 0 | J97: 500 | K97: 5 | L97: 125 | M97: 1 | N97: ALI HASSAN
A98: B | B98: 1 | D98: 45673 | E98: - | F98: - | G98: - | H98: - | I98: - | J98: - | K98: 5 | L98: 125 | M98: 1.8 | N98: ALI HASSAN
A99: A | B99: 1 | D99: 45674 | E99: - | F99: - | G99: - | H99: - | I99: - | J99: - | K99: 1 | L99: 25 | M99: 0.3 | N99: NAEEM
A100: A | B100: 1 | C100: 6532/1 | D100: 45674 | E100: ریفلکٹ پیک | F100: PP | G100: 15X16 | H100: 5.5-6 | I100: 0 | J100: 1000 | K100: 12 | L100: 300 | M100: 0.4 | N100: NAEEM
A101: B | B101: 1 | C101: 6532/1 | D101: 45674 | E101: ریفلکٹ پیک | F101: PP | G101: 15X16 | H101: 5.5-6 | I101: 0 | J101: 1000 | K101: 10 | L101: 250 | M101: 0.5 | N101: NAEEM
A102: B | B102: 2 | C102: 6532/1 | D102: 45674 | E102: ریفلکٹ پیک | F102: PP | G102: 15X16 | H102: 5.5-6 | I102: 0 | J102: 1000 | K102: 13 | L102: 325 | M102: 1.1 | N102: ALI HASSAN
A103: A | B103: 1 | D103: 45675 | E103: - | F103: - | G103: - | H103: - | I103: - | J103: - | K103: 4 | L103: 100 | M103: 0.3 | N103: NAEEM
A104: A | B104: 1 | C104: 6532/1 | D104: 45675 | E104: ریفلکٹ پیک | F104: PP | G104: 15X16 | H104: 5.5-6 | I104: 0 | J104: 1000 | K104: 5 | L104: 125 | M104: 0.7 | N104: NAEEM
A105: B | B105: 1 | C105: 342 J | D105: 45675 | E105: جیلانی پلاسٹک | F105: PP | G105: 6X9 (8X11) | H105: 5-5.5 | I105: - | J105: 800 | K105: 6 | L105: 150 | N105: HAMZA
A106: B | B106: 2 | C106: 342 J | D106: 45675 | E106: جیلانی پلاسٹک | F106: PP | G106: 6X9 (8X11) | H106: 5-5.5 | I106: - | J106: 800 | K106: 7 | L106: 175 | M106: 0.8 | N106: ALI HASSAN
A107: A | B107: 1 | C107: 668 J | D107: 45677 | E107: عالم پرنٹرز بٹ خیلہ | F107: HDM | G107: 19X18 | H107: 6-6.5/12-13 | I107: اورنج | J107: 170 | K107: 11 | L107: 275 | M107: 0.5 | N107: HAMZA
A108: A | B108: 2 | C108: 342 J | D108: 45677 | E108: جیلانی پلاسٹک | F108: PP | G108: 6X9 (8X11) | H108: 5-5.5 | I108: - | J108: 800 | K108: 1 | L108: 25 | M108: 0.2 | N108: ALI HASSAN
A109: A | B109: 2 | C109: 668 J | D109: 45677 | E109: عالم پرنٹرز بٹ خیلہ | F109: HDM | G109: 19X18 | H109: 6-6.5/12-13 | I109: اورنج | J109: 170 | K109: 11 | L109: 275 | M109: 0.8 | N109: ALI HASSAN
A110: B | B110: 1 | C110: 268 J | D110: 45677 | E110: جیلانی پلاسٹک | F110: PP | G110: 11X14 (15X18) | H110: 5-5.5 | I110: - | J110: 600 | K110: 2 | L110: 50 | M110: 0.4 | N110: NAEEM
A111: B | B111: 1 | C111: 267 J | D111: 45677 | E111: جیلانی پلاسٹک | F111: PP | G111: 11X14(15X18) | H111: 5-5.5 | I111: - | J111: 800 | K111: 10 | L111: 250 | M111: 1.3 | N111: NAEEM
A112: B | B112: 1 | C112: 282 J | D112: 45677 | E112: جیلانی پلاسٹک | F112: PP | G112: 11X14(15X18) | H112: 5-5.5 | I112: - | J112: 150 | K112: 2 | L112: 50 | M112: 0.1 | N112: NAEEM
A113: B | B113: 2 | C113: 267 J | D113: 45677 | E113: جیلانی پلاسٹک | F113: PP | G113: 11X14(15X18) | H113: 5-5.5 | I113: - | J113: 800 | K113: 7 | L113: 175 | M113: 0.8 | N113: ZAIN
A114: B | B114: 2 | C114: 143 J | D114: 45677 | E114: جیلانی پلاسٹک | F114: PP | G114: 7X10(10X13) | H114: 5-5.5 | I114: - | J114: 800 | K114: 2 | L114: 50 | M114: 0.2 | N114: ZAIN
A115: A | B115: 1 | C115: 282 J | D115: 45678 | E115: جیلانی پلاسٹک | F115: PP | G115: 11X14(15X18) | H115: 5-5.5 | I115: - | J115: 150 | K115: 1 | L115: 25 | N115: HAMZA
A116: A | B116: 1 | C116: 278 J | D116: 45678 | E116: جیلانی پلاسٹک | F116: PP | G116: 12X16(18X26) | H116: 5-5.5 | I116: - | J116: 200 | K116: 8 | L116: 203 | M116: 0.5 | N116: HAMZA
A117: A | B117: 2 | C117: 143 J | D117: 45678 | E117: جیلانی پلاسٹک | F117: PP | G117: 7X10(10X13) | H117: 5-5.5 | I117: - | J117: 800 | K117: 9 | L117: 221.1 | M117: 0.9 | N117: ALI HASSAN
A118: A | B118: 2 | C118: 274 J | D118: 45679 | E118: جیلانی پلاسٹک | F118: PP | G118: 6X9 (8X11) | H118: 5-5.5 | I118: - | J118: 200 | K118: 8 | L118: 197.45 | M118: 0.8 | N118: ALI HASSAN
A119: B | B119: 2 | C119: 6553/10 | D119: 45680 | E119: فیصل پلاسٹک فیصل آباد | F119: PP | G119: 9X13 | H119: 5 | I119: 0 | J119: 100 | K119: 3 | L119: 75 | M119: 0.3 | N119: ALI HASSAN
A120: B | B120: 2 | C120: 6553/7 | D120: 45680 | E120: فیصل پلاسٹک فیصل آباد | F120: PP | G120: 6X7 | H120: 5 | I120: 0 | J120: 100 | K120: 4 | L120: 100 | M120: 0.5 | N120: ALI HASSAN
A121: A | B121: 1 | C121: 6553/1 | D121: 45681 | E121: فیصل پلاسٹک فیصل آباد | F121: PP | G121: 8X18 | H121: 5 | I121: 0 | J121: 200 | K121: 1 | L121: 25 | M121: 0.6 | N121: ALI HASSAN
A122: A | B122: 1 | C122: 6553/9 | D122: 45681 | E122: فیصل پلاسٹک فیصل آباد | F122: PP | G122: 6X8 | H122: 5 | I122: 0 | J122: 100 | K122: 4 | L122: 100 | M122: 1.2 | N122: ALI HASSAN
A123: A | B123: 1 | C123: 6553/8 | D123: 45681 | E123: فیصل پلاسٹک فیصل آباد | F123: PP | G123: 8X10 | H123: 5 | I123: 0 | J123: 100 | K123: 4 | L123: 100 | M123: 1 | N123: ALI HASSAN
A124: A | B124: 1 | C124: 6563/1 | D124: 45684 | E124: عرفان احمد اعظم مارکیٹ | F124: PP | G124: 8X28 | H124: 5 | I124: 0 | J124: 200 | K124: 8 | L124: 200 | M124: 1.8 | N124: ALI HASSAN
A125: A | B125: 1 | C125: 6563/2 | D125: 45684 | E125: عرفان احمد اعظم مارکیٹ | F125: PP | G125: 9X28 | H125: 5 | I125: 0 | J125: 500 | K125: 7 | L125: 175 | N125: ALI HASSAN
A126: B | B126: 2 | C126: 6563/2 | D126: 45684 | E126: عرفان احمد اعظم مارکیٹ | F126: PP | G126: 9X28 | H126: 5 | I126: 0 | J126: 500 | K126: 13 | L126: 332.5 | M126: 0.8 | N126: ZAIN
A127: B | B127: 2 | C127: 6563/5 | D127: 45684 | E127: عرفان احمد اعظم مارکیٹ | F127: PP | G127: 14X20 | H127: 5 | I127: 0 | J127: 50 | K127: 2 | L127: 50 | M127: 0.4 | N127: ZAIN
A128: A | B128: 2 | C128: 6563/3 | D128: 45685 | E128: عرفان احمد اعظم مارکیٹ | F128: PP | G128: 14X18 | H128: 5 | I128: 0 | J128: 100 | K128: 4 | L128: 106.9 | M128: 1 | N128: ALI HASSAN
A129: A | B129: 2 | C129: 6563/4 | D129: 45685 | E129: عرفان احمد اعظم مارکیٹ | F129: PP | G129: 14X16 | H129: 5 | I129: 0 | J129: 50 | K129: 2 | L129: 50 | M129: 0.6 | N129: ALI HASSAN
A130: A | B130: 2 | C130: 6553/9 | D130: 45685 | E130: فیصل پلاسٹک فیصل آباد | F130: PP | G130: 6X8 | H130: 5 | I130: 0 | J130: 100 | K130: 3 | L130: 75 | M130: 0.7 | N130: ALI HASSAN
...

Sheet PP SIDE SEAL JOB CARD
A1: DATE | B1: SO | C1: PARTY NAME | D1: SIZE | E1: GUAGE | F1: QUALITY | G1: ORDER WT | H1: PAPER PRO | I1: BAGS | J1: CARD PRO | K1: DIFF
A2: 45887 | B2: 7173/8 | C2: {=VLOOKUP(B2,'PP SIDE SEAL '!C:N,{3,5,6,4,8},0)} -> الحبیب پلاسٹک اوکاڑہ | D2: 09.50X18 | E2: 5 | F2: PP | G2: 600 | H2: =SUMIFS('PP SIDE SEAL '!L:L,'PP SIDE SEAL '!C:C,B2) -> 350 | J2: =125+250+225 -> 600 | K2: =+H2-J2 -> -250
A3: 45887 | B3: 7186/1 | C3: {=VLOOKUP(B3,'PP SIDE SEAL '!C:N,{3,5,6,4,8},0)} -> اقبال پلاسٹک کوٹ ادو | D3: 05X06 | E3: 5 | F3: PP | G3: 125 | H3: =SUMIFS('PP SIDE SEAL '!L:L,'PP SIDE SEAL '!C:C,B3) -> 75 | J3: =50+25 -> 75 | K3: =+H3-J3 -> 0
A4: 45887 | B4: 7176/3 | C4: {=VLOOKUP(B4,'PP SIDE SEAL '!C:N,{3,5,6,4,8},0)} -> حاجی اسلماعیل وہاڑی | D4: 08X12 | E4: 5 | F4: PP | G4: 200 | H4: =SUMIFS('PP SIDE SEAL '!L:L,'PP SIDE SEAL '!C:C,B4) -> 200 | J4: 200 | K4: =+H4-J4 -> 0
A5: 45887 | B5: 7176/2 | C5: {=VLOOKUP(B5,'PP SIDE SEAL '!C:N,{3,5,6,4,8},0)} -> حاجی اسلماعیل وہاڑی | D5: 07X11 | E5: 5 | F5: PP | G5: 150 | H5: =SUMIFS('PP SIDE SEAL '!L:L,'PP SIDE SEAL '!C:C,B5) -> 143.2 | J5: =118.2+25 -> 143.2 | K5: =+H5-J5 -> 0
A6: 45887 | B6: 7176/1 | C6: {=VLOOKUP(B6,'PP SIDE SEAL '!C:N,{3,5,6,4,8},0)} -> حاجی اسلماعیل وہاڑی | D6: 06X09 | E6: 5 | F6: PP | G6: 175 | H6: =SUMIFS('PP SIDE SEAL '!L:L,'PP SIDE SEAL '!C:C,B6) -> 175 | J6: =50+125 -> 175 | K6: =+H6-J6 -> 0
A7: 45887 | B7: 7176/5 | C7: {=VLOOKUP(B7,'PP SIDE SEAL '!C:N,{3,5,6,4,8},0)} -> حاجی اسلماعیل وہاڑی | D7: 06X12 | E7: 5 | F7: PP | G7: 100 | H7: =SUMIFS('PP SIDE SEAL '!L:L,'PP SIDE SEAL '!C:C,B7) -> 100 | J7: 100 | K7: =+H7-J7 -> 0
A8: 45892 | B8: 7182/1 | C8: {=VLOOKUP(B8,'PP SIDE SEAL '!C:N,{3,5,6,4,8},0)} -> عامر شہزاد ساہیوال | D8: 14X16 | E8: 5 | F8: PP | G8: 500 | H8: =SUMIFS('PP SIDE SEAL '!L:L,'PP SIDE SEAL '!C:C,B8) -> 500 | J8: =225+125+150 -> 500 | K8: =+H8-J8 -> 0
A9: 45875 | B9: 7139/6 | C9: {=VLOOKUP(B9,'PP SIDE SEAL '!C:N,{3,5,6,4,8},0)} -> لفافہ | D9: 09.50X18 | E9: 5 | F9: PP | G9: 50 | H9: =SUMIFS('PP SIDE SEAL '!L:L,'PP SIDE SEAL '!C:C,B9) -> 50 | J9: 50 | K9: =+H9-J9 -> 0
A10: 45891 | B10: 7184/1 | C10: {=VLOOKUP(B10,'PP SIDE SEAL '!C:N,{3,5,6,4,8},0)} -> ریفلیکٹ پیک لاہور | D10: 13.5X16 | E10: 5.5-6 | F10: PP | G10: 100 | H10: =SUMIFS('PP SIDE SEAL '!L:L,'PP SIDE SEAL '!C:C,B10) -> 100 | J10: 100 | K10: =+H10-J10 -> 0
A11: 45890 | B11: 7176/10 | C11: {=VLOOKUP(B11,'PP SIDE SEAL '!C:N,{3,5,6,4,8},0)} -> حاجی اسلماعیل وہاڑی | D11: 12X26 | E11: 5 | F11: PP | G11: 125 | H11: =SUMIFS('PP SIDE SEAL '!L:L,'PP SIDE SEAL '!C:C,B11) -> 119.5 | J11: 119.5 | K11: =+H11-J11 -> 0
A12: 45890 | B12: 7176/12 | C12: {=VLOOKUP(B12,'PP SIDE SEAL '!C:N,{3,5,6,4,8},0)} -> حاجی اسلماعیل وہاڑی | D12: 05X06 | E12: 5 | F12: PP | G12: 100 | H12: =SUMIFS('PP SIDE SEAL '!L:L,'PP SIDE SEAL '!C:C,B12) -> 150 | J12: =75+25 -> 100 | K12: =+H12-J12 -> 50
A13: 45889 | B13: 7176/11 | C13: {=VLOOKUP(B13,'PP SIDE SEAL '!C:N,{3,5,6,4,8},0)} -> حاجی اسلماعیل وہاڑی | D13: 14X20 | E13: 5 | F13: PP | G13: 150 | H13: =SUMIFS('PP SIDE SEAL '!L:L,'PP SIDE SEAL '!C:C,B13) -> 150 | J13: 150 | K13: =+H13-J13 -> 0
A14: 45888 | B14: 7171/13 | C14: {=VLOOKUP(B14,'PP SIDE SEAL '!C:N,{3,5,6,4,8},0)} -> شاہد رمضان اوکاڑہ | D14: 08.50X18 | E14: 4.5 | F14: PP | G14: 100 | H14: =SUMIFS('PP SIDE SEAL '!L:L,'PP SIDE SEAL '!C:C,B14) -> 125 | J14: =75+25 -> 100 | K14: =+H14-J14 -> 25
A15: 45888 | B15: 7171/12 | C15: {=VLOOKUP(B15,'PP SIDE SEAL '!C:N,{3,5,6,4,8},0)} -> شاہد رمضان اوکاڑہ | D15: 09.50X18 | E15: 4.5 | F15: PP | G15: 100 | H15: =SUMIFS('PP SIDE SEAL '!L:L,'PP SIDE SEAL '!C:C,B15) -> 200 | J15: 200 | K15: =+H15-J15 -> 0
A16: 45894 | B16: 7200/1 | C16: {=VLOOKUP(B16,'PP SIDE SEAL '!C:N,{3,5,6,4,8},0)} -> ایم دین پنڈی | D16: 05X06 | E16: 15 | F16: PP | G16: 900 | H16: =SUMIFS('PP SIDE SEAL '!L:L,'PP SIDE SEAL '!C:C,B16) -> 887.2 | J16: =120+150+120+180+180+30+117.2 -> 897.2 | K16: =+H16-J16 -> -10
A17: 45894 | B17: 7109/1 | C17: {=VLOOKUP(B17,'PP SIDE SEAL '!C:N,{3,5,6,4,8},0)} -> رول | D17: 5X7 | E17: 15 | F17: PP | G17: 300 | H17: =SUMIFS('PP SIDE SEAL '!L:L,'PP SIDE SEAL '!C:C,B17) -> 351 | J17: =210+141 -> 351 | K17: =+H17-J17 -> 0
A18: 45894 | B18: 7109/2 | C18: {=VLOOKUP(B18,'PP SIDE SEAL '!C:N,{3,5,6,4,8},0)} -> رول | D18: 6X8 | E18: 15 | F18: PP | G18: 175 | H18: =SUMIFS('PP SIDE SEAL '!L:L,'PP SIDE SEAL '!C:C,B18) -> 73.8 | J18: =150+73.8 -> 223.8 | K18: =+H18-J18 -> -150
A19: 45894 | B19: 7109/3 | C19: {=VLOOKUP(B19,'PP SIDE SEAL '!C:N,{3,5,6,4,8},0)} -> رول | D19: 4X5 | E19: 15 | F19: PP | G19: 375 | H19: =SUMIFS('PP SIDE SEAL '!L:L,'PP SIDE SEAL '!C:C,B19) -> 350.8 | J19: =120+180.8 -> 300.8 | K19: =+H19-J19 -> 50
A20: 45894 | B20: 7210/2 | C20: {=VLOOKUP(B20,'PP SIDE SEAL '!C:N,{3,5,6,4,8},0)} -> جہانگیر حسین گودام گوجراوالا | D20: 10X18 | E20: 6-6.5 | F20: PP | G20: 100 | H20: =SUMIFS('PP SIDE SEAL '!L:L,'PP SIDE SEAL '!C:C,B20) -> 101.65 | J20: 101.65 | K20: =+H20-J20 -> 0
A21: 45895 | B21: 7169/1 | C21: {=VLOOKUP(B21,'PP SIDE SEAL '!C:N,{3,5,6,4,8},0)} -> محبوب مقبول گوجرانوالہ | D21: 06.50X18 | E21: 7.5-8 | F21: PP | G21: 150 | H21: =SUMIFS('PP SIDE SEAL '!L:L,'PP SIDE SEAL '!C:C,B21) -> 158.1 | J21: 158.1 | K21: =+H21-J21 -> 0
A22: 45895 | B22: 7210/1 | C22: {=VLOOKUP(B22,'PP SIDE SEAL '!C:N,{3,5,6,4,8},0)} -> جہانگیر حسین گودام گوجراوالا | D22: 08.25X16 | E22: 6-6.5 | F22: PP | G22: 100 | H22: =SUMIFS('PP SIDE SEAL '!L:L,'PP SIDE SEAL '!C:C,B22) -> 100 | J22: 100 | K22: =+H22-J22 -> 0
A23: 45895 | B23: 7202/10 | C23: {=VLOOKUP(B23,'PP SIDE SEAL '!C:N,{3,5,6,4,8},0)} -> ہیڈ افس سٹاک لاہور | D23: 07X12 | E23: 5 | F23: PP | G23: 375 | H23: =SUMIFS('PP SIDE SEAL '!L:L,'PP SIDE SEAL '!C:C,B23) -> 375 | J23: =150+175+50 -> 375 | K23: =+H23-J23 -> 0
A24: 45895 | B24: 7202/12 | C24: {=VLOOKUP(B24,'PP SIDE SEAL '!C:N,{3,5,6,4,8},0)} -> ہیڈ افس سٹاک لاہور | D24: 10X14+02 | E24: 7 | F24: PP | G24: 200 | H24: =SUMIFS('PP SIDE SEAL '!L:L,'PP SIDE SEAL '!C:C,B24) -> 211 | I24: 8 | J24: 211 | K24: =+H24-J24 -> 0
A25: 45896 | B25: 7204/2 | C25: {=VLOOKUP(B25,'PP SIDE SEAL '!C:N,{3,5,6,4,8},0)} -> اسلم پلاسٹک ملتان | D25: 10X10+02 | E25: 6.5-7 | F25: PP | G25: 50 | H25: =SUMIFS('PP SIDE SEAL '!L:L,'PP SIDE SEAL '!C:C,B25) -> 50 | I25: 2 | J25: 50 | K25: =+H25-J25 -> 0
A26: 45896 | B26: 7209/1 | C26: {=VLOOKUP(B26,'PP SIDE SEAL '!C:N,{3,5,6,4,8},0)} -> MTM شاہ عالم | D26: 05X10+02 | E26: 6-6.5 | F26: PP | G26: 100 | H26: =SUMIFS('PP SIDE SEAL '!L:L,'PP SIDE SEAL '!C:C,B26) -> 104 | I26: 4 | J26: =79+25 -> 104 | K26: =+H26-J26 -> 0
A27: 45896 | B27: 7202/11 | C27: {=VLOOKUP(B27,'PP SIDE SEAL '!C:N,{3,5,6,4,8},0)} -> ہیڈ افس سٹاک لاہور | D27: 10X12+02 | E27: 7 | F27: PP | G27: 200 | H27: =SUMIFS('PP SIDE SEAL '!L:L,'PP SIDE SEAL '!C:C,B27) -> 209.5 | I27: =6+2 -> 8 | J27: =25*6+59.5 -> 209.5 | K27: =+H27-J27 -> 0
A28: 45896 | B28: 7190/1 | C28: {=VLOOKUP(B28,'PP SIDE SEAL '!C:N,{3,5,6,4,8},0)} -> فوڈ سٹار ٹریڈرز | D28: 14X16 | E28: 5 | F28: PP | G28: 100 | H28: =SUMIFS('PP SIDE SEAL '!L:L,'PP SIDE SEAL '!C:C,B28) -> 100 | I28: 4 | J28: 100 | K28: =+H28-J28 -> 0
A29: 45897 | B29: 7204/3 | C29: {=VLOOKUP(B29,'PP SIDE SEAL '!C:N,{3,5,6,4,8},0)} -> اسلم پلاسٹک ملتان | D29: 10X11+02 | E29: 6.5-7 | F29: PP | G29: 50 | H29: =SUMIFS('PP SIDE SEAL '!L:L,'PP SIDE SEAL '!C:C,B29) -> 50 | I29: 2 | J29: 50 | K29: =+H29-J29 -> 0
A30: 45899 | B30: 7167/1 | C30: {=VLOOKUP(B30,'PP SIDE SEAL '!C:N,{3,5,6,4,8},0)} -> ریفلیکٹ پیک لاہور | D30: 08X12 | E30: 5.5-6 | F30: PP | G30: 3000 | H30: =SUMIFS('PP SIDE SEAL '!L:L,'PP SIDE SEAL '!C:C,B30) -> 1390 | I30: =6+7+7+7+7+6 -> 40 | J30: =210+245+245+245+245+210 -> 1400 | K30: =+H30-J30 -> -10
A31: 45899 | B31: 7204/1 | C31: {=VLOOKUP(B31,'PP SIDE SEAL '!C:N,{3,5,6,4,8},0)} -> اسلم پلاسٹک ملتان | D31: 07.50X10+01.50 | E31: 6.5-7 | F31: PP | G31: 50 | H31: =SUMIFS('PP SIDE SEAL '!L:L,'PP SIDE SEAL '!C:C,B31) -> 50 | I31: 2 | J31: 50 | K31: =+H31-J31 -> 0
A32: 45899 | B32: 3525 J | C32: {=VLOOKUP(B32,'PP SIDE SEAL '!C:N,{3,5,6,4,8},0)} -> Ibtsam Traders Sheikhupura | D32: 4.5X5+2 | E32: 7.5-8 | F32: PP | G32: 100 | H32: =SUMIFS('PP SIDE SEAL '!L:L,'PP SIDE SEAL '!C:C,B32) -> 36.2 | I32: 4 | J32: =28.3+26.3+27.2+28.8 -> 110.6 | K32: =+H32-J32 -> -74.4
A33: 45899 | B33: 7122/1 | C33: {=VLOOKUP(B33,'PP SIDE SEAL '!C:N,{3,5,6,4,8},0)} -> رول | D33: 10X22 | E33: 5-5.5 | F33: PP | G33: 400 | H33: =SUMIFS('PP SIDE SEAL '!L:L,'PP SIDE SEAL '!C:C,B33) -> 401.8 | I33: 16 | J33: =25*I33 -> 400 | K33: =+H33-J33 -> 1.8
A34: 45899 | B34: 7220/1 | C34: {=VLOOKUP(B34,'PP SIDE SEAL '!C:N,{3,5,6,4,8},0)} -> فہیم پلاسٹک ملتان | D34: 09X10+02 | E34: 7 | F34: PP | G34: 100 | H34: =SUMIFS('PP SIDE SEAL '!L:L,'PP SIDE SEAL '!C:C,B34) -> 92.9 | I34: 4 | J34: 92.9 | K34: =+H34-J34 -> 0
A35: 45899 | B35: 4021 J | C35: {=VLOOKUP(B35,'PP SIDE SEAL '!C:N,{3,5,6,4,8},0)} -> Jilani plastic | D35: 7X10 (10X13) | E35: 5-5.5 | F35: PP | G35: 400 | H35: =SUMIFS('PP SIDE SEAL '!L:L,'PP SIDE SEAL '!C:C,B35) -> 415.9 | I35: 7 | J35: 240.9 | K35: =+H35-J35 -> 175
A36: 45899 | B36: 7168/1 | C36: {=VLOOKUP(B36,'PP SIDE SEAL '!C:N,{3,5,6,4,8},0)} -> ریفلیکٹ پیک لاہور | D36: 15X16 | E36: 5.5-6 | F36: PP | G36: 2000 | H36: =SUMIFS('PP SIDE SEAL '!L:L,'PP SIDE SEAL '!C:C,B36) -> 1993.4 | I36: =8+12+2+12+13+12+13+5+3 -> 80 | J36: =200+300+50+300+325+300+325+125+68.4 -> 1993.4 | K36: =+H36-J36 -> 0
A37: 45904 | B37: 7058/1 | C37: {=VLOOKUP(B37,'PP SIDE SEAL '!C:N,{3,5,6,4,8},0)} -> لفافہ | D37: 8X11 | E37: 5/5.5 | F37: PP | G37: 750 | H37: =SUMIFS('PP SIDE SEAL '!L:L,'PP SIDE SEAL '!C:C,B37) -> 750 | I37: =8+8+8+6 -> 30 | J37: =25*I37 -> 750 | K37: =+H37-J37 -> 0
A38: 45904 | B38: 7239/2 | C38: {=VLOOKUP(B38,'PP SIDE SEAL '!C:N,{3,5,6,4,8},0)} -> محبوب مقبول گوجرانوالہ | D38: 12X13 | E38: 5 | F38: PP | G38: 500 | H38: =SUMIFS('PP SIDE SEAL '!L:L,'PP SIDE SEAL '!C:C,B38) -> 500 | I38: =9+11 -> 20 | J38: =25*I38 -> 500 | K38: =+H38-J38 -> 0
A39: 45904 | B39: 7232/1 | C39: {=VLOOKUP(B39,'PP SIDE SEAL '!C:N,{3,5,6,4,8},0)} -> اسد بلال بہاورلپور | D39: 09.50X20 | E39: 5 | F39: PP | G39: 100 | H39: =SUMIFS('PP SIDE SEAL '!L:L,'PP SIDE SEAL '!C:C,B39) -> 105 | I39: =2+2 -> 4 | J39: =25*I39 -> 100 | K39: =+H39-J39 -> 5
A40: 45904 | B40: 7220/2 | C40: {=VLOOKUP(B40,'PP SIDE SEAL '!C:N,{3,5,6,4,8},0)} -> فہیم پلاسٹک ملتان | D40: 10X12+02 | E40: 7 | F40: PP | G40: 200 | H40: =SUMIFS('PP SIDE SEAL '!L:L,'PP SIDE SEAL '!C:C,B40) -> 211 | I40: =2+2+4 -> 8 | J40: =50+50+19+92 -> 211 | K40: =+H40-J40 -> 0
A41: 45904 | B41: 7232/2 | C41: {=VLOOKUP(B41,'PP SIDE SEAL '!C:N,{3,5,6,4,8},0)} -> اسد بلال بہاورلپور | D41: 10.50X20 | E41: 5 | F41: PP | G41: 200 | H41: =SUMIFS('PP SIDE SEAL '!L:L,'PP SIDE SEAL '!C:C,B41) -> 200 | I41: 8 | J41: =25*I41 -> 200 | K41: =+H41-J41 -> 0
A42: 45904 | B42: 7239/1 | C42: {=VLOOKUP(B42,'PP SIDE SEAL '!C:N,{3,5,6,4,8},0)} -> محبوب مقبول گوجرانوالہ | D42: 08X11 | E42: 5 | F42: PP | G42: 875 | H42: =SUMIFS('PP SIDE SEAL '!L:L,'PP SIDE SEAL '!C:C,B42) -> 875 | I42: =6+7+1+7+8+6 -> 35 | J42: =25*I42 -> 875 | K42: =+H42-J42 -> 0
A43: 45906 | B43: 7244/3 | C43: {=VLOOKUP(B43,'PP SIDE SEAL '!C:N,{3,5,6,4,8},0)} -> لیاقت -لنڈا بازار | D43: 09X11 | E43: 6.5-7 | F43: PP | G43: 50 | H43: =SUMIFS('PP SIDE SEAL '!L:L,'PP SIDE SEAL '!C:C,B43) -> 50 | I43: 2 | J43: =25*I43 -> 50 | K43: =+H43-J43 -> 0
A44: 45906 | B44: 7254/2 | C44: {=VLOOKUP(B44,'PP SIDE SEAL '!C:N,{3,5,6,4,8},0)} -> ایم دین پنڈی | D44: 06X08 | E44: 15 | F44: PP | G44: 250 | H44: =SUMIFS('PP SIDE SEAL '!L:L,'PP SIDE SEAL '!C:C,B44) -> 259.8 | I44: 9 | J44: 259.8 | K44: =+H44-J44 -> 0
A45: 45909 | B45: 7204/3 | C45: {=VLOOKUP(B45,'PP SIDE SEAL '!C:N,{3,5,6,4,8},0)} -> اسلم پلاسٹک ملتان | D45: 10X11+02 | E45: 6.5-7 | F45: PP | G45: 50 | H45: =SUMIFS('PP SIDE SEAL '!L:L,'PP SIDE SEAL '!C:C,B45) -> 50 | I45: 2 | J45: =25*I45 -> 50 | K45: =+H45-J45 -> 0
A46: 45909 | B46: 7244/1 | C46: {=VLOOKUP(B46,'PP SIDE SEAL '!C:N,{3,5,6,4,8},0)} -> لیاقت -لنڈا بازار | D46: 10X10+02 | E46: 6.5-7 | F46: PP | G46: 50 | H46: =SUMIFS('PP SIDE SEAL '!L:L,'PP SIDE SEAL '!C:C,B46) -> 50 | I46: 2 | J46: =25*I46 -> 50 | K46: =+H46-J46 -> 0
A47: 45909 | B47: 7254/1 | C47: {=VLOOKUP(B47,'PP SIDE SEAL '!C:N,{3,5,6,4,8},0)} -> ایم دین پنڈی | D47: 04X05 | E47: 15 | F47: PP | G47: 250 | H47: =SUMIFS('PP SIDE SEAL '!L:L,'PP SIDE SEAL '!C:C,B47) -> 300.3 | I47: =4+5+1 -> 10 | J47: =120+150+30.3 -> 300.3 | K47: =+H47-J47 -> 0
A48: 45909 | B48: 7268/1 | C48: {=VLOOKUP(B48,'PP SIDE SEAL '!C:N,{3,5,6,4,8},0)} -> ایم بلال وحدت روڈ | D48: 10X16+02 | E48: 8.5-9 | F48: PP | G48: 100 | H48: =SUMIFS('PP SIDE SEAL '!L:L,'PP SIDE SEAL '!C:C,B48) -> 109.2 | I48: 4 | J48: 109.2 | K48: =+H48-J48 -> 0
A49: 45912 | B49: 7264/1 | C49: {=VLOOKUP(B49,'PP SIDE SEAL '!C:N,{3,5,6,4,8},0)} -> العمر پلاسٹک گوجرانوالہ | D49: 14X18 | E49: 5 | F49: PP | G49: 100 | H49: =SUMIFS('PP SIDE SEAL '!L:L,'PP SIDE SEAL '!C:C,B49) -> 100 | I49: 4 | J49: =25*I49 -> 100 | K49: =+H49-J49 -> 0
A50: 45912 | B50: 7279/1 | C50: {=VLOOKUP(B50,'PP SIDE SEAL '!C:N,{3,5,6,4,8},0)} -> ایم سلمان پاکستان مارکیٹ | D50: 09X28 | E50: 5 | F50: PP | G50: 100 | H50: =SUMIFS('PP SIDE SEAL '!L:L,'PP SIDE SEAL '!C:C,B50) -> 100 | I50: 4 | J50: =25*I50 -> 100 | K50: =+H50-J50 -> 0
A51: 45912 | B51: 7271/1 | C51: {=VLOOKUP(B51,'PP SIDE SEAL '!C:N,{3,5,6,4,8},0)} -> ہیڈ افس سٹاک لاہور(شہباز اعظم مارکیٹ) | D51: 16X26 | E51: 10 | F51: PP | G51: 100 | H51: =SUMIFS('PP SIDE SEAL '!L:L,'PP SIDE SEAL '!C:C,B51) -> 100 | I51: 4 | J51: =25*I51 -> 100 | K51: =+H51-J51 -> 0
A52: 45912 | B52: 7279/3 | C52: {=VLOOKUP(B52,'PP SIDE SEAL '!C:N,{3,5,6,4,8},0)} -> ایم سلمان پاکستان مارکیٹ | D52: 08X28 | E52: 5 | F52: PP | G52: 50 | H52: =SUMIFS('PP SIDE SEAL '!L:L,'PP SIDE SEAL '!C:C,B52) -> 50 | I52: 2 | J52: =25*I52 -> 50 | K52: =+H52-J52 -> 0
A53: 45912 | B53: 7270/20 | C53: {=VLOOKUP(B53,'PP SIDE SEAL '!C:N,{3,5,6,4,8},0)} -> #N/A | H53: =SUMIFS('PP SIDE SEAL '!L:L,'PP SIDE SEAL '!C:C,B53) -> 0 | I53: 5 | J53: =25*I53 -> 125 | K53: =+H53-J53 -> -125
A54: 45912 | B54: 7279/2 | C54: {=VLOOKUP(B54,'PP SIDE SEAL '!C:N,{3,5,6,4,8},0)} -> ایم سلمان پاکستان مارکیٹ | D54: 10X28 | E54: 5 | F54: PP | G54: 75 | H54: =SUMIFS('PP SIDE SEAL '!L:L,'PP SIDE SEAL '!C:C,B54) -> 39.2 | I54: 3 | J54: 39.2 | K54: =+H54-J54 -> 0
A55: 45914 | B55: 7269/5 | C55: {=VLOOKUP(B55,'PP SIDE SEAL '!C:N,{3,5,6,4,8},0)} -> ہیڈ افس سٹاک لاہور | D55: 11X16+02 | E55: 7 | F55: PP | G55: 200 | H55: =SUMIFS('PP SIDE SEAL '!L:L,'PP SIDE SEAL '!C:C,B55) -> 200 | I55: 8 | J55: =25*I55 -> 200 | K55: =+H55-J55 -> 0
A56: 45914 | B56: 7269/4 | C56: {=VLOOKUP(B56,'PP SIDE SEAL '!C:N,{3,5,6,4,8},0)} -> ہیڈ افس سٹاک لاہور | D56: 10X14+02 | E56: 7 | F56: PP | G56: 200 | H56: =SUMIFS('PP SIDE SEAL '!L:L,'PP SIDE SEAL '!C:C,B56) -> 200 | I56: =6+2 -> 8 | J56: =25*I56 -> 200 | K56: =+H56-J56 -> 0
A57: 45914 | B57: 7269/6 | C57: {=VLOOKUP(B57,'PP SIDE SEAL '!C:N,{3,5,6,4,8},0)} -> ہیڈ افس سٹاک لاہور | D57: 12X14+02 | E57: 7 | F57: PP | G57: 200 | H57: =SUMIFS('PP SIDE SEAL '!L:L,'PP SIDE SEAL '!C:C,B57) -> 198.5 | I57: 8 | J57: 198.5 | K57: =+H57-J57 -> 0
A58: 45915 | B58: 7269/7 | C58: {=VLOOKUP(B58,'PP SIDE SEAL '!C:N,{3,5,6,4,8},0)} -> ہیڈ افس سٹاک لاہور | D58: 14X18+02 | E58: 7 | F58: PP | G58: 100 | H58: =SUMIFS('PP SIDE SEAL '!L:L,'PP SIDE SEAL '!C:C,B58) -> 100 | I58: 4 | J58: =25*I58 -> 100 | K58: =+H58-J58 -> 0
A59: 45916 | B59: 7251/1 | C59: {=VLOOKUP(B59,'PP SIDE SEAL '!C:N,{3,5,6,4,8},0)} -> ریفلیکٹ پیک لاہور | D59: 14X17 | E59: 5.5-6 | F59: PP | G59: 5000 | H59: =SUMIFS('PP SIDE SEAL '!L:L,'PP SIDE SEAL '!C:C,B59) -> 2125 | I59: =14+2+15+16+16+12+10 -> 85 | J59: =25*I59 -> 2125 | K59: =+H59-J59 -> 0
A60: 45918 | B60: 7306/1 | C60: {=VLOOKUP(B60,'PP SIDE SEAL '!C:N,{3,5,6,4,8},0)} -> عمران مشتاق پتوکی | D60: 09.50X18 | E60: 5 | F60: PP | G60: 100 | H60: =SUMIFS('PP SIDE SEAL '!L:L,'PP SIDE SEAL '!C:C,B60) -> 102.7 | I60: 4 | J60: 102.7 | K60: =+H60-J60 -> 0
A61: 45918 | B61: 7291/1 | C61: {=VLOOKUP(B61,'PP SIDE SEAL '!C:N,{3,5,6,4,8},0)} -> ایم بلال وحدت روڈ | D61: 10X16+02 | E61: 8.5-9 | F61: PP | G61: 2000 | H61: =SUMIFS('PP SIDE SEAL '!L:L,'PP SIDE SEAL '!C:C,B61) -> 1980 | I61: =8+22+11+2+6+11+2+11+6 -> 79 | J61: =200+550+275+50+150+275+50+275+155 -> 1980 | K61: =+H61-J61 -> 0
A62: 45918 | B62: 7303/1 | C62: {=VLOOKUP(B62,'PP SIDE SEAL '!C:N,{3,5,6,4,8},0)} -> العمر پلاسٹک گوجرانوالہ | D62: 13X16 | E62: 5 | F62: PP | G62: 200 | H62: =SUMIFS('PP SIDE SEAL '!L:L,'PP SIDE SEAL '!C:C,B62) -> 190.8 | I62: =5+3 -> 8 | J62: =125+65.8 -> 190.8 | K62: =+H62-J62 -> 0
A63: 45918 | B63: 7282/1 | C63: {=VLOOKUP(B63,'PP SIDE SEAL '!C:N,{3,5,6,4,8},0)} -> شمس القمر سٹال اعظم مارکیٹ | D63: 16X26 | E63: 14 | F63: PP | G63: 250 | H63: =SUMIFS('PP SIDE SEAL '!L:L,'PP SIDE SEAL '!C:C,B63) -> 243.55 | I63: 10 | J63: 243.55 | K63: =+H63-J63 -> 0
A64: 45919 | B64: 7298/1 | C64: {=VLOOKUP(B64,'PP SIDE SEAL '!C:N,{3,5,6,4,8},0)} -> عبدالباری وہاڑی | D64: 12X18 | E64: 5 | F64: PP | G64: 250 | H64: =SUMIFS('PP SIDE SEAL '!L:L,'PP SIDE SEAL '!C:C,B64) -> 252.1 | I64: =8+2 -> 10 | J64: =200+52.1 -> 252.1 | K64: =+H64-J64 -> 0
A65: 45919 | B65: 7299/1 | C65: {=VLOOKUP(B65,'PP SIDE SEAL '!C:N,{3,5,6,4,8},0)} -> وہاڑی پلاسٹک وہاڑی | D65: 07X14 | E65: 5 | F65: PP | G65: 50 | H65: =SUMIFS('PP SIDE SEAL '!L:L,'PP SIDE SEAL '!C:C,B65) -> 56.8 | I65: 2 | J65: 56.8 | K65: =+H65-J65 -> 0
A66: 45919 | B66: 7298/2 | C66: {=VLOOKUP(B66,'PP SIDE SEAL '!C:N,{3,5,6,4,8},0)} -> عبدالباری وہاڑی | D66: 06X12 | E66: 5 | F66: PP | G66: 100 | H66: =SUMIFS('PP SIDE SEAL '!L:L,'PP SIDE SEAL '!C:C,B66) -> 99.5 | I66: 4 | J66: 99.5 | K66: =+H66-J66 -> 0
A67: 45919 | B67: 7294/1 | C67: {=VLOOKUP(B67,'PP SIDE SEAL '!C:N,{3,5,6,4,8},0)} -> العمر پلاسٹک گوجرانوالہ | D67: 14X18 | E67: 5 | F67: PP | G67: 200 | H67: =SUMIFS('PP SIDE SEAL '!L:L,'PP SIDE SEAL '!C:C,B67) -> 200 | I67: =5+3 -> 8 | J67: =25*I67 -> 200 | K67: =+H67-J67 -> 0
A68: 45922 | B68: 7310/1 | C68: {=VLOOKUP(B68,'PP SIDE SEAL '!C:N,{3,5,6,4,8},0)} -> حاجی اسماعیل وہاڑی | D68: 07X14 | E68: 5 | F68: PP | G68: 150 | H68: =SUMIFS('PP SIDE SEAL '!L:L,'PP SIDE SEAL '!C:C,B68) -> 165 | I68: =3+4 -> 7 | J68: =65+100 -> 165 | K68: =+H68-J68 -> 0
A69: 45923 | B69: 7323/1 | C69: {=VLOOKUP(B69,'PP SIDE SEAL '!C:N,{3,5,6,4,8},0)} -> عمران مشتاق پتوکی | D69: 08X12 | E69: 4-4.5 | F69: PP | G69: 100 | H69: =SUMIFS('PP SIDE SEAL '!L:L,'PP SIDE SEAL '!C:C,B69) -> 95.2 | I69: 4 | J69: =25*I69 -> 100 | K69: =+H69-J69 -> -4.8
A70: 45923 | B70: 7313/1 | C70: {=VLOOKUP(B70,'PP SIDE SEAL '!C:N,{3,5,6,4,8},0)} -> ریفلیکٹ پیک لاہور | D70: 13.50X16 | E70: 5.5-6 | F70: PP | G70: 500 | H70: =SUMIFS('PP SIDE SEAL '!L:L,'PP SIDE SEAL '!C:C,B70) -> 499 | I70: 20 | J70: 499 | K70: =+H70-J70 -> 0
A71: 45923 | B71: 7304/1 | C71: {=VLOOKUP(B71,'PP SIDE SEAL '!C:N,{3,5,6,4,8},0)} -> فہیم پلاسٹک ملتان | D71: 10X12+02 | E71: 7 | F71: PP | G71: 400 | H71: =SUMIFS('PP SIDE SEAL '!L:L,'PP SIDE SEAL '!C:C,B71) -> 394.2 | I71: =9+4+3 -> 16 | J71: =225+94.2+75 -> 394.2 | K71: =+H71-J71 -> 0
A72: 45924 | B72: 7329/1 | C72: {=VLOOKUP(B72,'PP SIDE SEAL '!C:N,{3,5,6,4,8},0)} -> محبوب مقبول گوجرانوالہ | D72: 14.50X17 | E72: 5 | F72: PP | G72: 100 | H72: =SUMIFS('PP SIDE SEAL '!L:L,'PP SIDE SEAL '!C:C,B72) -> 100 | I72: 4 | J72: =25*I72 -> 100 | K72: =+H72-J72 -> 0
A73: 45926 | B73: 7313A/1 | C73: {=VLOOKUP(B73,'PP SIDE SEAL '!C:N,{3,5,6,4,8},0)} -> ایم بلال وحدت روڈ | D73: 10X16+02 | E73: 8.5-9 | F73: PP | G73: 2900 | H73: =SUMIFS('PP SIDE SEAL '!L:L,'PP SIDE SEAL '!C:C,B73) -> 2920 | I73: =11+10+8+10+11+8+4+3+11+11+8+11+11 -> 117 | J73: 2920 | K73: =+H73-J73 -> 0
A74: 45929 | B74: 7320/21 | C74: {=VLOOKUP(B74,'PP SIDE SEAL '!C:N,{3,5,6,4,8},0)} -> ہیڈ افس لاہور | D74: 08X28 | E74: 5 | F74: PP | G74: 125 | H74: =SUMIFS('PP SIDE SEAL '!L:L,'PP SIDE SEAL '!C:C,B74) -> 125 | I74: 5 | J74: =25*I74 -> 125 | K74: =+H74-J74 -> 0
A75: 45929 | B75: 7320/22 | C75: {=VLOOKUP(B75,'PP SIDE SEAL '!C:N,{3,5,6,4,8},0)} -> ہیڈ افس لاہور | D75: 10X28 | E75: 5 | F75: PP | G75: 125 | H75: =SUMIFS('PP SIDE SEAL '!L:L,'PP SIDE SEAL '!C:C,B75) -> 125 | I75: 5 | J75: =25*I75 -> 125 | K75: =+H75-J75 -> 0
A76: 45929 | B76: 7339/1 | C76: {=VLOOKUP(B76,'PP SIDE SEAL '!C:N,{3,5,6,4,8},0)} -> ہیڈ افس لاہور | D76: 06X08 | E76: 5 | F76: PP | G76: 100 | H76: =SUMIFS('PP SIDE SEAL '!L:L,'PP SIDE SEAL '!C:C,B76) -> 25 | I76: 1 | J76: =25*I76 -> 25 | K76: =+H76-J76 -> 0
A77: 45930 | B77: 7330/1 | C77: {=VLOOKUP(B77,'PP SIDE SEAL '!C:N,{3,5,6,4,8},0)} -> لیاقت -لنڈا بازار | D77: 09X11+02 | E77: 7 | F77: PP | G77: 50 | H77: =SUMIFS('PP SIDE SEAL '!L:L,'PP SIDE SEAL '!C:C,B77) -> 50 | I77: 2 | J77: =25*I77 -> 50 | K77: =+H77-J77 -> 0
A78: 45930 | B78: 7346/1 | C78: {=VLOOKUP(B78,'PP SIDE SEAL '!C:N,{3,5,6,4,8},0)} -> ایم دین پنڈی | D78: 06X08 | E78: 14 | F78: PP | G78: 250 | H78: =SUMIFS('PP SIDE SEAL '!L:L,'PP SIDE SEAL '!C:C,B78) -> 250.45 | I78: 10 | J78: 250.45 | K78: =+H78-J78 -> 0
A79: 45930 | B79: 7334/1 | C79: {=VLOOKUP(B79,'PP SIDE SEAL '!C:N,{3,5,6,4,8},0)} -> وہاڑی پلاسٹک وہاڑی | D79: 07X14 | E79: 5 | F79: PP | G79: 75 | H79: =SUMIFS('PP SIDE SEAL '!L:L,'PP SIDE SEAL '!C:C,B79) -> 75 | I79: 3 | J79: =25*I79 -> 75 | K79: =+H79-J79 -> 0
A80: 45930 | B80: 7314/1 | C80: {=VLOOKUP(B80,'PP SIDE SEAL '!C:N,{3,5,6,4,8},0)} -> اسلم پلاسٹک ملتان | D80: 10X10+02 | E80: 7 | F80: PP | G80: 100 | H80: =SUMIFS('PP SIDE SEAL '!L:L,'PP SIDE SEAL '!C:C,B80) -> 100 | I80: 4 | J80: =25*I80 -> 100 | K80: =+H80-J80 -> 0
A81: 45930 | B81: 7332/1 | C81: {=VLOOKUP(B81,'PP SIDE SEAL '!C:N,{3,5,6,4,8},0)} -> عبدالباری وہاڑی | D81: 07X14 | E81: 5 | F81: PP | G81: 250 | H81: =SUMIFS('PP SIDE SEAL '!L:L,'PP SIDE SEAL '!C:C,B81) -> 250 | I81: 10 | J81: =25*I81 -> 250 | K81: =+H81-J81 -> 0
A82: 45931 | B82: 7348/1 | C82: {=VLOOKUP(B82,'PP SIDE SEAL '!C:N,{3,5,6,4,8},0)} -> فوڈ سٹار ٹریڈرز-میاںوالی | D82: 14X16 | E82: 5 | F82: PP | G82: 100 | H82: =SUMIFS('PP SIDE SEAL '!L:L,'PP SIDE SEAL '!C:C,B82) -> 98.2 | I82: 4 | J82: 98.2 | K82: =+H82-J82 -> 0
A83: 45932 | B83: 7352/1 | C83: {=VLOOKUP(B83,'PP SIDE SEAL '!C:N,{3,5,6,4,8},0)} -> العمر پلاسٹک گوجرانوالہ | D83: 06X07 | E83: 5 | F83: PP | G83: 150 | H83: =SUMIFS('PP SIDE SEAL '!L:L,'PP SIDE SEAL '!C:C,B83) -> 153 | I83: 6 | J83: =25*I83 -> 150 | K83: =+H83-J83 -> 3
A84: 45932 | B84: 7346/2 | C84: {=VLOOKUP(B84,'PP SIDE SEAL '!C:N,{3,5,6,4,8},0)} -> ایم دین پنڈی | D84: 05X06 | E84: 14 | F84: PP | G84: 250 | H84: =SUMIFS('PP SIDE SEAL '!L:L,'PP SIDE SEAL '!C:C,B84) -> 316.5 | I84: =4+7 -> 11 | J84: =120+196.5 -> 316.5 | K84: =+H84-J84 -> 0
A85: 45932 | B85: 7346/3 | C85: {=VLOOKUP(B85,'PP SIDE SEAL '!C:N,{3,5,6,4,8},0)} -> ایم دین پنڈی | D85: 06X12 | E85: 14 | F85: PP | G85: 250 | H85: =SUMIFS('PP SIDE SEAL '!L:L,'PP SIDE SEAL '!C:C,B85) -> 90 | I85: 3 | J85: 90 | K85: =+H85-J85 -> 0
A86: 45932 | B86: 7354/3 | C86: {=VLOOKUP(B86,'PP SIDE SEAL '!C:N,{3,5,6,4,8},0)} -> قیصر پلاسٹک وزیر اباد | D86: 05X14 | E86: 5 | F86: PP | G86: 100 | H86: =SUMIFS('PP SIDE SEAL '!L:L,'PP SIDE SEAL '!C:C,B86) -> 100 | I86: 4 | J86: =25*I86 -> 100 | K86: =+H86-J86 -> 0
A87: 45932 | B87: 7354/4 | C87: {=VLOOKUP(B87,'PP SIDE SEAL '!C:N,{3,5,6,4,8},0)} -> قیصر پلاسٹک وزیر اباد | D87: 04.50X19 | E87: 5 | F87: PP | G87: 100 | H87: =SUMIFS('PP SIDE SEAL '!L:L,'PP SIDE SEAL '!C:C,B87) -> 97 | I87: 4 | J87: 97 | K87: =+H87-J87 -> 0
A88: 45932 | B88: 7322/1 | C88: {=VLOOKUP(B88,'PP SIDE SEAL '!C:N,{3,5,6,4,8},0)} -> ہیڈ افس لاہور | D88: 11X14+02 | E88: 7 | F88: PP | G88: 200 | H88: =SUMIFS('PP SIDE SEAL '!L:L,'PP SIDE SEAL '!C:C,B88) -> 207.2 | I88: 8 | J88: 207.2 | K88: =+H88-J88 -> 0
A89: 45932 | B89: 7322/2 | C89: {=VLOOKUP(B89,'PP SIDE SEAL '!C:N,{3,5,6,4,8},0)} -> ہیڈ افس لاہور | D89: 12X18+02 | E89: 7 | F89: PP | G89: 200 | H89: =SUMIFS('PP SIDE SEAL '!L:L,'PP SIDE SEAL '!C:C,B89) -> 227.5 | I89: 9 | J89: 227.5 | K89: =+H89-J89 -> 0
A90: 45933 | B90: 7356/1 | C90: {=VLOOKUP(B90,'PP SIDE SEAL '!C:N,{3,5,6,4,8},0)} -> اسلم پلاسٹک ملتان | D90: 10X11+02 | E90: 7 | F90: PP | G90: 100 | H90: =SUMIFS('PP SIDE SEAL '!L:L,'PP SIDE SEAL '!C:C,B90) -> 101 | I90: 4 | J90: 101 | K90: =+H90-J90 -> 0
A91: 45933 | B91: 7301/1 | C91: {=VLOOKUP(B91,'PP SIDE SEAL '!C:N,{3,5,6,4,8},0)} -> ریفلیکٹ پیک لاہور | D91: 14X17 | E91: 5.5-6 | F91: PP | G91: 8000 | H91: =SUMIFS('PP SIDE SEAL '!L:L,'PP SIDE SEAL '!C:C,B91) -> 3807.35 | I91: =9+2+26+6+3+13+14+13+14+8+23+13+8 -> 152 | J91: =232.35+50+650+150+75+325+350+325+350+200+575+325+200 -> 3807.35 | K91: =+H91-J91 -> 0
A92: 45933 | B92: 7354/1 | C92: {=VLOOKUP(B92,'PP SIDE SEAL '!C:N,{3,5,6,4,8},0)} -> قیصر پلاسٹک وزیر اباد | D92: 04.50X18 | E92: 5 | F92: PP | G92: 100 | H92: =SUMIFS('PP SIDE SEAL '!L:L,'PP SIDE SEAL '!C:C,B92) -> 100 | I92: 4 | J92: =25*I92 -> 100 | K92: =+H92-J92 -> 0
A93: 45933 | B93: 7354/2 | C93: {=VLOOKUP(B93,'PP SIDE SEAL '!C:N,{3,5,6,4,8},0)} -> قیصر پلاسٹک وزیر اباد | D93: 05X18 | E93: 5 | F93: PP | G93: 50 | H93: =SUMIFS('PP SIDE SEAL '!L:L,'PP SIDE SEAL '!C:C,B93) -> 50 | I93: 2 | J93: =25*I93 -> 50 | K93: =+H93-J93 -> 0
A94: 45933 | B94: 7334/2 | C94: {=VLOOKUP(B94,'PP SIDE SEAL '!C:N,{3,5,6,4,8},0)} -> وہاڑی پلاسٹک وہاڑی | D94: 08X18 | E94: 5 | F94: PP | G94: 75 | H94: =SUMIFS('PP SIDE SEAL '!L:L,'PP SIDE SEAL '!C:C,B94) -> 75 | I94: 3 | J94: =25*I94 -> 75 | K94: =+H94-J94 -> 0
A95: 45936 | B95: 7352/2 | C95: {=VLOOKUP(B95,'PP SIDE SEAL '!C:N,{3,5,6,4,8},0)} -> العمر پلاسٹک گوجرانوالہ | D95: 06X08 | E95: 5 | F95: PP | G95: 150 | H95: =SUMIFS('PP SIDE SEAL '!L:L,'PP SIDE SEAL '!C:C,B95) -> 163.7 | I95: 7 | J95: =125+38.7 -> 163.7 | K95: =+H95-J95 -> 0
A96: 45936 | B96: 7330/2 | C96: {=VLOOKUP(B96,'PP SIDE SEAL '!C:N,{3,5,6,4,8},0)} -> لیاقت -لنڈا بازار | D96: 11X12+02 | E96: 7 | F96: PP | G96: 50 | H96: =SUMIFS('PP SIDE SEAL '!L:L,'PP SIDE SEAL '!C:C,B96) -> 55.2 | I96: 2 | J96: 55.2 | K96: =+H96-J96 -> 0
A97: 45939 | B97: 7362/1 | C97: {=VLOOKUP(B97,'PP SIDE SEAL '!C:N,{3,5,6,4,8},0)} -> ایم بلال وحدت روڈ | D97: 10X16+02 | E97: 8.5-9 | F97: PP | G97: 325 | H97: =SUMIFS('PP SIDE SEAL '!L:L,'PP SIDE SEAL '!C:C,B97) -> 325 | I97: =5+8 -> 13 | J97: =25*I97 -> 325 | K97: =+H97-J97 -> 0
A98: 45941 | B98: 7377/6 | C98: {=VLOOKUP(B98,'PP SIDE SEAL '!C:N,{3,5,6,4,8},0)} -> ہیڈافس لاہور | D98: 14X18+02 | E98: 7 | F98: PP | G98: 250 | H98: =SUMIFS('PP SIDE SEAL '!L:L,'PP SIDE SEAL '!C:C,B98) -> 296 | I98: 10 | J98: =25*I98 -> 250 | K98: =+H98-J98 -> 46
A99: 45941 | B99: 7377/4 | C99: {=VLOOKUP(B99,'PP SIDE SEAL '!C:N,{3,5,6,4,8},0)} -> ہیڈافس لاہور | D99: 12X18+02 | E99: 7 | F99: PP | G99: 250 | H99: =SUMIFS('PP SIDE SEAL '!L:L,'PP SIDE SEAL '!C:C,B99) -> 150 | I99: 6 | J99: =25*I99 -> 150 | K99: =+H99-J99 -> 0
A100: 45941 | B100: 7373/2 | C100: {=VLOOKUP(B100,'PP SIDE SEAL '!C:N,{3,5,6,4,8},0)} -> ہیڈافس لاہور | D100: 09X10+02 | E100: 7 | F100: PP | G100: 125 | H100: =SUMIFS('PP SIDE SEAL '!L:L,'PP SIDE SEAL '!C:C,B100) -> 100 | I100: 4 | J100: =25*I100 -> 100 | K100: =+H100-J100 -> 0
...

Sheet PP BOTTOM SEAL
A1: SHIFT | B1: MCH# | C1: SO# | D1: DATE | E1: JOB NAME | F1: MATERIAL | G1: SIZE | H1: GUAGE | I1: TUBE | J1: ORDER WEIGHT | K1: NO OF BAGS | L1: NET WEIGHT | M1: PRD WASTE | N1: OPERATOR
A2: A | B2: 1 | C2: 6306/1 | D2: 45658 | E2: عثمان امین لاہور | F2: PP | G2: 7X15 | H2: 0 | I2: 0 | J2: 10000 | K2: 12 | L2: 420 | M2: 15
A3: A | B3: 2 | C3: 95 P | D3: 45658 | E3: جیلانی پولی سٹاک | F3: PP | G3: 9X14 | H3: 5 | I3: 0 | J3: - | K3: 13 | L3: 325
A4: A | B4: 3 | C4: 106 P | D4: 45658 | E4: جیلانی پولی سٹاک | F4: PP | G4: 10X18 | H4: 5 | I4: 0 | J4: - | K4: 17 | L4: 425
A5: A | B5: 4 | C5: 37 P | D5: 45658 | E5: جیلانی پولی سٹاک | F5: PP | G5: 4X5 | H5: 5 | I5: 0 | J5: - | K5: 4 | L5: 100
A6: A | B6: 5 | C6: 6441/1 | D6: 45658 | E6: العمر پلاسٹک گوجرانوالہ | F6: PP | G6: 3X10 | H6: 5 | I6: 0 | J6: 500 | K6: 6 | L6: 150
A7: A | B7: 6 | C7: 6465/1 | D7: 45658 | E7: عثمان امین لاہور | F7: PP | G7: 2X6 | H7: 12 | I7: 0 | J7: 500 | K7: 12 | L7: 321
A8: A | B8: 2 | C8: 6306/1 | D8: 45659 | E8: عثمان امین لاہور | F8: PP | G8: 7X15 | H8: 0 | I8: 0 | J8: 10000 | K8: 13 | L8: 346 | M8: 10
A9: A | B9: 3 | C9: 646/2 | D9: 45659 | E9: - | F9: - | G9: - | H9: - | I9: - | J9: - | K9: 8 | L9: 242.1
A10: A | B10: 3 | C10: 6440/15 | D10: 45659 | E10: العمر پلاسٹک گوجرانوالہ | F10: PP | G10: 24X24 | H10: 10 | I10: 0 | J10: 125 | K10: 4 | L10: 130
A11: A | B11: 3 | C11: 124 P | D11: 45659 | E11: جیلانی پولی سٹاک | F11: PP | G11: 12X18 | H11: 5 | I11: 0 | J11: - | K11: 1 | L11: 25
A12: A | B12: 4 | C12: 95 P | D12: 45659 | E12: جیلانی پولی سٹاک | F12: PP | G12: 9X14 | H12: 5 | I12: 0 | J12: - | K12: 6 | L12: 150
A13: A | B13: 4 | C13: 94 P | D13: 45659 | E13: جیلانی پولی سٹاک | F13: PP | G13: 9X13 | H13: 5 | I13: 0 | J13: - | K13: 6 | L13: 150
A14: A | B14: 6 | C14: 103 P | D14: 45659 | E14: جیلانی پولی سٹاک | F14: PP | G14: 10X12 | H14: 5 | I14: 0 | J14: - | K14: 1 | L14: 25
A15: A | B15: 6 | C15: 6444/9 | D15: 45659 | E15: فضل سعید صادق آباد | F15: PP | G15: 10X30 | H15: 5 | I15: 0 | J15: 100 | K15: 5 | L15: 125
A16: A | B16: 6 | C16: 107 P | D16: 45659 | E16: جیلانی پولی سٹاک | F16: PP | G16: 10X20 | H16: 5 | I16: 0 | J16: - | K16: 5 | L16: 125
A17: A | B17: 6 | C17: 106 P | D17: 45659 | E17: جیلانی پولی سٹاک | F17: PP | G17: 10X18 | H17: 5 | I17: 0 | J17: - | K17: 3 | L17: 75
A18: A | B18: 5 | C18: 37 P | D18: 45659 | E18: جیلانی پولی سٹاک | F18: PP | G18: 4X5 | H18: 5 | I18: 0 | J18: - | K18: 7 | L18: 175
A19: A | B19: 5 | C19: 6441/1 | D19: 45659 | E19: العمر پلاسٹک گوجرانوالہ | F19: PP | G19: 3X10 | H19: 5 | I19: 0 | J19: 500 | K19: 9 | L19: 225
A20: A | B20: 2 | C20: 6306/1 | D20: 45660 | E20: عثمان امین لاہور | F20: PP | G20: 7X15 | H20: 0 | I20: 0 | J20: 10000 | K20: 4 | L20: 140 | M20: 15
A21: A | B21: 2 | C21: 83 P | D21: 45660 | E21: جیلانی پولی سٹاک | F21: PP | G21: 8X14 | H21: 5 | I21: 0 | J21: - | K21: 11 | L21: 275
A22: A | B22: 3 | C22: 122 P | D22: 45660 | E22: جیلانی پولی سٹاک | F22: PP | G22: 12X14 | H22: 5 | I22: 0 | J22: - | K22: 4 | L22: 100
A23: A | B23: 3 | C23: 124 P | D23: 45660 | E23: جیلانی پولی سٹاک | F23: PP | G23: 12X18 | H23: 5 | I23: 0 | J23: - | K23: 1 | L23: 25
A24: A | B24: 3 | C24: 114 P | D24: 45660 | E24: جیلانی پولی سٹاک | F24: PP | G24: 11X16 | H24: 5 | I24: 0 | J24: - | K24: 10 | L24: 250
A25: A | B25: 4 | C25: 94 P | D25: 45660 | E25: جیلانی پولی سٹاک | F25: PP | G25: 9X13 | H25: 5 | I25: 0 | J25: - | K25: 15 | L25: 375
A26: A | B26: 7 | C26: 103 P | D26: 45660 | E26: جیلانی پولی سٹاک | F26: PP | G26: 10X12 | H26: 5 | I26: 0 | J26: - | K26: 14 | L26: 350
A27: A | B27: 6 | C27: 34 P | D27: 45660 | E27: جیلانی پولی سٹاک | F27: PP | G27: 3X10 | H27: 5 | I27: 0 | J27: - | K27: 6 | L27: 150
A28: A | B28: 6 | C28: 31 P | D28: 45660 | E28: جیلانی پولی سٹاک | F28: PP | G28: 3X4 | H28: 5 | I28: 0 | J28: - | K28: 5 | L28: 125
A29: A | B29: 5 | C29: 37 P | D29: 45660 | E29: جیلانی پولی سٹاک | F29: PP | G29: 4X5 | H29: 5 | I29: 0 | J29: - | K29: 7 | L29: 175
A30: A | B30: 5 | C30: 6464/1 | D30: 45660 | E30: ارسلان پلاسٹک گوجراوالہ | F30: PP | G30: 2X7.5 | H30: 5 | I30: 0 | J30: 300 | K30: 2 | L30: 50
A31: A | B31: 3 | C31: 129 P | D31: 45661 | E31: جیلانی پولی سٹاک | F31: PP | G31: 12X28 | H31: 5 | I31: 0 | J31: - | K31: 10 | L31: 250 | M31: 15
A32: A | B32: 3 | C32: 114 P | D32: 45661 | E32: جیلانی پولی سٹاک | F32: PP | G32: 11X16 | H32: 5 | I32: 0 | J32: - | K32: 2 | L32: 50
A33: A | B33: 3 | C33: 123 P | D33: 45661 | E33: جیلانی پولی سٹاک | F33: PP | G33: 12X16 | H33: 5 | I33: 0 | J33: - | K33: 1 | L33: 25
A34: A | B34: 7 | C34: 103 P | D34: 45661 | E34: جیلانی پولی سٹاک | F34: PP | G34: 10X12 | H34: 5 | I34: 0 | J34: - | K34: 1 | L34: 25
A35: A | B35: 7 | C35: 105 P | D35: 45661 | E35: جیلانی پولی سٹاک | F35: PP | G35: 10X16 | H35: 5 | I35: 0 | J35: - | K35: 6 | L35: 150
A36: A | B36: 7 | C36: 6477/11 | D36: 45661 | E36: حنان پلاسٹک فیصل آباد | F36: PP | G36: 10X23 | H36: 5 | I36: 0 | J36: 125 | K36: 5 | L36: 125
A37: A | B37: 4 | C37: 96 P | D37: 45661 | E37: جیلانی پولی سٹاک | F37: PP | G37: 9X16 | H37: 5 | I37: 0 | J37: - | K37: 12 | L37: 300
A38: A | B38: 4 | C38: 94 P | D38: 45661 | E38: جیلانی پولی سٹاک | F38: PP | G38: 9X13 | H38: 5 | I38: 0 | J38: - | K38: 1 | L38: 25
A39: A | B39: 2 | C39: 80 P | D39: 45661 | E39: جیلانی پولی سٹاک | F39: PP | G39: 8X10 | H39: 5 | I39: 0 | J39: - | K39: 8 | L39: 200
A40: A | B40: 2 | C40: 83 P | D40: 45661 | E40: جیلانی پولی سٹاک | F40: PP | G40: 8X14 | H40: 5 | I40: 0 | J40: - | K40: 10 | L40: 250
A41: A | B41: 6 | C41: 31 P | D41: 45661 | E41: جیلانی پولی سٹاک | F41: PP | G41: 3X4 | H41: 5 | I41: 0 | J41: - | K41: 9 | L41: 225
A42: A | B42: 5 | C42: 6464/1 | D42: 45661 | E42: ارسلان پلاسٹک گوجراوالہ | F42: PP | G42: 2X7.5 | H42: 5 | I42: 0 | J42: 300 | K42: 10 | L42: 250
A43: A | B43: 3 | C43: 127 P | D43: 45662 | E43: جیلانی پولی سٹاک | F43: PP | G43: 12X24 | H43: 5 | I43: 0 | J43: - | K43: 5 | L43: 125 | M43: 11
A44: A | B44: 3 | C44: 128 P | D44: 45662 | E44: جیلانی پولی سٹاک | F44: PP | G44: 12X26 | H44: 5 | I44: 0 | J44: - | K44: 5 | L44: 125
A45: A | B45: 3 | C45: 123 P | D45: 45662 | E45: جیلانی پولی سٹاک | F45: PP | G45: 12X16 | H45: 5 | I45: 0 | J45: - | K45: 6 | L45: 150
A46: A | B46: 2 | C46: 84 P | D46: 45662 | E46: جیلانی پولی سٹاک | F46: PP | G46: 8X16 | H46: 5 | I46: 0 | J46: - | K46: 8 | L46: 200
A47: A | B47: 2 | C47: 80 P | D47: 45662 | E47: جیلانی پولی سٹاک | F47: PP | G47: 8X10 | H47: 5 | I47: 0 | J47: - | K47: 3 | L47: 75
A48: A | B48: 2 | C48: 6306/1 | D48: 45662 | E48: عثمان امین لاہور | F48: PP | G48: 7X15 | H48: 0 | I48: 0 | J48: 10000 | K48: 4 | L48: 140
A49: A | B49: 7 | C49: 6306/1 | D49: 45662 | E49: عثمان امین لاہور | F49: PP | G49: 7X15 | H49: 0 | I49: 0 | J49: 10000 | K49: 12 | L49: 420
A50: A | B50: 4 | C50: 93 P | D50: 45662 | E50: جیلانی پولی سٹاک | F50: PP | G50: 9X12 | H50: 5 | I50: 0 | J50: - | K50: 13 | L50: 325
A51: A | B51: 4 | C51: 31 P | D51: 45662 | E51: جیلانی پولی سٹاک | F51: PP | G51: 3X4 | H51: 5 | I51: 0 | J51: - | K51: 1 | L51: 25
A52: A | B52: 2 | C52: 6306/1 | D52: 45663 | E52: عثمان امین لاہور | F52: PP | G52: 7X15 | H52: 0 | I52: 0 | J52: 10000 | K52: 6 | L52: 210 | M52: 10
A53: A | B53: 2 | C53: 72 P | D53: 45663 | E53: جیلانی پولی سٹاک | F53: PP | G53: 7X14 | H53: 5 | I53: 0 | J53: - | K53: 7 | L53: 175
A54: A | B54: 3 | C54: 123 P | D54: 45663 | E54: جیلانی پولی سٹاک | F54: PP | G54: 12X16 | H54: 5 | I54: 0 | J54: - | K54: 2 | L54: 50
A55: A | B55: 3 | C55: 137 P | D55: 45663 | E55: جیلانی پولی سٹاک | F55: PP | G55: 14X22 | H55: 5 | I55: 0 | J55: - | K55: 12 | L55: 300
A56: A | B56: 3 | C56: 135 P | D56: 45663 | E56: جیلانی پولی سٹاک | F56: PP | G56: 14X18 | H56: 5 | I56: 0 | J56: - | K56: 7 | L56: 175
A57: A | B57: 7 | C57: 6306/1 | D57: 45663 | E57: عثمان امین لاہور | F57: PP | G57: 7X15 | H57: 0 | I57: 0 | J57: 10000 | K57: 12 | L57: 420
A58: A | B58: 6 | C58: 31 P | D58: 45663 | E58: جیلانی پولی سٹاک | F58: PP | G58: 3X4 | H58: 5 | I58: 0 | J58: - | K58: 8 | L58: 200
A59: A | B59: 5 | C59: 37 P | D59: 45663 | E59: جیلانی پولی سٹاک | F59: PP | G59: 4X5 | H59: 5 | I59: 0 | J59: - | K59: 8 | L59: 200
A60: A | B60: 5 | C60: 36 P | D60: 45663 | E60: جیلانی پولی سٹاک | F60: PP | G60: 4X4 | H60: 5 | I60: 0 | J60: - | K60: 5 | L60: 125
A61: A | B61: 2 | C61: 124 P | D61: 45664 | E61: جیلانی پولی سٹاک | F61: PP | G61: 12X18 | H61: 5 | I61: 0 | J61: - | K61: 9 | L61: 225 | M61: 21
A62: A | B62: 2 | C62: 6462/1 | D62: 45664 | E62: العمر پلاسٹک گوجرانوالہ | F62: PP | G62: 24X24 | H62: 14 | I62: 0 | J62: 250 | K62: 2 | L62: 41
A63: A | B63: 2 | C63: 6306/1 | D63: 45664 | E63: عثمان امین لاہور | F63: PP | G63: 7X15 | H63: 0 | I63: 0 | J63: 10000 | K63: 1 | L63: 35
A64: A | B64: 3 | C64: 135 P | D64: 45664 | E64: جیلانی پولی سٹاک | F64: PP | G64: 14X18 | H64: 5 | I64: 0 | J64: - | K64: 15 | L64: 375
A65: A | B65: 4 | C65: 93 P | D65: 45664 | E65: جیلانی پولی سٹاک | F65: PP | G65: 9X12 | H65: 5 | I65: 0 | J65: - | K65: 13 | L65: 325
A66: A | B66: 5 | C66: 36 P | D66: 45664 | E66: جیلانی پولی سٹاک | F66: PP | G66: 4X4 | H66: 5 | I66: 0 | J66: - | K66: 13 | L66: 325
A67: A | B67: 6 | C67: 36 P | D67: 45664 | E67: جیلانی پولی سٹاک | F67: PP | G67: 4X4 | H67: 5 | I67: 0 | J67: - | K67: 2 | L67: 50
A68: A | B68: 6 | C68: 31 P | D68: 45664 | E68: جیلانی پولی سٹاک | F68: PP | G68: 3X4 | H68: 5 | I68: 0 | J68: - | K68: 8 | L68: 200
A69: A | B69: 7 | C69: 6306/1 | D69: 45664 | E69: عثمان امین لاہور | F69: PP | G69: 7X15 | H69: 0 | I69: 0 | J69: 10000 | K69: 10 | L69: 350
A70: A | B70: 2 | C70: 153 P | D70: 45664 | E70: جیلانی پولی سٹاک | F70: PP | G70: 24X36 | H70: 5 | I70: 0 | J70: - | K70: 5 | L70: 125
A71: A | B71: 2 | C71: 108 P | D71: 45665 | E71: جیلانی پولی سٹاک | F71: PP | G71: 10X22 | H71: 5 | I71: 0 | J71: - | K71: 4 | L71: 100 | M71: 20
A72: A | B72: 2 | C72: 153 P | D72: 45665 | E72: جیلانی پولی سٹاک | F72: PP | G72: 24X36 | H72: 5 | I72: 0 | J72: - | K72: 14 | L72: 350
A73: A | B73: 7 | C73: 6306/1 | D73: 45665 | E73: عثمان امین لاہور | F73: PP | G73: 7X15 | H73: 0 | I73: 0 | J73: 10000 | K73: 11 | L73: 385
A74: A | B74: 6 | C74: 31 P | D74: 45665 | E74: جیلانی پولی سٹاک | F74: PP | G74: 3X4 | H74: 5 | I74: 0 | J74: - | K74: 9 | L74: 225
A75: A | B75: 3 | C75: 68 P | D75: 45665 | E75: جیلانی پولی سٹاک | F75: PP | G75: 7X9 | H75: 5 | I75: 0 | J75: - | K75: 9 | L75: 225
A76: A | B76: 3 | C76: 80 P | D76: 45665 | E76: جیلانی پولی سٹاک | F76: PP | G76: 8X10 | H76: 5 | I76: 0 | J76: - | K76: 3 | L76: 75
A77: A | B77: 1 | C77: 113 P | D77: 45665 | E77: جیلانی پولی سٹاک | F77: PP | G77: 11X14 | H77: 5 | I77: 0 | J77: - | K77: 4 | L77: 100
A78: A | B78: 1 | C78: 117 P | D78: 45665 | E78: جیلانی پولی سٹاک | F78: PP | G78: 11X22 | H78: 5 | I78: 0 | J78: - | K78: 7 | L78: 175
A79: A | B79: 5 | C79: 36 P | D79: 45665 | E79: جیلانی پولی سٹاک | F79: PP | G79: 4X4 | H79: 5 | I79: 0 | J79: - | K79: 4 | L79: 100
A80: A | B80: 1 | C80: 6480/19 | D80: 45665 | E80: اسد بلال بہاولپور | F80: PP | G80: 18X30 | H80: 5 | I80: 0 | J80: 100 | K80: 5 | L80: 125
A81: A | B81: 1 | C81: 93 P | D81: 45665 | E81: جیلانی پولی سٹاک | F81: PP | G81: 9X12 | H81: 5 | I81: 0 | J81: - | K81: 1 | L81: 25
A82: A | B82: 2 | C82: 138 P | D82: 45666 | E82: جیلانی پولی سٹاک | F82: PP | G82: 14X26 | H82: 5 | I82: 0 | J82: - | K82: 10 | L82: 250 | M82: 15
A83: A | B83: 2 | C83: 104 P | D83: 45666 | E83: جیلانی پولی سٹاک | F83: PP | G83: 10X14 | H83: 5 | I83: 0 | J83: - | K83: 4 | L83: 100
A84: A | B84: 1 | C84: 6473/1 | D84: 45666 | E84: فیصل پلاسٹک فیصل آباد | F84: PP | G84: 16X32 | H84: 5 | I84: 0 | J84: 200 | K84: 8 | L84: 200
A85: A | B85: 1 | C85: 6480/16 | D85: 45666 | E85: اسد بلال بہاولپور | F85: PP | G85: 16X26 | H85: 5 | I85: 0 | J85: 50 | K85: 2 | L85: 50
A86: A | B86: 1 | C86: 114 P | D86: 45666 | E86: جیلانی پولی سٹاک | F86: PP | G86: 11X16 | H86: 5 | I86: 0 | J86: - | K86: 4 | L86: 100
A87: A | B87: 5 | C87: 6506/1 | D87: 45666 | E87: فیصل پلاسٹک فیصل آباد | F87: PP | G87: 2X4 | H87: 5 | I87: 0 | J87: 100 | K87: 6 | L87: 150
A88: A | B88: 3 | C88: 80 P | D88: 45666 | E88: جیلانی پولی سٹاک | F88: PP | G88: 8X10 | H88: 5 | I88: 0 | J88: - | K88: 11 | L88: 275
A89: A | B89: 6 | C89: 6502/3 | D89: 45666 | E89: عثمان امین لاہور | F89: PP | G89: 4X8 | H89: 5 | I89: 0 | J89: 1000 | K89: 5 | L89: 175
A90: A | B90: 6 | C90: 31 P | D90: 45666 | E90: جیلانی پولی سٹاک | F90: PP | G90: 3X4 | H90: 5 | I90: 0 | J90: - | K90: 2 | L90: 50
A91: A | B91: 7 | C91: 6306/1 | D91: 45666 | E91: عثمان امین لاہور | F91: PP | G91: 7X15 | H91: 0 | I91: 0 | J91: 10000 | K91: 3 | L91: 105
A92: A | B92: 7 | C92: 6502/2 | D92: 45666 | E92: عثمان امین لاہور | F92: PP | G92: 6X13 | H92: 5 | I92: 0 | J92: 4000 | K92: 5 | L92: 175
A93: B | B93: 2 | C93: 138 P | D93: 45666 | E93: جیلانی پولی سٹاک | F93: PP | G93: 14X26 | H93: 5 | I93: 0 | J93: - | K93: 1 | L93: 25
A94: B | B94: 2 | C94: 135 P | D94: 45666 | E94: جیلانی پولی سٹاک | F94: PP | G94: 14X18 | H94: 5 | I94: 0 | J94: - | K94: 4 | L94: 100
A95: B | B95: 2 | C95: 134 P | D95: 45666 | E95: جیلانی پولی سٹاک | F95: PP | G95: 14X16 | H95: 5 | I95: 0 | J95: - | K95: 14 | L95: 350
A96: B | B96: 3 | C96: 82 P | D96: 45666 | E96: جیلانی پولی سٹاک | F96: PP | G96: 8X12 | H96: 5 | I96: 0 | J96: - | K96: 16 | L96: 400
A97: B | B97: 3 | C97: 80 P | D97: 45666 | E97: جیلانی پولی سٹاک | F97: PP | G97: 8X10 | H97: 5 | I97: 0 | J97: - | K97: 1 | L97: 25
A98: B | B98: 1 | C98: 6502/2 | D98: 45666 | E98: عثمان امین لاہور | F98: PP | G98: 6X13 | H98: 5 | I98: 0 | J98: 4000 | K98: 12 | L98: 420
A99: B | B99: 7 | C99: 6502/2 | D99: 45666 | E99: عثمان امین لاہور | F99: PP | G99: 6X13 | H99: 5 | I99: 0 | J99: 4000 | K99: 12 | L99: 420
A100: A | B100: 2 | C100: 82 P | D100: 45667 | E100: جیلانی پولی سٹاک | F100: PP | G100: 8X12 | H100: 5 | I100: 0 | J100: - | K100: 2 | L100: 50 | M100: 15
...

Sheet PP BOTTOM SEAL JOB CARD
A1: DATE | B1: SO | C1: PARTY NAME | D1: SIZE | E1: GUAGE | F1: QUALITY | G1: ORDER WT | H1: PAPER PRO | I1: BAGS | J1: CARD PRO | K1: DIFF
A2: 45892 | B2: 7170/1 | C2: {=VLOOKUP(B2,'PP BOTTOM SEAL'!C:N,{3,5,6,4,8},0)} -> بلال ازعظم مال کینٹ | D2: 12X30 | E2: 8 | F2: PP | G2: 50 | H2: =SUMIFS('PP BOTTOM SEAL'!L:L,'PP BOTTOM SEAL'!C:C,'PP BOTTOM SEAL JOB CARD'!B2) -> 64.7 | J2: =50+14.7 -> 64.7 | K2: =+H2-J2 -> 0
A3: 45892 | B3: 7199/2 | C3: {=VLOOKUP(B3,'PP BOTTOM SEAL'!C:N,{3,5,6,4,8},0)} -> العمر پلاسٹک گوجرانوالہ | D3: 14X16 | E3: 6 | F3: PP | G3: 100 | H3: =SUMIFS('PP BOTTOM SEAL'!L:L,'PP BOTTOM SEAL'!C:C,'PP BOTTOM SEAL JOB CARD'!B3) -> 97.1 | J3: =75+22.1 -> 97.1 | K3: =+H3-J3 -> 0
A4: 45892 | B4: 7183/1 | C4: {=VLOOKUP(B4,'PP BOTTOM SEAL'!C:N,{3,5,6,4,8},0)} -> ریفلیکٹ پیک لاہور | D4: 14X15 | E4: 5-5.5 | F4: PP | G4: 500 | H4: =SUMIFS('PP BOTTOM SEAL'!L:L,'PP BOTTOM SEAL'!C:C,'PP BOTTOM SEAL JOB CARD'!B4) -> 503.2 | J4: =25*19+28.2 -> 503.2 | K4: =+H4-J4 -> 0
A5: 45888 | B5: 7188/4 | C5: {=VLOOKUP(B5,'PP BOTTOM SEAL'!C:N,{3,5,6,4,8},0)} -> ارشد افضل حاصلپور | D5: 11X16 | E5: 5 | F5: PP | G5: 100 | H5: =SUMIFS('PP BOTTOM SEAL'!L:L,'PP BOTTOM SEAL'!C:C,'PP BOTTOM SEAL JOB CARD'!B5) -> 425 | J5: =25*4+25*13 -> 425 | K5: =+H5-J5 -> 0
A6: 45888 | B6: 7189/3 | C6: {=VLOOKUP(B6,'PP BOTTOM SEAL'!C:N,{3,5,6,4,8},0)} -> محبوب مقبول گوجرانوالہ | D6: 04X12 | E6: 5 | F6: PP | G6: 250 | H6: =SUMIFS('PP BOTTOM SEAL'!L:L,'PP BOTTOM SEAL'!C:C,'PP BOTTOM SEAL JOB CARD'!B6) -> 240 | J6: =20*12 -> 240 | K6: =+H6-J6 -> 0
A7: 45895 | B7: 7196/1 | C7: {=VLOOKUP(B7,'PP BOTTOM SEAL'!C:N,{3,5,6,4,8},0)} -> عظیم ٹوائز لاہور | D7: 05.50X12 | E7: 10 | F7: PP | G7: 50 | H7: =SUMIFS('PP BOTTOM SEAL'!L:L,'PP BOTTOM SEAL'!C:C,'PP BOTTOM SEAL JOB CARD'!B7) -> 48.3 | J7: =25+23.3 -> 48.3 | K7: =+H7-J7 -> 0
A8: 45895 | B8: 7196/2 | C8: {=VLOOKUP(B8,'PP BOTTOM SEAL'!C:N,{3,5,6,4,8},0)} -> عظیم ٹوائز لاہور | D8: 05.50X13 | E8: 10 | F8: PP | G8: 50 | H8: =SUMIFS('PP BOTTOM SEAL'!L:L,'PP BOTTOM SEAL'!C:C,'PP BOTTOM SEAL JOB CARD'!B8) -> 50 | J8: 50 | K8: =+H8-J8 -> 0
A9: 45896 | B9: 7203/9 | C9: {=VLOOKUP(B9,'PP BOTTOM SEAL'!C:N,{3,5,6,4,8},0)} -> فضل سعید صادق اباد | D9: 09X16 | E9: 5 | F9: PP | G9: 50 | H9: =SUMIFS('PP BOTTOM SEAL'!L:L,'PP BOTTOM SEAL'!C:C,'PP BOTTOM SEAL JOB CARD'!B9) -> 50 | J9: 50 | K9: =+H9-J9 -> 0
A10: 45896 | B10: 116p/1 | C10: {=VLOOKUP(B10,'PP BOTTOM SEAL'!C:N,{3,5,6,4,8},0)} -> - | D10: 0 | E10: 0 | F10: 0 | G10: 0 | H10: =SUMIFS('PP BOTTOM SEAL'!L:L,'PP BOTTOM SEAL'!C:C,'PP BOTTOM SEAL JOB CARD'!B10) -> 250 | J10: 250 | K10: =+H10-J10 -> 0
A11: 45896 | B11: 7160/2 | C11: {=VLOOKUP(B11,'PP BOTTOM SEAL'!C:N,{3,5,6,4,8},0)} -> ایم دین پنڈی | D11: 18X24 | E11: 6-6.5 | F11: PP | G11: 600 | H11: =SUMIFS('PP BOTTOM SEAL'!L:L,'PP BOTTOM SEAL'!C:C,'PP BOTTOM SEAL JOB CARD'!B11) -> 559.4 | J11: =30*4+30*7+30*7+19.4 -> 559.4 | K11: =+H11-J11 -> 0
A12: 45896 | B12: 7217/7 | C12: {=VLOOKUP(B12,'PP BOTTOM SEAL'!C:N,{3,5,6,4,8},0)} -> نادر پلاسٹک سرگودھا | D12: 18X30 | E12: 5 | F12: PP | G12: 25 | H12: =SUMIFS('PP BOTTOM SEAL'!L:L,'PP BOTTOM SEAL'!C:C,'PP BOTTOM SEAL JOB CARD'!B12) -> 75 | J12: 25 | K12: =+H12-J12 -> 50
A13: 45897 | B13: 7202/1 | C13: {=VLOOKUP(B13,'PP BOTTOM SEAL'!C:N,{3,5,6,4,8},0)} -> ہیڈ افس سٹاک لاہور | D13: 06X08 | E13: 5 | F13: PP | G13: 125 | H13: =SUMIFS('PP BOTTOM SEAL'!L:L,'PP BOTTOM SEAL'!C:C,'PP BOTTOM SEAL JOB CARD'!B13) -> 125 | I13: 5 | J13: 125 | K13: =+H13-J13 -> 0
A14: 45897 | B14: 7205/3 | C14: {=VLOOKUP(B14,'PP BOTTOM SEAL'!C:N,{3,5,6,4,8},0)} -> محبوب مقبول گوجرانوالہ | D14: 06X08 | E14: 5 | F14: PP | G14: 125 | H14: =SUMIFS('PP BOTTOM SEAL'!L:L,'PP BOTTOM SEAL'!C:C,'PP BOTTOM SEAL JOB CARD'!B14) -> 125 | I14: 5 | J14: 125 | K14: =+H14-J14 -> 0
A15: 45897 | B15: 7205/4 | C15: {=VLOOKUP(B15,'PP BOTTOM SEAL'!C:N,{3,5,6,4,8},0)} -> محبوب مقبول گوجرانوالہ | D15: 12X14 | E15: 5 | F15: PP | G15: 125 | H15: =SUMIFS('PP BOTTOM SEAL'!L:L,'PP BOTTOM SEAL'!C:C,'PP BOTTOM SEAL JOB CARD'!B15) -> 175 | I15: 5 | J15: 125 | K15: =+H15-J15 -> 50
A16: 45897 | B16: 7203/6 | C16: {=VLOOKUP(B16,'PP BOTTOM SEAL'!C:N,{3,5,6,4,8},0)} -> فضل سعید صادق اباد | D16: 07X14 | E16: 5 | F16: PP | G16: 150 | H16: =SUMIFS('PP BOTTOM SEAL'!L:L,'PP BOTTOM SEAL'!C:C,'PP BOTTOM SEAL JOB CARD'!B16) -> 150 | I16: 6 | J16: =25*I16 -> 150 | K16: =+H16-J16 -> 0
A17: 45897 | B17: 7203/7 | C17: {=VLOOKUP(B17,'PP BOTTOM SEAL'!C:N,{3,5,6,4,8},0)} -> فضل سعید صادق اباد | D17: 08X12 | E17: 5 | F17: PP | G17: 300 | H17: =SUMIFS('PP BOTTOM SEAL'!L:L,'PP BOTTOM SEAL'!C:C,'PP BOTTOM SEAL JOB CARD'!B17) -> 350 | I17: 14 | J17: =25*I17 -> 350 | K17: =+H17-J17 -> 0
A18: 45897 | B18: 7203/13 | C18: {=VLOOKUP(B18,'PP BOTTOM SEAL'!C:N,{3,5,6,4,8},0)} -> فضل سعید صادق اباد | D18: 10X30 | E18: 5 | F18: PP | G18: 75 | H18: =SUMIFS('PP BOTTOM SEAL'!L:L,'PP BOTTOM SEAL'!C:C,'PP BOTTOM SEAL JOB CARD'!B18) -> 75 | I18: 3 | J18: =25*I18 -> 75 | K18: =+H18-J18 -> 0
A19: 45897 | B19: 7203/18 | C19: {=VLOOKUP(B19,'PP BOTTOM SEAL'!C:N,{3,5,6,4,8},0)} -> فضل سعید صادق اباد | D19: 12X24 | E19: 5 | F19: PP | G19: 50 | H19: =SUMIFS('PP BOTTOM SEAL'!L:L,'PP BOTTOM SEAL'!C:C,'PP BOTTOM SEAL JOB CARD'!B19) -> 50 | I19: 2 | J19: =25*I19 -> 50 | K19: =+H19-J19 -> 0
A20: 45898 | B20: 46P/1 | C20: {=VLOOKUP(B20,'PP BOTTOM SEAL'!C:N,{3,5,6,4,8},0)} -> - | D20: 0 | E20: 0 | F20: 0 | G20: 0 | H20: =SUMIFS('PP BOTTOM SEAL'!L:L,'PP BOTTOM SEAL'!C:C,'PP BOTTOM SEAL JOB CARD'!B20) -> 200 | I20: 8 | J20: =25*I20 -> 200 | K20: =+H20-J20 -> 0
A21: 45898 | B21: 7176/13 | C21: {=VLOOKUP(B21,'PP BOTTOM SEAL'!C:N,{3,5,6,4,8},0)} -> حاجی اسلماعیل وہاڑی | D21: 02.50X03.50 | E21: 5 | F21: PP | G21: 150 | H21: =SUMIFS('PP BOTTOM SEAL'!L:L,'PP BOTTOM SEAL'!C:C,'PP BOTTOM SEAL JOB CARD'!B21) -> 120 | I21: 6 | J21: =20*I21 -> 120 | K21: =+H21-J21 -> 0
A22: 45898 | B22: 30 P | C22: {=VLOOKUP(B22,'PP BOTTOM SEAL'!C:N,{3,5,6,4,8},0)} -> جیلانی پولی سٹاک | D22: 2.5X3.5 | E22: 5 | F22: PP | G22: - | H22: =SUMIFS('PP BOTTOM SEAL'!L:L,'PP BOTTOM SEAL'!C:C,'PP BOTTOM SEAL JOB CARD'!B22) -> 4310 | I22: =3+9+11+8 -> 31 | J22: =20*I22 -> 620 | K22: =+H22-J22 -> 3690
A23: 45898 | B23: 7197/7 | C23: {=VLOOKUP(B23,'PP BOTTOM SEAL'!C:N,{3,5,6,4,8},0)} -> نادر پلاسٹک سرگودھا | D23: 10X22 | E23: 5 | F23: PP | G23: 50 | H23: =SUMIFS('PP BOTTOM SEAL'!L:L,'PP BOTTOM SEAL'!C:C,'PP BOTTOM SEAL JOB CARD'!B23) -> 50 | I23: 2 | J23: =25*I23 -> 50 | K23: =+H23-J23 -> 0
A24: 45898 | B24: 7202/3 | C24: {=VLOOKUP(B24,'PP BOTTOM SEAL'!C:N,{3,5,6,4,8},0)} -> ہیڈ افس سٹاک لاہور | D24: 07X11 | E24: 5 | F24: PP | G24: 250 | H24: =SUMIFS('PP BOTTOM SEAL'!L:L,'PP BOTTOM SEAL'!C:C,'PP BOTTOM SEAL JOB CARD'!B24) -> 250 | I24: 10 | J24: =25*I24 -> 250 | K24: =+H24-J24 -> 0
A25: 45898 | B25: 7202/9 | C25: {=VLOOKUP(B25,'PP BOTTOM SEAL'!C:N,{3,5,6,4,8},0)} -> ہیڈ افس سٹاک لاہور | D25: 14X26 | E25: 5 | F25: PP | G25: 100 | H25: =SUMIFS('PP BOTTOM SEAL'!L:L,'PP BOTTOM SEAL'!C:C,'PP BOTTOM SEAL JOB CARD'!B25) -> 100 | I25: 4 | J25: =25*I25 -> 100 | K25: =+H25-J25 -> 0
A26: 45900 | B26: 512/2 | C26: {=VLOOKUP(B26,'PP BOTTOM SEAL'!C:N,{3,5,6,4,8},0)} -> سٹاک | D26: 5X12 | E26: 5 | F26: PP | G26: 250 | H26: =SUMIFS('PP BOTTOM SEAL'!L:L,'PP BOTTOM SEAL'!C:C,'PP BOTTOM SEAL JOB CARD'!B26) -> 300 | I26: 12 | J26: =25*I26 -> 300 | K26: =+H26-J26 -> 0
A27: 45900 | B27: 6861/3 | C27: {=VLOOKUP(B27,'PP BOTTOM SEAL'!C:N,{3,5,6,4,8},0)} -> عثمان امین لاہور | D27: 4X8 | E27: 5 | F27: PP | G27: 2000 | H27: =SUMIFS('PP BOTTOM SEAL'!L:L,'PP BOTTOM SEAL'!C:C,'PP BOTTOM SEAL JOB CARD'!B27) -> 1295 | I27: 10 | J27: =25*I27 -> 250 | K27: =+H27-J27 -> 1045
A28: 45900 | B28: 1418/1 | C28: {=VLOOKUP(B28,'PP BOTTOM SEAL'!C:N,{3,5,6,4,8},0)} -> سٹاک | D28: 14X18 | E28: 5 | F28: PP | G28: 500 | H28: =SUMIFS('PP BOTTOM SEAL'!L:L,'PP BOTTOM SEAL'!C:C,'PP BOTTOM SEAL JOB CARD'!B28) -> 350 | I28: 10 | J28: =25*I28 -> 250 | K28: =+H28-J28 -> 100
A29: 45900 | B29: 7191/5 | C29: {=VLOOKUP(B29,'PP BOTTOM SEAL'!C:N,{3,5,6,4,8},0)} -> العمر پلاسٹک گوجرانوالہ | D29: 22X22 | E29: 6 | F29: PP | G29: 250 | H29: =SUMIFS('PP BOTTOM SEAL'!L:L,'PP BOTTOM SEAL'!C:C,'PP BOTTOM SEAL JOB CARD'!B29) -> 251.3 | I29: 10 | J29: =25*9+26.3 -> 251.3 | K29: =+H29-J29 -> 0
A30: 45900 | B30: 7191/1 | C30: {=VLOOKUP(B30,'PP BOTTOM SEAL'!C:N,{3,5,6,4,8},0)} -> العمر پلاسٹک گوجرانوالہ | D30: 14X14 | E30: 10 | F30: PP | G30: 250 | H30: =SUMIFS('PP BOTTOM SEAL'!L:L,'PP BOTTOM SEAL'!C:C,'PP BOTTOM SEAL JOB CARD'!B30) -> 249 | I30: 10 | J30: =25*9+24 -> 249 | K30: =+H30-J30 -> 0
A31: 45900 | B31: 7191/3 | C31: {=VLOOKUP(B31,'PP BOTTOM SEAL'!C:N,{3,5,6,4,8},0)} -> العمر پلاسٹک گوجرانوالہ | D31: 18X18 | E31: 6 | F31: PP | G31: 250 | H31: =SUMIFS('PP BOTTOM SEAL'!L:L,'PP BOTTOM SEAL'!C:C,'PP BOTTOM SEAL JOB CARD'!B31) -> 250 | I31: 10 | J31: =25*I31 -> 250 | K31: =+H31-J31 -> 0
A32: 45900 | B32: 714/1 | C32: {=VLOOKUP(B32,'PP BOTTOM SEAL'!C:N,{3,5,6,4,8},0)} -> سٹاک | D32: 7X14 | E32: 5 | F32: PP | G32: 375 | H32: =SUMIFS('PP BOTTOM SEAL'!L:L,'PP BOTTOM SEAL'!C:C,'PP BOTTOM SEAL JOB CARD'!B32) -> 175 | I32: 4 | J32: =25*I32 -> 100 | K32: =+H32-J32 -> 75
A33: 45900 | B33: 711/1 | C33: {=VLOOKUP(B33,'PP BOTTOM SEAL'!C:N,{3,5,6,4,8},0)} -> سٹاک | D33: 7X11 | E33: 5 | F33: PP | G33: 250 | H33: =SUMIFS('PP BOTTOM SEAL'!L:L,'PP BOTTOM SEAL'!C:C,'PP BOTTOM SEAL JOB CARD'!B33) -> 250 | I33: 10 | J33: =25*I33 -> 250 | K33: =+H33-J33 -> 0
A34: 45900 | B34: 40P/1 | C34: {=VLOOKUP(B34,'PP BOTTOM SEAL'!C:N,{3,5,6,4,8},0)} -> - | D34: 0 | E34: 0 | F34: 0 | G34: 0 | H34: =SUMIFS('PP BOTTOM SEAL'!L:L,'PP BOTTOM SEAL'!C:C,'PP BOTTOM SEAL JOB CARD'!B34) -> 200 | I34: 10 | J34: =25*I34 -> 250 | K34: =+H34-J34 -> -50
A35: 45900 | B35: 7199/1 | C35: {=VLOOKUP(B35,'PP BOTTOM SEAL'!C:N,{3,5,6,4,8},0)} -> العمر پلاسٹک گوجرانوالہ | D35: 18X16 | E35: 6 | F35: PP | G35: 150 | H35: =SUMIFS('PP BOTTOM SEAL'!L:L,'PP BOTTOM SEAL'!C:C,'PP BOTTOM SEAL JOB CARD'!B35) -> 94.6 | I35: =2+1+1 -> 4 | J35: =75+19.6 -> 94.6 | K35: =+H35-J35 -> 0
A36: 45900 | B36: 23/1 | C36: {=VLOOKUP(B36,'PP BOTTOM SEAL'!C:N,{3,5,6,4,8},0)} -> سٹاک | D36: 2X3 | E36: 5.5-6 | F36: PP | G36: 375 | H36: =SUMIFS('PP BOTTOM SEAL'!L:L,'PP BOTTOM SEAL'!C:C,'PP BOTTOM SEAL JOB CARD'!B36) -> 320 | I36: =9+6 -> 15 | J36: =20*I36 -> 300 | K36: =+H36-J36 -> 20
A37: 45900 | B37: 3917 J | C37: {=VLOOKUP(B37,'PP BOTTOM SEAL'!C:N,{3,5,6,4,8},0)} -> Cakes and Bakes Lahore | D37: 16X22 | E37: 5.5-6 | F37: PP | G37: 250 | H37: =SUMIFS('PP BOTTOM SEAL'!L:L,'PP BOTTOM SEAL'!C:C,'PP BOTTOM SEAL JOB CARD'!B37) -> 225 | I37: 9 | J37: =25*I37 -> 225 | K37: =+H37-J37 -> 0
A38: 45904 | B38: 7228/1 | C38: {=VLOOKUP(B38,'PP BOTTOM SEAL'!C:N,{3,5,6,4,8},0)} -> بلال سویاں سرگودھا | D38: 04X18 | E38: 5 | F38: PP | G38: 300 | H38: =SUMIFS('PP BOTTOM SEAL'!L:L,'PP BOTTOM SEAL'!C:C,'PP BOTTOM SEAL JOB CARD'!B38) -> 320 | I38: =13+3 -> 16 | J38: =20*I38 -> 320 | K38: =+H38-J38 -> 0
A39: 45904 | B39: 7225/15 | C39: {=VLOOKUP(B39,'PP BOTTOM SEAL'!C:N,{3,5,6,4,8},0)} -> محبوب مقبول گوجرانوالہ | D39: 02X18 | E39: 5 | F39: PP | G39: 200 | H39: =SUMIFS('PP BOTTOM SEAL'!L:L,'PP BOTTOM SEAL'!C:C,'PP BOTTOM SEAL JOB CARD'!B39) -> 140 | I39: 7 | J39: =20*I39 -> 140 | K39: =+H39-J39 -> 0
A40: 45904 | B40: 7193/1 | C40: {=VLOOKUP(B40,'PP BOTTOM SEAL'!C:N,{3,5,6,4,8},0)} -> محبوب مقبول گوجرانوالہ | D40: 13X22 | E40: 5 | F40: PP | G40: 100 | H40: =SUMIFS('PP BOTTOM SEAL'!L:L,'PP BOTTOM SEAL'!C:C,'PP BOTTOM SEAL JOB CARD'!B40) -> 225 | I40: 9 | J40: =25*I40 -> 225 | K40: =+H40-J40 -> 0
A41: 45904 | B41: 7225/5 | C41: {=VLOOKUP(B41,'PP BOTTOM SEAL'!C:N,{3,5,6,4,8},0)} -> محبوب مقبول گوجرانوالہ | D41: 13X18 | E41: 5 | F41: PP | G41: 125 | H41: =SUMIFS('PP BOTTOM SEAL'!L:L,'PP BOTTOM SEAL'!C:C,'PP BOTTOM SEAL JOB CARD'!B41) -> 50 | I41: 5 | J41: =25*I41 -> 125 | K41: =+H41-J41 -> -75
A42: 45904 | B42: 7224/1 | C42: {=VLOOKUP(B42,'PP BOTTOM SEAL'!C:N,{3,5,6,4,8},0)} -> خذیفہ پلاسٹک اعظم مارکیٹ | D42: 10X28 | E42: 8 | F42: PP | G42: 50 | H42: =SUMIFS('PP BOTTOM SEAL'!L:L,'PP BOTTOM SEAL'!C:C,'PP BOTTOM SEAL JOB CARD'!B42) -> 61.1 | I42: 2 | J42: =25+36.1 -> 61.1 | K42: =+H42-J42 -> 0
A43: 45904 | B43: 7212/1 | C43: {=VLOOKUP(B43,'PP BOTTOM SEAL'!C:N,{3,5,6,4,8},0)} -> بلال ازعظم مال کینٹ | D43: 10X28 | E43: 8 | F43: PP | G43: 50 | H43: =SUMIFS('PP BOTTOM SEAL'!L:L,'PP BOTTOM SEAL'!C:C,'PP BOTTOM SEAL JOB CARD'!B43) -> 50 | I43: 2 | J43: 50 | K43: =+H43-J43 -> 0
A44: 45904 | B44: 7225/1 | C44: {=VLOOKUP(B44,'PP BOTTOM SEAL'!C:N,{3,5,6,4,8},0)} -> محبوب مقبول گوجرانوالہ | D44: 04X12 | E44: 5 | F44: PP | G44: 250 | H44: =SUMIFS('PP BOTTOM SEAL'!L:L,'PP BOTTOM SEAL'!C:C,'PP BOTTOM SEAL JOB CARD'!B44) -> 200 | I44: 10 | J44: =25*I44 -> 250 | K44: =+H44-J44 -> -50
A45: 45904 | B45: 7205/2 | C45: {=VLOOKUP(B45,'PP BOTTOM SEAL'!C:N,{3,5,6,4,8},0)} -> محبوب مقبول گوجرانوالہ | D45: 13X22 | E45: 5 | F45: PP | G45: 125 | H45: =SUMIFS('PP BOTTOM SEAL'!L:L,'PP BOTTOM SEAL'!C:C,'PP BOTTOM SEAL JOB CARD'!B45) -> 125 | I45: 5 | J45: 125 | K45: =+H45-J45 -> 0
A46: 45904 | B46: 7191/2 | C46: {=VLOOKUP(B46,'PP BOTTOM SEAL'!C:N,{3,5,6,4,8},0)} -> العمر پلاسٹک گوجرانوالہ | D46: 16X16 | E46: 6 | F46: PP | G46: 1000 | H46: =SUMIFS('PP BOTTOM SEAL'!L:L,'PP BOTTOM SEAL'!C:C,'PP BOTTOM SEAL JOB CARD'!B46) -> 1096.4 | I46: =38+5+1 -> 44 | J46: =25*43+21.4 -> 1096.4 | K46: =+H46-J46 -> 0
A47: 45904 | B47: 7191/4 | C47: {=VLOOKUP(B47,'PP BOTTOM SEAL'!C:N,{3,5,6,4,8},0)} -> العمر پلاسٹک گوجرانوالہ | D47: 20X20 | E47: 6 | F47: PP | G47: 1000 | H47: =SUMIFS('PP BOTTOM SEAL'!L:L,'PP BOTTOM SEAL'!C:C,'PP BOTTOM SEAL JOB CARD'!B47) -> 1067.9 | I47: =8+13+13+8+1 -> 43 | J47: =25*42+17.9 -> 1067.9 | K47: =+H47-J47 -> 0
A48: 45904 | B48: 7234/8 | C48: {=VLOOKUP(B48,'PP BOTTOM SEAL'!C:N,{3,5,6,4,8},0)} -> #N/A | H48: =SUMIFS('PP BOTTOM SEAL'!L:L,'PP BOTTOM SEAL'!C:C,'PP BOTTOM SEAL JOB CARD'!B48) -> 0 | I48: 4 | J48: =25*I48 -> 100 | K48: =+H48-J48 -> -100
A49: 45904 | B49: 7227/4 | C49: {=VLOOKUP(B49,'PP BOTTOM SEAL'!C:N,{3,5,6,4,8},0)} -> زوہیب پلاسٹک عارف والا | D49: 18X30 | E49: 5 | F49: PP | G49: 25 | H49: =SUMIFS('PP BOTTOM SEAL'!L:L,'PP BOTTOM SEAL'!C:C,'PP BOTTOM SEAL JOB CARD'!B49) -> 25 | I49: 1 | J49: =25*I49 -> 25 | K49: =+H49-J49 -> 0
A50: 45904 | B50: 7222/3 | C50: {=VLOOKUP(B50,'PP BOTTOM SEAL'!C:N,{3,5,6,4,8},0)} -> اصف پلاسٹک سرگودھا | D50: 18X24 | E50: 4.5 | F50: PP | G50: 100 | H50: =SUMIFS('PP BOTTOM SEAL'!L:L,'PP BOTTOM SEAL'!C:C,'PP BOTTOM SEAL JOB CARD'!B50) -> 100 | I50: 4 | J50: =25*I50 -> 100 | K50: =+H50-J50 -> 0
A51: 45904 | B51: 7252/3 | C51: {=VLOOKUP(B51,'PP BOTTOM SEAL'!C:N,{3,5,6,4,8},0)} -> العمر پلاسٹک گوجرانوالہ | D51: 04X08 | E51: 5 | F51: PP | G51: 125 | H51: =SUMIFS('PP BOTTOM SEAL'!L:L,'PP BOTTOM SEAL'!C:C,'PP BOTTOM SEAL JOB CARD'!B51) -> 100 | I51: 5 | J51: 100 | K51: =+H51-J51 -> 0
A52: 45904 | B52: 2436/1 | C52: {=VLOOKUP(B52,'PP BOTTOM SEAL'!C:N,{3,5,6,4,8},0)} -> سٹاک | D52: 24X36 | E52: 5 | F52: PP | G52: 375 | H52: =SUMIFS('PP BOTTOM SEAL'!L:L,'PP BOTTOM SEAL'!C:C,'PP BOTTOM SEAL JOB CARD'!B52) -> 1300 | I52: =20+1+1 -> 22 | J52: =25*20+25+32 -> 557 | K52: =+H52-J52 -> 743
A53: 45904 | B53: 7252/4 | C53: {=VLOOKUP(B53,'PP BOTTOM SEAL'!C:N,{3,5,6,4,8},0)} -> العمر پلاسٹک گوجرانوالہ | D53: 04X10 | E53: 5 | F53: PP | G53: 125 | H53: =SUMIFS('PP BOTTOM SEAL'!L:L,'PP BOTTOM SEAL'!C:C,'PP BOTTOM SEAL JOB CARD'!B53) -> 140 | I53: 7 | J53: =20*I53 -> 140 | K53: =+H53-J53 -> 0
A54: 45906 | B54: 7222/7 | C54: {=VLOOKUP(B54,'PP BOTTOM SEAL'!C:N,{3,5,6,4,8},0)} -> اصف پلاسٹک سرگودھا | D54: 04X18 | E54: 5 | F54: PP | G54: 250 | H54: =SUMIFS('PP BOTTOM SEAL'!L:L,'PP BOTTOM SEAL'!C:C,'PP BOTTOM SEAL JOB CARD'!B54) -> 260 | I54: =5+8 -> 13 | J54: =20*I54 -> 260 | K54: =+H54-J54 -> 0
A55: 45906 | B55: 7222/1 | C55: {=VLOOKUP(B55,'PP BOTTOM SEAL'!C:N,{3,5,6,4,8},0)} -> اصف پلاسٹک سرگودھا | D55: 14X16 | E55: 4.5 | F55: PP | G55: 100 | H55: =SUMIFS('PP BOTTOM SEAL'!L:L,'PP BOTTOM SEAL'!C:C,'PP BOTTOM SEAL JOB CARD'!B55) -> 100 | I55: 4 | J55: =25*I55 -> 100 | K55: =+H55-J55 -> 0
A56: 45906 | B56: 7222/4 | C56: {=VLOOKUP(B56,'PP BOTTOM SEAL'!C:N,{3,5,6,4,8},0)} -> اصف پلاسٹک سرگودھا | D56: 14X18 | E56: 4.5 | F56: PP | G56: 100 | H56: =SUMIFS('PP BOTTOM SEAL'!L:L,'PP BOTTOM SEAL'!C:C,'PP BOTTOM SEAL JOB CARD'!B56) -> 100 | I56: 4 | J56: =25*I56 -> 100 | K56: =+H56-J56 -> 0
A57: 45906 | B57: 7252/2 | C57: {=VLOOKUP(B57,'PP BOTTOM SEAL'!C:N,{3,5,6,4,8},0)} -> العمر پلاسٹک گوجرانوالہ | D57: 04X06 | E57: 5 | F57: PP | G57: 250 | H57: =SUMIFS('PP BOTTOM SEAL'!L:L,'PP BOTTOM SEAL'!C:C,'PP BOTTOM SEAL JOB CARD'!B57) -> 180 | I57: 9 | J57: =20*I57 -> 180 | K57: =+H57-J57 -> 0
A58: 45906 | B58: 7222/6 | C58: {=VLOOKUP(B58,'PP BOTTOM SEAL'!C:N,{3,5,6,4,8},0)} -> اصف پلاسٹک سرگودھا | D58: 03.50X18 | E58: 5 | F58: PP | G58: 125 | H58: =SUMIFS('PP BOTTOM SEAL'!L:L,'PP BOTTOM SEAL'!C:C,'PP BOTTOM SEAL JOB CARD'!B58) -> 340 | I58: =6+11 -> 17 | J58: =20*I58 -> 340 | K58: =+H58-J58 -> 0
A59: 45906 | B59: 7218/1 | C59: {=VLOOKUP(B59,'PP BOTTOM SEAL'!C:N,{3,5,6,4,8},0)} -> اسد پلاسٹک ملتان | D59: 07X11 | E59: 4 | F59: PP | G59: 200 | H59: =SUMIFS('PP BOTTOM SEAL'!L:L,'PP BOTTOM SEAL'!C:C,'PP BOTTOM SEAL JOB CARD'!B59) -> 195 | I59: 8 | J59: =25*7+20 -> 195 | K59: =+H59-J59 -> 0
A60: 45906 | B60: 7234/2 | C60: {=VLOOKUP(B60,'PP BOTTOM SEAL'!C:N,{3,5,6,4,8},0)} -> حسین پلاسٹک بہاولپور | D60: 07X16 | E60: 5 | F60: PP | G60: 100 | H60: =SUMIFS('PP BOTTOM SEAL'!L:L,'PP BOTTOM SEAL'!C:C,'PP BOTTOM SEAL JOB CARD'!B60) -> 100 | I60: 4 | J60: =25*I60 -> 100 | K60: =+H60-J60 -> 0
A61: 45906 | B61: 7196/1 | C61: {=VLOOKUP(B61,'PP BOTTOM SEAL'!C:N,{3,5,6,4,8},0)} -> عظیم ٹوائز لاہور | D61: 05.50X12 | E61: 10 | F61: PP | G61: 50 | H61: =SUMIFS('PP BOTTOM SEAL'!L:L,'PP BOTTOM SEAL'!C:C,'PP BOTTOM SEAL JOB CARD'!B61) -> 48.3 | I61: 2 | J61: =25+23.3 -> 48.3 | K61: =+H61-J61 -> 0
A62: 45909 | B62: 7222/5 | C62: {=VLOOKUP(B62,'PP BOTTOM SEAL'!C:N,{3,5,6,4,8},0)} -> اصف پلاسٹک سرگودھا | D62: 12X18 | E62: 4.5 | F62: PP | G62: 200 | H62: =SUMIFS('PP BOTTOM SEAL'!L:L,'PP BOTTOM SEAL'!C:C,'PP BOTTOM SEAL JOB CARD'!B62) -> 200 | I62: 8 | J62: =25*I62 -> 200 | K62: =+H62-J62 -> 0
A63: 45909 | B63: 7222/2 | C63: {=VLOOKUP(B63,'PP BOTTOM SEAL'!C:N,{3,5,6,4,8},0)} -> اصف پلاسٹک سرگودھا | D63: 12X16 | E63: 4.5 | F63: PP | G63: 100 | H63: =SUMIFS('PP BOTTOM SEAL'!L:L,'PP BOTTOM SEAL'!C:C,'PP BOTTOM SEAL JOB CARD'!B63) -> 100 | I63: 4 | J63: =25*I63 -> 100 | K63: =+H63-J63 -> 0
A64: 45909 | B64: 7255/1 | C64: {=VLOOKUP(B64,'PP BOTTOM SEAL'!C:N,{3,5,6,4,8},0)} -> ایم دین پنڈی | D64: 11X16 | E64: 5 | F64: PP | G64: 150 | H64: =SUMIFS('PP BOTTOM SEAL'!L:L,'PP BOTTOM SEAL'!C:C,'PP BOTTOM SEAL JOB CARD'!B64) -> 175 | I64: 7 | J64: =25*I64 -> 175 | K64: =+H64-J64 -> 0
A65: 45912 | B65: 7248/5 | C65: {=VLOOKUP(B65,'PP BOTTOM SEAL'!C:N,{3,5,6,4,8},0)} -> محبوب مقبول گوجرانوالہ | D65: 04X14 | E65: 5 | F65: PP | G65: 125 | H65: =SUMIFS('PP BOTTOM SEAL'!L:L,'PP BOTTOM SEAL'!C:C,'PP BOTTOM SEAL JOB CARD'!B65) -> 100 | I65: 5 | J65: =20*I65 -> 100 | K65: =+H65-J65 -> 0
A66: 45912 | B66: 7260/2 | C66: {=VLOOKUP(B66,'PP BOTTOM SEAL'!C:N,{3,5,6,4,8},0)} -> احمد ضیاٗ گجراںوالہ | D66: 10X35 | E66: 5 | F66: PP | G66: 200 | H66: =SUMIFS('PP BOTTOM SEAL'!L:L,'PP BOTTOM SEAL'!C:C,'PP BOTTOM SEAL JOB CARD'!B66) -> 200 | I66: 8 | J66: =25*I66 -> 200 | K66: =+H66-J66 -> 0
A67: 45912 | B67: 7263/4 | C67: {=VLOOKUP(B67,'PP BOTTOM SEAL'!C:N,{3,5,6,4,8},0)} -> ایم ار یس سرگودحا | D67: 09X22 | E67: 5 | F67: PP | G67: 25 | H67: =SUMIFS('PP BOTTOM SEAL'!L:L,'PP BOTTOM SEAL'!C:C,'PP BOTTOM SEAL JOB CARD'!B67) -> 125 | I67: 5 | J67: =25*I67 -> 125 | K67: =+H67-J67 -> 0
A68: 45912 | B68: 7262/3 | C68: {=VLOOKUP(B68,'PP BOTTOM SEAL'!C:N,{3,5,6,4,8},0)} -> خرم پلاسٹک لالہ موسہ | D68: 10X18 | E68: 5 | F68: PP | G68: 50 | H68: =SUMIFS('PP BOTTOM SEAL'!L:L,'PP BOTTOM SEAL'!C:C,'PP BOTTOM SEAL JOB CARD'!B68) -> 675 | I68: 2 | J68: =25*I68 -> 50 | K68: =+H68-J68 -> 625
A69: 45914 | B69: 1116/2 | C69: {=VLOOKUP(B69,'PP BOTTOM SEAL'!C:N,{3,5,6,4,8},0)} -> سٹاک | D69: 11X16 | E69: 5 | F69: PP | G69: 500 | H69: =SUMIFS('PP BOTTOM SEAL'!L:L,'PP BOTTOM SEAL'!C:C,'PP BOTTOM SEAL JOB CARD'!B69) -> 925 | I69: 5 | J69: =25*20 -> 500 | K69: =+H69-J69 -> 425
A70: 45914 | B70: 1022/1 | C70: {=VLOOKUP(B70,'PP BOTTOM SEAL'!C:N,{3,5,6,4,8},0)} -> سٹاک | D70: 10X22 | E70: 5 | F70: PP | G70: 250 | H70: =SUMIFS('PP BOTTOM SEAL'!L:L,'PP BOTTOM SEAL'!C:C,'PP BOTTOM SEAL JOB CARD'!B70) -> 250 | I70: 10 | J70: =25*9+25*1 -> 250 | K70: =+H70-J70 -> 0
A71: 45914 | B71: 7235/5 | C71: {=VLOOKUP(B71,'PP BOTTOM SEAL'!C:N,{3,5,6,4,8},0)} -> رفیق پلاسٹک اوکازہ | D71: 12X18 | E71: 4 | F71: PP | G71: 150 | H71: =SUMIFS('PP BOTTOM SEAL'!L:L,'PP BOTTOM SEAL'!C:C,'PP BOTTOM SEAL JOB CARD'!B71) -> 100 | I71: 4 | J71: =25*4 -> 100 | K71: =+H71-J71 -> 0
A72: 45914 | B72: 7260/1 | C72: {=VLOOKUP(B72,'PP BOTTOM SEAL'!C:N,{3,5,6,4,8},0)} -> احمد ضیاٗ گجراںوالہ | D72: 08X34 | E72: 5 | F72: PP | G72: 300 | H72: =SUMIFS('PP BOTTOM SEAL'!L:L,'PP BOTTOM SEAL'!C:C,'PP BOTTOM SEAL JOB CARD'!B72) -> 300 | I72: =8+4 -> 12 | J72: =25*I72 -> 300 | K72: =+H72-J72 -> 0
A73: 45914 | B73: 1024/1 | C73: {=VLOOKUP(B73,'PP BOTTOM SEAL'!C:N,{3,5,6,4,8},0)} -> سٹاک | D73: 10X24 | E73: 5 | F73: PP | G73: 125 | H73: =SUMIFS('PP BOTTOM SEAL'!L:L,'PP BOTTOM SEAL'!C:C,'PP BOTTOM SEAL JOB CARD'!B73) -> 125 | I73: 5 | J73: =25*I73 -> 125 | K73: =+H73-J73 -> 0
A74: 45914 | B74: 1416/1 | C74: {=VLOOKUP(B74,'PP BOTTOM SEAL'!C:N,{3,5,6,4,8},0)} -> سٹاک | D74: 14X16 | E74: 5 | F74: PP | G74: 500 | H74: =SUMIFS('PP BOTTOM SEAL'!L:L,'PP BOTTOM SEAL'!C:C,'PP BOTTOM SEAL JOB CARD'!B74) -> 500 | I74: =8+12 -> 20 | J74: =25*I74 -> 500 | K74: =+H74-J74 -> 0
A75: 45914 | B75: 7235/2 | C75: {=VLOOKUP(B75,'PP BOTTOM SEAL'!C:N,{3,5,6,4,8},0)} -> رفیق پلاسٹک اوکازہ | D75: 16X30 | E75: 5 | F75: PP | G75: 50 | H75: =SUMIFS('PP BOTTOM SEAL'!L:L,'PP BOTTOM SEAL'!C:C,'PP BOTTOM SEAL JOB CARD'!B75) -> 50 | I75: 2 | J75: =25*I75 -> 50 | K75: =+H75-J75 -> 0
A76: 45914 | B76: 7242/6 | C76: {=VLOOKUP(B76,'PP BOTTOM SEAL'!C:N,{3,5,6,4,8},0)} -> فرحان پلاسٹک اوکاڑہ | D76: 16X30 | E76: 5 | F76: PP | G76: 50 | H76: =SUMIFS('PP BOTTOM SEAL'!L:L,'PP BOTTOM SEAL'!C:C,'PP BOTTOM SEAL JOB CARD'!B76) -> 50 | I76: 2 | J76: =25*I76 -> 50 | K76: =+H76-J76 -> 0
A77: 45914 | B77: 7277/2 | C77: {=VLOOKUP(B77,'PP BOTTOM SEAL'!C:N,{3,5,6,4,8},0)} -> محبوب مقبول گوجرانوالہ | D77: 20X30 | E77: 8 | F77: PP | G77: 375 | H77: =SUMIFS('PP BOTTOM SEAL'!L:L,'PP BOTTOM SEAL'!C:C,'PP BOTTOM SEAL JOB CARD'!B77) -> 372.6 | I77: 15 | J77: =25*14+22.6 -> 372.6 | K77: =+H77-J77 -> 0
A78: 45914 | B78: 7277/1 | C78: {=VLOOKUP(B78,'PP BOTTOM SEAL'!C:N,{3,5,6,4,8},0)} -> محبوب مقبول گوجرانوالہ | D78: 22X36 | E78: 8 | F78: PP | G78: 375 | H78: =SUMIFS('PP BOTTOM SEAL'!L:L,'PP BOTTOM SEAL'!C:C,'PP BOTTOM SEAL JOB CARD'!B78) -> 379.7 | I78: 15 | J78: =25*14+29.7 -> 379.7 | K78: =+H78-J78 -> 0
A79: 45914 | B79: 7223/1 | C79: {=VLOOKUP(B79,'PP BOTTOM SEAL'!C:N,{3,5,6,4,8},0)} -> ریفلیکٹ پیک لاہور | D79: 14X15 | E79: 5-5.5 | F79: PP | G79: 3000 | H79: =SUMIFS('PP BOTTOM SEAL'!L:L,'PP BOTTOM SEAL'!C:C,'PP BOTTOM SEAL JOB CARD'!B79) -> 2975 | I79: =1+21+20+14+16+20+20+7 -> 119 | J79: =25*I79 -> 2975 | K79: =+H79-J79 -> 0
A80: 45914 | B80: 1426/1 | C80: {=VLOOKUP(B80,'PP BOTTOM SEAL'!C:N,{3,5,6,4,8},0)} -> سٹاک | D80: 14X26 | E80: 5 | F80: PP | G80: 250 | H80: =SUMIFS('PP BOTTOM SEAL'!L:L,'PP BOTTOM SEAL'!C:C,'PP BOTTOM SEAL JOB CARD'!B80) -> 100 | I80: 4 | J80: =25*I80 -> 100 | K80: =+H80-J80 -> 0
A81: 45914 | B81: 218/1 | C81: {=VLOOKUP(B81,'PP BOTTOM SEAL'!C:N,{3,5,6,4,8},0)} -> سٹاک | D81: 2X18 | E81: 5.5-6 | F81: PP | G81: 100 | H81: =SUMIFS('PP BOTTOM SEAL'!L:L,'PP BOTTOM SEAL'!C:C,'PP BOTTOM SEAL JOB CARD'!B81) -> 160 | I81: =3+5 -> 8 | J81: =25*I81 -> 200 | K81: =+H81-J81 -> -40
A82: 45914 | B82: 7265/1 | C82: {=VLOOKUP(B82,'PP BOTTOM SEAL'!C:N,{3,5,6,4,8},0)} -> عائشہ ٹریڈرز دادیددز | D82: 23X28 | E82: 5 | F82: PP | G82: 200 | H82: =SUMIFS('PP BOTTOM SEAL'!L:L,'PP BOTTOM SEAL'!C:C,'PP BOTTOM SEAL JOB CARD'!B82) -> 204.9 | I82: 8 | J82: =25*7+29.9 -> 204.9 | K82: =+H82-J82 -> 0
A83: 45914 | B83: 418/1 | C83: {=VLOOKUP(B83,'PP BOTTOM SEAL'!C:N,{3,5,6,4,8},0)} -> سٹاک | D83: 4X18 | E83: 5 | F83: PP | G83: 375 | H83: =SUMIFS('PP BOTTOM SEAL'!L:L,'PP BOTTOM SEAL'!C:C,'PP BOTTOM SEAL JOB CARD'!B83) -> 360 | I83: =15+3 -> 18 | J83: =25*I83 -> 450 | K83: =+H83-J83 -> -90
A84: 45914 | B84: 55/1 | C84: {=VLOOKUP(B84,'PP BOTTOM SEAL'!C:N,{3,5,6,4,8},0)} -> سٹاک | D84: 5X5 | E84: 5 | F84: PP | G84: 500 | H84: =SUMIFS('PP BOTTOM SEAL'!L:L,'PP BOTTOM SEAL'!C:C,'PP BOTTOM SEAL JOB CARD'!B84) -> 550 | I84: 10 | J84: =25*I84 -> 250 | K84: =+H84-J84 -> 300
A85: 45915 | B85: 1218/1 | C85: {=VLOOKUP(B85,'PP BOTTOM SEAL'!C:N,{3,5,6,4,8},0)} -> سٹاک | D85: 12X18 | E85: 5 | F85: PP | G85: 375 | H85: =SUMIFS('PP BOTTOM SEAL'!L:L,'PP BOTTOM SEAL'!C:C,'PP BOTTOM SEAL JOB CARD'!B85) -> 865 | I85: =18+16+11+12 -> 57 | J85: =25*I85 -> 1425 | K85: =+H85-J85 -> -560
A86: 45915 | B86: 916/1 | C86: {=VLOOKUP(B86,'PP BOTTOM SEAL'!C:N,{3,5,6,4,8},0)} -> سٹاک | D86: 9X16 | E86: 5 | F86: PP | G86: 250 | H86: =SUMIFS('PP BOTTOM SEAL'!L:L,'PP BOTTOM SEAL'!C:C,'PP BOTTOM SEAL JOB CARD'!B86) -> 625 | I86: 10 | J86: =25*I86 -> 250 | K86: =+H86-J86 -> 375
A87: 45915 | B87: 7262/6 | C87: {=VLOOKUP(B87,'PP BOTTOM SEAL'!C:N,{3,5,6,4,8},0)} -> خرم پلاسٹک لالہ موسہ | D87: 08X12 | E87: 10 | F87: PP | G87: 50 | H87: =SUMIFS('PP BOTTOM SEAL'!L:L,'PP BOTTOM SEAL'!C:C,'PP BOTTOM SEAL JOB CARD'!B87) -> 54.55 | I87: 2 | J87: =25+29.55 -> 54.55 | K87: =+H87-J87 -> 0
A88: 45915 | B88: 7262/7 | C88: {=VLOOKUP(B88,'PP BOTTOM SEAL'!C:N,{3,5,6,4,8},0)} -> خرم پلاسٹک لالہ موسہ | D88: 12X18 | E88: 10 | F88: PP | G88: 50 | H88: =SUMIFS('PP BOTTOM SEAL'!L:L,'PP BOTTOM SEAL'!C:C,'PP BOTTOM SEAL JOB CARD'!B88) -> 61.3 | I88: 2 | J88: =25+36.3 -> 61.3 | K88: =+H88-J88 -> 0
A89: 45916 | B89: 612/1 | C89: {=VLOOKUP(B89,'PP BOTTOM SEAL'!C:N,{3,5,6,4,8},0)} -> سٹاک | D89: 6X12 | E89: 5 | F89: PP | G89: 250 | H89: =SUMIFS('PP BOTTOM SEAL'!L:L,'PP BOTTOM SEAL'!C:C,'PP BOTTOM SEAL JOB CARD'!B89) -> 300 | I89: 10 | J89: =25*I89 -> 250 | K89: =+H89-J89 -> 50
A90: 45916 | B90: 810/1 | C90: {=VLOOKUP(B90,'PP BOTTOM SEAL'!C:N,{3,5,6,4,8},0)} -> سٹاک | D90: 8X10 | E90: 5 | F90: PP | G90: 500 | H90: =SUMIFS('PP BOTTOM SEAL'!L:L,'PP BOTTOM SEAL'!C:C,'PP BOTTOM SEAL JOB CARD'!B90) -> 500 | I90: =4+10+6 -> 20 | J90: =25*I90 -> 500 | K90: =+H90-J90 -> 0
A91: 45918 | B91: 1622/1 | C91: {=VLOOKUP(B91,'PP BOTTOM SEAL'!C:N,{3,5,6,4,8},0)} -> سٹاک | D91: 16X22 | E91: 5 | F91: PP | G91: 250 | H91: =SUMIFS('PP BOTTOM SEAL'!L:L,'PP BOTTOM SEAL'!C:C,'PP BOTTOM SEAL JOB CARD'!B91) -> 275 | I91: =7+4 -> 11 | J91: =25*I91 -> 275 | K91: =+H91-J91 -> 0
A92: 45918 | B92: 1318/1 | C92: {=VLOOKUP(B92,'PP BOTTOM SEAL'!C:N,{3,5,6,4,8},0)} -> سٹاک | D92: 13X18 | E92: 5 | F92: PP | G92: 250 | H92: =SUMIFS('PP BOTTOM SEAL'!L:L,'PP BOTTOM SEAL'!C:C,'PP BOTTOM SEAL JOB CARD'!B92) -> 250 | I92: 10 | J92: =25*I92 -> 250 | K92: =+H92-J92 -> 0
A93: 45918 | B93: 1020/1 | C93: {=VLOOKUP(B93,'PP BOTTOM SEAL'!C:N,{3,5,6,4,8},0)} -> سٹاک | D93: 10X20 | E93: 5 | F93: PP | G93: 250 | H93: =SUMIFS('PP BOTTOM SEAL'!L:L,'PP BOTTOM SEAL'!C:C,'PP BOTTOM SEAL JOB CARD'!B93) -> 250 | I93: 10 | J93: =25*I93 -> 250 | K93: =+H93-J93 -> 0
A94: 45918 | B94: 7287/1 | C94: {=VLOOKUP(B94,'PP BOTTOM SEAL'!C:N,{3,5,6,4,8},0)} -> بلال جاوید فیصل اباد | D94: 10X14 | E94: 5 | F94: PP | G94: 125 | H94: =SUMIFS('PP BOTTOM SEAL'!L:L,'PP BOTTOM SEAL'!C:C,'PP BOTTOM SEAL JOB CARD'!B94) -> 125 | I94: 5 | J94: =25*I94 -> 125 | K94: =+H94-J94 -> 0
A95: 45918 | B95: 7285/1 | C95: {=VLOOKUP(B95,'PP BOTTOM SEAL'!C:N,{3,5,6,4,8},0)} -> عمران علی بہاولپور | D95: 10X14 | E95: 5 | F95: PP | G95: 50 | H95: =SUMIFS('PP BOTTOM SEAL'!L:L,'PP BOTTOM SEAL'!C:C,'PP BOTTOM SEAL JOB CARD'!B95) -> 50 | I95: 2 | J95: =25*I95 -> 50 | K95: =+H95-J95 -> 0
A96: 45918 | B96: 7276/2 | C96: {=VLOOKUP(B96,'PP BOTTOM SEAL'!C:N,{3,5,6,4,8},0)} -> محبوب مقبول گوجرانوالہ | D96: 02.50X08 | E96: 5 | F96: PP | G96: 100 | H96: =SUMIFS('PP BOTTOM SEAL'!L:L,'PP BOTTOM SEAL'!C:C,'PP BOTTOM SEAL JOB CARD'!B96) -> 100 | I96: 5 | J96: 100 | K96: =+H96-J96 -> 0
A97: 45918 | B97: 918/1 | C97: {=VLOOKUP(B97,'PP BOTTOM SEAL'!C:N,{3,5,6,4,8},0)} -> سٹاک | D97: 9X18 | E97: 5 | F97: PP | G97: 500 | H97: =SUMIFS('PP BOTTOM SEAL'!L:L,'PP BOTTOM SEAL'!C:C,'PP BOTTOM SEAL JOB CARD'!B97) -> 500 | I97: =2+16+2 -> 20 | J97: =25*I97 -> 500 | K97: =+H97-J97 -> 0
A98: 45918 | B98: 7286/3 | C98: {=VLOOKUP(B98,'PP BOTTOM SEAL'!C:N,{3,5,6,4,8},0)} -> بلال جاوید فیصل اباد | D98: 04X05 | E98: 5 | F98: PP | G98: 100 | H98: =SUMIFS('PP BOTTOM SEAL'!L:L,'PP BOTTOM SEAL'!C:C,'PP BOTTOM SEAL JOB CARD'!B98) -> 80 | I98: 4 | J98: 80 | K98: =+H98-J98 -> 0
A99: 45918 | B99: 45/1 | C99: {=VLOOKUP(B99,'PP BOTTOM SEAL'!C:N,{3,5,6,4,8},0)} -> سٹاک | D99: 4X5 | E99: 5 | F99: PP | G99: 500 | H99: =SUMIFS('PP BOTTOM SEAL'!L:L,'PP BOTTOM SEAL'!C:C,'PP BOTTOM SEAL JOB CARD'!B99) -> 400 | I99: =3+1+15+1 -> 20 | J99: =20*I99 -> 400 | K99: =+H99-J99 -> 0
A100: 45918 | B100: 7286/6 | C100: {=VLOOKUP(B100,'PP BOTTOM SEAL'!C:N,{3,5,6,4,8},0)} -> بلال جاوید فیصل اباد | D100: 06X08.50 | E100: 5 | F100: PP | G100: 50 | H100: =SUMIFS('PP BOTTOM SEAL'!L:L,'PP BOTTOM SEAL'!C:C,'PP BOTTOM SEAL JOB CARD'!B100) -> 50 | I100: 2 | J100: =25*I100 -> 50 | K100: =+H100-J100 -> 0
...

Sheet LD DISPATCH
A1: SO | B1: DATE | C1: JOB NAME | D1: MTRL | E1: SIZE | F1: GUAGE | G1: QUALITY | H1: ORDER WEIGHT | I1: SECTION | J1: TRF # | K1: NO OF ROLLS | L1: G. WEIGHT | M1: CORE WEIGHT | N1: NET WEIGHT | O1: Column15
A2: LDM | B2: 45678 | C2: جیلانی پولی سٹاک | D2: LDM | E2: 5 | F2: 9 | G2: - | H2: - | I2: SALE | J2: 932 | K2: 8 | L2: 215 | M2: 5.6 | N2: 209.4
A3: LDN | B3: 45678 | C3: جیلانی پولی سٹاک | D3: LDN | E3: 7 | F3: 14 | G3: - | H3: - | I3: SALE | J3: 933 | K3: 14 | L3: 496.63 | M3: 11.2 | N3: 485.43
A4: LDN | B4: 45678 | C4: جیلانی پولی سٹاک | D4: LDN | E4: 20 | F4: 18 | G4: - | H4: - | I4: SALE | J4: 933 | K4: 3 | L4: 222.6 | M4: 8.7 | N4: 213.9
A5: 17725/1 | B5: 45695 | C5: جیلانی پولی سٹاک | D5: LDN | E5: 30 | F5: 9 | G5: - | H5: - | I5: SALE | J5: 1090 | K5: 20 | L5: 505.6 | M5: 32 | N5: 473.6
A6: LD | B6: 45695 | C6: جیلانی پولی سٹاک | D6: LD | E6: 8 | F6: 12 | I6: SALE | J6: 1092 | K6: 5 | L6: 134.6 | M6: 4.5 | N6: 130.1
A7: LD | B7: 45695 | C7: جیلانی پولی سٹاک | D7: LD | E7: 9 | F7: 12 | I7: SALE | J7: 1092 | K7: 3 | L7: 136.4 | M7: 3.3 | N7: 133.1
A8: LD | B8: 45695 | C8: جیلانی پولی سٹاک | D8: LD | E8: 8 | F8: 10 | I8: SALE | J8: 1092 | K8: 4 | L8: 106.5 | M8: 4 | N8: 102.5
A9: 5313/1 | B9: 45703 | C9: جیلانی پولی سٹاک | D9: LDN | E9: 36 | F9: 8 | G9: SUPER JILANI | I9: SALE | J9: 976 | K9: 8 | L9: 211.8 | M9: 17.6 | N9: 194.2
A10: LDN | B10: 45707 | C10: جیلانی پولی سٹاک | D10: LDN | E10: 9X13 | F10: 18 | I10: SALE | J10: 979 | K10: 14 | L10: 502.6 | N10: 502.6
A11: LDN | B11: 45707 | C11: جیلانی پولی سٹاک | D11: LDN | E11: 12X18 | F11: 14 | I11: SALE | J11: 979 | K11: 9 | L11: 428.21 | N11: 428.21
A12: LDN | B12: 45707 | C12: جیلانی پولی سٹاک | D12: LDN | E12: 39X62 | F12: 35-36 | I12: SALE | J12: 980 | K12: 3 | L12: 224.6 | N12: 224.6
A13: LDN | B13: 45707 | C13: جیلانی پولی سٹاک | D13: LDN | E13: 7X11 | I13: SALE | J13: 980 | K13: 3 | L13: 110.1 | N13: 110.1
A14: LD BLUE | B14: 45717 | C14: جیلانی پولی سٹاک | D14: LDN | E14: 40 | F14: 10 | I14: SALE | J14: 1144 | K14: 24 | L14: 573.46 | N14: 573.46
A15: LD | B15: 45717 | C15: جیلانی پولی سٹاک | D15: LDN | E15: 20 | F15: 18 | I15: SALE | J15: 1145 | K15: 1 | L15: 115.8 | N15: 115.8
A16: LD | B16: 45717 | C16: جیلانی پولی سٹاک | D16: LDN | E16: 7 | F16: 18 | I16: SALE | J16: 1145 | K16: 1 | L16: 20.5 | N16: 20.5
A17: LD | B17: 45717 | C17: جیلانی پولی سٹاک | D17: LDN | E17: 28 | F17: 4 | I17: SALE | J17: 1145 | K17: 8 | L17: 232.4 | N17: 232.4
A18: 1660/1 | B18: 45722 | C18: جیلانی پولی سٹاک | D18: LDN | E18: 24 | F18: 7.75-7.75 | I18: SALE | J18: 1024 | K18: 7 | L18: 390.6 | N18: 390.6
B19: 45758 | C19: جیلانی پولی سٹاک | D19: LDN | E19: 30 | F19: 10 | I19: SALE | J19: 1158 | K19: 7 | L19: 542.8 | N19: 542.8
B20: 45758 | C20: جیلانی پولی سٹاک | D20: LDN | E20: 9 | F20: 18 | I20: SALE | J20: 1160 | K20: 3 | L20: 130.4 | N20: 130.4
B21: 45758 | C21: جیلانی پولی سٹاک | D21: LDN | E21: 7 | F21: 18 | I21: SALE | J21: 1161 | K21: 11 | L21: 479.8 | N21: 479.8
B22: 45763 | C22: جیلانی پولی سٹاک | D22: LDN | E22: 5 | F22: 18 | I22: SALE | J22: 1174 | K22: 4 | L22: 127.2 | N22: 127.2
B23: 45763 | C23: جیلانی پولی سٹاک | D23: LDN | E23: 6 | F23: 18 | I23: SALE | J23: 1174 | K23: 2 | L23: 68.8 | N23: 68.8
B24: 45766 | C24: جیلانی پولی سٹاک | D24: LDN | I24: SALE | J24: 1214 | K24: 28 | L24: 1135 | N24: 1135
B25: 45768 | C25: جیلانی پولی سٹاک | D25: LDN | I25: SALE | J25: 1215 | K25: 28 | L25: 1135 | N25: 1135
B26: 45769 | C26: جیلانی پولی سٹاک | D26: LDM | E26: 18 | F26: 6 | I26: SALE | J26: 1226 | K26: 20 | L26: 347.79 | N26: 347.79
B27: 45769 | C27: جیلانی پولی سٹاک | D27: LDM | E27: 12 | F27: 5.6 | I27: SALE | J27: 1227 | K27: 7 | L27: 174.25 | N27: 174.25
B28: 45769 | C28: جیلانی پولی سٹاک | D28: LDM | E28: 18 | F28: 14 | I28: SALE | J28: 1228 | K28: 2 | L28: 154.8 | N28: 154.8
B29: 45769 | C29: جیلانی پولی سٹاک | D29: LDM | E29: 14 | F29: 12 | I29: SALE | J29: 1228 | K29: 2 | L29: 71.85 | N29: 71.85
B30: 45769 | C30: جیلانی پولی سٹاک | D30: LDM | E30: 19 | F30: 6.5 | I30: SALE | J30: 1228 | K30: 2 | L30: 66.5 | N30: 66.5
B31: 45769 | C31: جیلانی پولی سٹاک | D31: LDM | E31: 10 | F31: 6 | I31: SALE | J31: 1228 | K31: 1 | L31: 29.7 | N31: 29.7
B32: 45769 | C32: جیلانی پولی سٹاک | D32: LDM | E32: 36 | F32: 6 | I32: SALE | J32: 1228 | K32: 2 | L32: 41.06 | N32: 41.06
B33: 45769 | C33: جیلانی پولی سٹاک | D33: LDM | E33: 12 | F33: 6 | I33: SALE | J33: 1228 | K33: 1 | L33: 2.5 | N33: 2.5
B34: 45769 | C34: جیلانی پولی سٹاک | D34: LDM | E34: 5 | F34: 5.5-6 | I34: SALE | J34: 1229 | K34: 1 | L34: 36.3 | N34: 36.3
B35: 45769 | C35: جیلانی پولی سٹاک | D35: LDN | E35: 6 | I35: SALE | J35: 1238 | K35: 2 | L35: 38.68 | N35: 38.68
B36: 45769 | C36: جیلانی پولی سٹاک | D36: LDN | E36: 10 | I36: SALE | J36: 1238 | K36: 3 | L36: 106.8 | N36: 106.8
B37: 45769 | C37: جیلانی پولی سٹاک | D37: LDN | E37: 18 | I37: SALE | J37: 1238 | K37: 7 | L37: 319.21 | N37: 319.21
B38: 45769 | C38: جیلانی پولی سٹاک | D38: LDN | E38: 26 | I38: SALE | J38: 1238 | K38: 5 | L38: 173.17 | N38: 173.17
B39: 45769 | C39: جیلانی پولی سٹاک | D39: LDN | E39: 30 | I39: SALE | J39: 1238 | K39: 3 | L39: 216.23 | N39: 216.23
B40: 45769 | C40: جیلانی پولی سٹاک | D40: LDN | E40: 22 | I40: SALE | J40: 1238 | K40: 5 | L40: 124.14 | N40: 124.14
B41: 45769 | C41: جیلانی پولی سٹاک | D41: LDN | E41: 14 | I41: SALE | J41: 1239 | K41: 7 | L41: 125.56 | N41: 125.56
B42: 45769 | C42: جیلانی پولی سٹاک | D42: LDN | E42: 32 | I42: SALE | J42: 1239 | K42: 1 | L42: 108.5 | N42: 108.5
B43: 45769 | C43: جیلانی پولی سٹاک | D43: LDN | E43: 8 | I43: SALE | J43: 1239 | K43: 2 | L43: 49.95 | N43: 49.95
B44: 45769 | C44: جیلانی پولی سٹاک | D44: LDN | E44: 42 | I44: SALE | J44: 1239 | K44: 1 | L44: 23.3 | N44: 23.3
B45: 45769 | C45: جیلانی پولی سٹاک | D45: LDN | E45: 47 | I45: SALE | J45: 1239 | K45: 1 | L45: 49.6 | N45: 49.6
B46: 45769 | C46: جیلانی پولی سٹاک | D46: LDN | E46: 24 | I46: SALE | J46: 1239 | K46: 2 | L46: 51.2 | N46: 51.2
... B69: 45770 | C69: جیلانی پولی سٹاک | D69: LDN | E69: 5 | I69: SALE | J69: 1245 | K69: 3 | L69: 65.3 | N69: 65.3
B70: 45773 | C70: جیلانی پولی سٹاک | D70: LDM | E70: 6 | F70: 12 | I70: SALE | K70: 4 | L70: 99.8 | N70: 99.8
B71: 45773 | C71: جیلانی پولی سٹاک | D71: LDM | E71: 5 | F71: 12 | I71: SALE | J71: 826 | K71: 4 | L71: 103 | N71: 103
B72: 45773 | C72: جیلانی پولی سٹاک | D72: LDM | E72: 9 | F72: 12 | I72: SALE | J72: 827 | K72: 4 | L72: 110.6 | N72: 110.6
B73: 45773 | C73: جیلانی پولی سٹاک | D73: LDM | E73: 8 | F73: 12 | I73: SALE | J73: 829 | K73: 4 | L73: 109.8 | N73: 109.8
B74: 45773 | C74: جیلانی پولی سٹاک | D74: LDM | E74: 7 | F74: 12 | I74: SALE | J74: 830 | K74: 4 | L74: 118.3 | N74: 118.3
B75: 45773 | C75: جیلانی پولی سٹاک | D75: LDM | E75: 10 | F75: 12 | I75: SALE | J75: 831 | K75: 2 | L75: 55.4 | N75: 55.4
B76: 45776 | C76: جیلانی پولی سٹاک | D76: LDN | E76: 30 | I76: SALE | J76: 840 | K76: 2 | L76: 193.4 | N76: 193.4
B77: 45776 | C77: جیلانی پولی سٹاک | D77: LDN | E77: 26 | I77: SALE | J77: 840 | K77: 1 | L77: 97.8 | N77: 97.8
B78: 45776 | C78: جیلانی پولی سٹاک | D78: LDN | E78: 15 | I78: SALE | J78: 840 | K78: 2 | L78: 89.43 | N78: 89.43
B79: 45776 | C79: جیلانی پولی سٹاک | D79: LDN | E79: 18 | I79: SALE | J79: 840 | K79: 3 | L79: 98.78 | N79: 98.78
B80: 45776 | C80: جیلانی پولی سٹاک | D80: LDN | E80: 16 | I80: SALE | J80: 840 | K80: 8 | L80: 165.48 | N80: 165.48
B81: 45776 | C81: جیلانی پولی سٹاک | D81: LDN | E81: 25 | I81: SALE | J81: 840 | K81: 1 | L81: 26.4 | N81: 26.4
B82: 45776 | C82: جیلانی پولی سٹاک | D82: LDN | E82: 19 | I82: SALE | J82: 841 | K82: 2 | L82: 55.08 | N82: 55.08
B83: 45776 | C83: جیلانی پولی سٹاک | D83: LDN | E83: 35 | I83: SALE | J83: 841 | K83: 2 | L83: 61.2 | N83: 61.2
B84: 45776 | C84: جیلانی پولی سٹاک | D84: LDN | E84: 22 | I84: SALE | J84: 841 | K84: 1 | L84: 31.5 | N84: 31.5
B85: 45776 | C85: جیلانی پولی سٹاک | D85: LDN | E85: 17 | I85: SALE | J85: 841 | K85: 1 | L85: 25.9 | N85: 25.9
B86: 45776 | C86: جیلانی پولی سٹاک | D86: LDN | E86: 24 | I86: SALE | J86: 841 | K86: 1 | L86: 7.1 | N86: 7.1
B87: 45776 | C87: جیلانی پولی سٹاک | D87: LDN | E87: 9 | I87: SALE | J87: 841 | K87: 4 | L87: 120.7 | N87: 120.7
... B94: 45776 | C94: جیلانی پولی سٹاک | D94: LDN | E94: 3 | I94: SALE | J94: 842 | K94: 1 | L94: 25.8 | N94: 25.8
B95: 45777 | C95: جیلانی پولی سٹاک | D95: LDN | E95: 10 | F95: 12 | I95: SALE | J95: 1303 | K95: 3 | L95: 104.2 | N95: 104.2
B96: 45792 | C96: جیلانی پولی سٹاک | D96: LDM | E96: 5 | F96: 18 | I96: SALE | J96: 1263 | K96: 7 | L96: 166.5 | N96: 166.5
B97: 45792 | C97: جیلانی پولی سٹاک | D97: LDN | E97: 12 | F97: 14 | I97: SALE | J97: 1263 | K97: 3 | L97: 87.9 | N97: 87.9
B98: 45792 | C98: جیلانی پولی سٹاک | D98: LDN | E98: 8 | F98: 14 | I98: SALE | J98: 1263 | K98: 2 | L98: 57.6 | N98: 57.6
A99: MIX SIZE | B99: 45805 | C99: جیلانی پولی سٹاک | D99: LDN | I99: SALE | J99: 1454 | K99: 36 | L99: 1296 | M99: 88 | N99: 1208
B100: 45825 | C100: جیلانی پولی سٹاک | D100: LDN | E100: 12 | F100: 18 | I100: SALE | J100: 1587 | K100: 4 | L100: 118.4 | M100: 6 | N100: 112.4
B101: 45825 | C101: جیلانی پولی سٹاک | D101: LDN | E101: 7 | F101: 14 | I101: SALE | J101: 1587 | K101: 5 | L101: 156.4 | M101: 1 | N101: 155.4
B102: 45825 | C102: جیلانی پولی سٹاک | D102: LDB | E102: 34 | F102: 16 | I102: PT-01 | J102: 8352 | K102: 18 | L102: 2035 | N102: 2035
B103: 45826 | C103: جیلانی پولی سٹاک | D103: LDN | E103: 23 | F103: 70 G | I103: PT-01 | J103: 8354 | K103: 38 | L103: 4000 | N103: 4000
B104: 45841 | C104: JILANI PLASTIC | D104: LDN | E104: 15 | I104: SALE | J104: 1637 | K104: 58 | L104: 1315 | M104: 98.6 | N104: 1216.4
B105: 45841 | C105: JILANI PLASTIC | D105: LDN | E105: 36 | I105: SALE | J105: 1638 | K105: 36 | L105: 1400 | M105: 68.4 | N105: 1331.6
B106: 45846 | C106: HEAD OFFICE | D106: LDN | E106: 24 | F106: 70 | I106: SALE | J106: 1662 | K106: 10 | L106: 256.2 | M106: 3 | N106: 253.2
B107: 45854 | C107: جیلانی پولی سٹاک | D107: LDN | E107: 23 | F107: 70 G | I107: PT-01 | J107: 8366 | K107: 46 | L107: 5000 | N107: 5000
B108: 45854 | C108: جیلانی پولی سٹاک | D108: LDN | E108: 29 | F108: 88 G | I108: PT-01 | J108: 8366 | K108: 17 | L108: 2200 | N108: 2200
B109: 45854 | C109: جیلانی پولی سٹاک | D109: LDN | E109: 24 | F109: 18 | I109: PT-01 | J109: 8366 | K109: 62 | L109: 7800 | N109: 7800
A110: 19528/1 | B110: 45854 | C110: JILANI PLASTIC | D110: LDB | E110: 24 | F110: 8 | I110: SALE | J110: 1907 | K110: 8 | L110: 499.6 | N110: 499.6
A111: 8263 | B111: 45892 | C111: BREZE FORST | D111: LDN | E111: 24 | F111: 6 | I111: SALE | J111: 2188 | K111: 10 | L111: 187.2 | N111: 187.2
A112: 8263 | B112: 45892 | C112: BREZE FORST | D112: LDN | E112: 30 | F112: 6 | I112: SALE | J112: 2189 | K112: 18 | L112: 351.6 | N112: 351.6
B113: 45894 | C113: JLIANI PLASTIC | D113: LDN | E113: 7 | F113: 18 | G113: SL | I113: SALE | J113: 2206 | K113: 1 | L113: 37.15 | N113: 37.15
B114: 45894 | C114: JLIANI PLASTIC | D114: LDN | E114: 8 | F114: 14 | G114: SL | I114: SALE | J114: 2206 | K114: 3 | L114: 99.85 | N114: 99.85
B115: 45894 | C115: JLIANI PLASTIC | D115: LDM | E115: 5 | F115: 18 | G115: SL | I115: SALE | J115: 2206 | K115: 2 | L115: 50.84 | N115: 50.84
B116: 45882 | C116: PT-01 | D116: CHAINA RED GUTKA | E116: 6 | F116: 70 | G116: GUTKA | I116: PT-01 | J116: 8380 | K116: 10 | L116: 301.1 | N116: 301.1
B117: 45882 | C117: PT-01 | D117: CHAINA RED GUTKA | E117: 5 | F117: 80 | G117: GUTKA | I117: PT-01 | J117: 8380 | K117: 15 | L117: 398.5 | N117: 398.5
B118: 45882 | C118: PT-01 | D118: CHAINA RED GUTKA | E118: 10 | F118: 70 | G118: GUTKA | I118: PT-01 | J118: 8380 | K118: 10 | L118: 256 | N118: 256
B119: 45882 | C119: PT-01 | D119: CHAINA RED GUTKA | E119: 12 | F119: 70 | G119: GUTKA | I119: PT-01 | J119: 8380 | K119: 10 | L119: 264 | N119: 264
B120: 45882 | C120: PT-01 | D120: CHAINA RED GUTKA | E120: 12 | F120: 80 | G120: GUTKA | I120: PT-01 | J120: 8380 | K120: 5 | L120: 133.6 | N120: 133.6
B121: 45881 | C121: PT-01 | D121: LDN | E121: 4 | F121: - | I121: PT-01 | J121: 8379 | K121: 41 | L121: 364.78 | N121: 364.78
A122: 5 J | B122: 45658 | C122: سمارٹ کیش اینڈ کیری نور کوٹ | D122: LDN | E122: 7 | F122: 14-15 | G122: پیور | H122: 100 | I122: PRINTING | J122: 1 | K122: 2 | L122: 108.2 | M122: 2 | N122: 106.2
A123: 4 J | B123: 45658 | C123: سمارٹ کیش اینڈ کیری نور کوٹ | D123: LDN | E123: 6 | F123: 14-15 | G123: پیور | H123: 100 | I123: PRINTING | J123: 1 | K123: 3 | L123: 106 | M123: 2.5 | N123: 103.5
A124: 855 F | B124: 45658 | C124: عثمان امین | D124: LDN | E124: 19 | F124: 8 | G124: پیور | H124: 340 | I124: PRINTING | J124: 1 | K124: 5 | L124: 361.2 | M124: 12 | N124: 349.2
A125: 86 F | B125: 45658 | C125: عثمان امین | D125: LDN | E125: 30 | F125: 8-8.5 | G125: - | H125: 160 | I125: PRINTING | J125: 1 | K125: 5 | L125: 224 | M125: 10 | N125: 214
A126: 854 F | B126: 45658 | C126: عثمان امین | D126: LDN | E126: 19 | F126: 12 | G126: پیور | H126: 190 | I126: PRINTING | J126: 2 | K126: 2 | L126: 164.8 | M126: 4.4 | N126: 160.4
A127: 862 F | B127: 45658 | C127: عثمان امین | D127: LDN | E127: 15 | F127: 7-7.5 | G127: جیلانی شیٹ | H127: 60 | I127: PRINTING | J127: 2 | K127: 1 | L127: 52.2 | M127: 1.8 | N127: 50.4
A128: 41 J | B128: 45658 | C128: مغل پلاسٹک سٹور لیہ | D128: LDM | E128: 12+3+3 | F128: 8-8.5/16-17 | G128: ABA پیور | H128: 110 | I128: PRINTING | J128: 2 | K128: 3 | L128: 123.4 | M128: 3.9 | N128: 119.5
...

Sheet Sheet2
A1: DATE | B1: SO | C1: PARTY NAME | D1: SIZE | E1: GUAGE | F1: QUALITY | G1: ORDER WT | H1: PAPER PRO | I1: LD DISPATCH | J1: ROLL | K1: CARD PRO | L1: CORE WT | N1: DIFF
A2: 45933 | B2: 4597 J | C2: {=VLOOKUP(B2,'LD PRD'!C:R,{3,5,6,4,8},0)} -> Atlas Honda LTD (SKP) | D2: 8 | E2: 8.5-9 | F2: LDN | G2: 250 | H2: =SUMIFS('LD PRD'!M:M,'LD PRD'!C:C,B2) -> 258.6 | I2: =SUMIFS('LD DISPATCH'!L:L,'LD DISPATCH'!A:A,B2) -> 251.9 | J2: 7 | K2: =41.5+39.5+34+34.7+39.6+38.5+30.8 -> 258.6 | M2: =+K2-L2 -> 258.6 | N2: =+I2-M2 -> -6.7
A3: 45933 | B3: 2215 F | C3: {=VLOOKUP(B3,'LD PRD'!C:R,{3,5,6,4,8},0)} -> Usman Amin | D3: 11 | E3: 12 | F3: LDN | G3: 550 | H3: =SUMIFS('LD PRD'!M:M,'LD PRD'!C:C,B3) -> 517.74 | I3: =SUMIFS('LD DISPATCH'!L:L,'LD DISPATCH'!A:A,B3) -> 506.74 | J3: 8 | K3: =72.6+86.7+53.1+76.4+70.92+70.6+64.62+23.4 -> 518.34 | M3: =+K3-L3 -> 518.34 | N3: =+I3-M3 -> -11.6
A4: 45933 | B4: 2255 F | C4: {=VLOOKUP(B4,'LD PRD'!C:R,{3,5,6,4,8},0)} -> Usman Amin | D4: 11 | E4: 7-7.5 | F4: LDN | G4: 25 | H4: =SUMIFS('LD PRD'!M:M,'LD PRD'!C:C,B4) -> 73.4 | I4: =SUMIFS('LD DISPATCH'!L:L,'LD DISPATCH'!A:A,B4) -> 34.22 | J4: 1 | K4: 35.62 | L4: 1.6 | M4: =+K4-L4 -> 34.02 | N4: =+I4-M4 -> 0.2 | O4: COMPLETE STATUS N
A5: 45933 | B5: 4592 J | C5: {=VLOOKUP(B5,'LD PRD'!C:R,{3,5,6,4,8},0)} -> Berger Paint Lahore | D5: 18 | E5: - | F5: LD پیلا | G5: 2000 | H5: =SUMIFS('LD PRD'!M:M,'LD PRD'!C:C,B5) -> 2161.7 | I5: =SUMIFS('LD DISPATCH'!L:L,'LD DISPATCH'!A:A,B5) -> 2127 | J5: 16 | K5: =133.4+119.4+101.4+134.6+111.6+108.8+107.6+130.8+141.8+178+166.6+151+182.2+142.4+170.2+82.4 -> 2162.2 | L5: =2.2*16 -> 35.2 | M5: =+K5-L5 -> 2127 | N5: =+I5-M5 -> 0
A6: 45933 | B6: 4653 J | C6: {=VLOOKUP(B6,'LD PRD'!C:R,{3,5,6,4,8},0)} -> RMC PACK | D6: 12+3+3 | E6: 7.5 | F6: LD پیلا | G6: 300 | H6: =SUMIFS('LD PRD'!M:M,'LD PRD'!C:C,B6) -> 311.5 | I6: =SUMIFS('LD DISPATCH'!L:L,'LD DISPATCH'!A:A,B6) -> 296.6 | J6: 11 | K6: =31.6+27.8+29.2+27.8+29+29.4+25.4+30.8+23.4+27.2 -> 281.6 | L6: =1.4*11 -> 15.4 | M6: =+K6-L6 -> 266.2 | N6: =+I6-M6 -> 30.4 | O6: COMPLETE STATUS N
A7: 45933 | B7: 4574 J | C7: {=VLOOKUP(B7,'LD PRD'!C:R,{3,5,6,4,8},0)} -> Allied Impex Sialkot | D7: 17.5 | E7: 8.5-9 | F7: LDN | G7: 100 | H7: =SUMIFS('LD PRD'!M:M,'LD PRD'!C:C,B7) -> 108.6 | I7: =SUMIFS('LD DISPATCH'!L:L,'LD DISPATCH'!A:A,B7) -> 104.7 | J7: 2 | K7: =66+42.6 -> 108.6 | L7: =1.9+2 -> 3.9 | M7: =+K7-L7 -> 104.7 | N7: =+I7-M7 -> 0
A8: 45933 | B8: 4601 J | C8: {=VLOOKUP(B8,'LD PRD'!C:R,{3,5,6,4,8},0)} -> Atlas Honda LTD (SKP) | D8: 19 | E8: 8.5-9 | F8: LDN | G8: 280 | H8: =SUMIFS('LD PRD'!M:M,'LD PRD'!C:C,B8) -> 151.4 | I8: =SUMIFS('LD DISPATCH'!L:L,'LD DISPATCH'!A:A,B8) -> 297 | J8: 4 | K8: =67.2+87+92.2+59.2 -> 305.6 | L8: =1.4+2.4+2.4 -> 6.2 | M8: =+K8-L8 -> 299.4 | N8: =+I8-M8 -> -2.4
A9: 45933 | B9: 4603 J | C9: {=VLOOKUP(B9,'LD PRD'!C:R,{3,5,6,4,8},0)} -> Atlas Honda LTD (SKP) | D9: 21 | E9: 14-14.5 | F9: LDN | G9: 80 | H9: =SUMIFS('LD PRD'!M:M,'LD PRD'!C:C,B9) -> 106.4 | I9: =SUMIFS('LD DISPATCH'!L:L,'LD DISPATCH'!A:A,B9) -> 101.9 | J9: 2 | K9: =60.2+46.2 -> 106.4 | L9: =2.5+2 -> 4.5 | M9: =+K9-L9 -> 101.9 | N9: =+I9-M9 -> 0
A10: 45936 | B10: 4680 J | C10: {=VLOOKUP(B10,'LD PRD'!C:R,{3,5,6,4,8},0)} -> Liaqat Landa Bazar Lahore | D10: 23 | E10: 9-9.5 | F10: LDN | G10: 50 | H10: =SUMIFS('LD PRD'!M:M,'LD PRD'!C:C,B10) -> 59.4 | I10: =SUMIFS('LD DISPATCH'!L:L,'LD DISPATCH'!A:A,B10) -> 56.8 | J10: 1 | K10: 59.4 | L10: 2.6 | M10: =+K10-L10 -> 56.8 | N10: =+I10-M10 -> 0
A11: 45936 | B11: 4379 J | C11: {=VLOOKUP(B11,'LD PRD'!C:R,{3,5,6,4,8},0)} -> #N/A | H11: =SUMIFS('LD PRD'!M:M,'LD PRD'!C:C,B11) -> 0 | I11: =SUMIFS('LD DISPATCH'!L:L,'LD DISPATCH'!A:A,B11) -> 0 | J11: 1 | K11: 65.4 | L11: 2.6 | M11: =+K11-L11 -> 62.8 | N11: =+I11-M11 -> -62.8
A12: 45936 | B12: 4681 J | C12: {=VLOOKUP(B12,'LD PRD'!C:R,{3,5,6,4,8},0)} -> Liaqat Landa Bazar Lahore | D12: 25 | E12: 9-9.5 | F12: LDN | G12: 50 | H12: =SUMIFS('LD PRD'!M:M,'LD PRD'!C:C,B12) -> 55.8 | I12: =SUMIFS('LD DISPATCH'!L:L,'LD DISPATCH'!A:A,B12) -> 53.2 | J12: 1 | K12: 55.8 | L12: 2.6 | M12: =+K12-L12 -> 53.2 | N12: =+I12-M12 -> 0
A13: 45936 | B13: 2262 F | C13: {=VLOOKUP(B13,'LD PRD'!C:R,{3,5,6,4,8},0)} -> Usman Amin | D13: 24 | E13: 5-5.5 | F13: LDN | G13: 36 | H13: =SUMIFS('LD PRD'!M:M,'LD PRD'!C:C,B13) -> 82.4 | I13: =SUMIFS('LD DISPATCH'!L:L,'LD DISPATCH'!A:A,B13) -> 79 | J13: 1 | K13: 82.4 | L13: 3.4 | M13: =+K13-L13 -> 79 | N13: =+I13-M13 -> 0
A14: 45936 | B14: 4582 J | C14: {=VLOOKUP(B14,'LD PRD'!C:R,{3,5,6,4,8},0)} -> Usman Arif Butt Gujranwala | D14: 20 | E14: 6.5-7 | F14: LDN | G14: 150 | H14: =SUMIFS('LD PRD'!M:M,'LD PRD'!C:C,B14) -> 168.6 | I14: =SUMIFS('LD DISPATCH'!L:L,'LD DISPATCH'!A:A,B14) -> 161.2 | J14: 3 | K14: =54.2+58.8+55.6 -> 168.6 | L14: =2.4+5 -> 7.4 | M14: =+K14-L14 -> 161.2 | N14: =+I14-M14 -> 0
A15: 45936 | B15: 2265 F | C15: {=VLOOKUP(B15,'LD PRD'!C:R,{3,5,6,4,8},0)} -> Usman Amin | D15: 36 | E15: 3-3.25/6-6.5 | F15: LDN | G15: 350 | H15: =SUMIFS('LD PRD'!M:M,'LD PRD'!C:C,B15) -> 793.2 | I15: =SUMIFS('LD DISPATCH'!L:L,'LD DISPATCH'!A:A,B15) -> 429.6 | J15: 4 | K15: =95+98+101.6+102 -> 396.6 | L15: =4.6*4 -> 18.4 | M15: =+K15-L15 -> 378.2 | N15: =+I15-M15 -> 51.4
A16: 45936 | B16: 2266 F | C16: {=VLOOKUP(B16,'LD PRD'!C:R,{3,5,6,4,8},0)} -> Usman Amin | D16: 30 | E16: 3-3.25/6-6.5 | F16: LDN | G16: 100 | H16: =SUMIFS('LD PRD'!M:M,'LD PRD'!C:C,B16) -> 123 | I16: =SUMIFS('LD DISPATCH'!L:L,'LD DISPATCH'!A:A,B16) -> 115.8 | J16: 2 | K16: =61.6+61.4 -> 123 | L16: =3.6*2 -> 7.2 | M16: =+K16-L16 -> 115.8 | N16: =+I16-M16 -> 0
A17: 45936 | B17: 2191 F | C17: {=VLOOKUP(B17,'LD PRD'!C:R,{3,5,6,4,8},0)} -> Usman Amin | D17: 36 SHEET | E17: 3-3.25/6-6.5 | F17: LDN | G17: 275 | H17: =SUMIFS('LD PRD'!M:M,'LD PRD'!C:C,B17) -> 293.6 | I17: =SUMIFS('LD DISPATCH'!L:L,'LD DISPATCH'!A:A,B17) -> 489.2 | J17: 4 | K17: =69.4+63.4+73.6+77.4 -> 283.8 | L17: =4.6*4 -> 18.4 | M17: =+K17-L17 -> 265.4 | N17: =+I17-M17 -> 223.8
A18: 45936 | B18: 4617 J | C18: {=VLOOKUP(B18,'LD PRD'!C:R,{3,5,6,4,8},0)} -> #N/A | H18: =SUMIFS('LD PRD'!M:M,'LD PRD'!C:C,B18) -> 0 | I18: =SUMIFS('LD DISPATCH'!L:L,'LD DISPATCH'!A:A,B18) -> 0 | J18: 18 | K18: =42.45+56.46+58.62+65.02+62.51+60.29+59.13+56.03+36.93+57.73+45.63+44.9+55.88+67.51+73.26+61.1+64.02+53.31 -> 1020.78 | L18: =1.8*J18 -> 32.4 | M18: =+K18-L18 -> 988.38 | N18: =+I18-M18 -> -988.38
A19: 45937 | B19: 4654 J | C19: {=VLOOKUP(B19,'LD PRD'!C:R,{3,5,6,4,8},0)} -> RMC PACK | D19: 14+4+4 | E19: 7.5 | F19: LD پیلا | G19: 300 | H19: =SUMIFS('LD PRD'!M:M,'LD PRD'!C:C,B19) -> 307.8 | I19: =SUMIFS('LD DISPATCH'!L:L,'LD DISPATCH'!A:A,B19) -> 314.6 | K19: 336.2 | L19: 21.6 | M19: =+K19-L19 -> 314.6 | N19: =+I19-M19 -> 0
A20: 45937 | B20: 4579 j | C20: {=VLOOKUP(B20,'LD PRD'!C:R,{3,5,6,4,8},0)} -> Javed Enterprises Gujranwala | D20: 14 | E20: 20-20.5 | F20: LDN | G20: 200 | H20: =SUMIFS('LD PRD'!M:M,'LD PRD'!C:C,B20) -> 207.8 | I20: =SUMIFS('LD DISPATCH'!L:L,'LD DISPATCH'!A:A,B20) -> 202.5 | J20: 3 | K20: =70.8+69+68 -> 207.8 | L20: =1.7+1.8+1.8 -> 5.3 | M20: =+K20-L20 -> 202.5 | N20: =+I20-M20 -> 0
A21: 45937 | B21: 4595 j | C21: {=VLOOKUP(B21,'LD PRD'!C:R,{3,5,6,4,8},0)} -> Atlas Honda LTD (SKP) | D21: 16 | E21: 12.5-13 | F21: LDN | G21: 250 | H21: =SUMIFS('LD PRD'!M:M,'LD PRD'!C:C,B21) -> 257.4 | I21: =SUMIFS('LD DISPATCH'!L:L,'LD DISPATCH'!A:A,B21) -> 249.8 | J21: 4 | K21: =74.6+73.6+73+36.2 -> 257.4 | L21: =1.9*4 -> 7.6 | M21: =+K21-L21 -> 249.8 | N21: =+I21-M21 -> 0
A22: 45937 | B22: 4656 j | C22: {=VLOOKUP(B22,'LD PRD'!C:R,{3,5,6,4,8},0)} -> Karss Paint Industry Pvt LTD | D22: 17 | E22: - | F22: LD پیلا | G22: 580 | H22: =SUMIFS('LD PRD'!M:M,'LD PRD'!C:C,B22) -> 618.2 | I22: =SUMIFS('LD DISPATCH'!L:L,'LD DISPATCH'!A:A,B22) -> 611.6 | J22: 3 | K22: 618.2 | L22: =2.2*3 -> 6.6 | M22: =+K22-L22 -> 611.6 | N22: =+I22-M22 -> 0
A23: 45937 | B23: 2239 f | C23: {=VLOOKUP(B23,'LD PRD'!C:R,{3,5,6,4,8},0)} -> Usman Amin | D23: 19 | E23: 14 | F23: LDN | G23: 110 | H23: =SUMIFS('LD PRD'!M:M,'LD PRD'!C:C,B23) -> 124.28 | I23: =SUMIFS('LD DISPATCH'!L:L,'LD DISPATCH'!A:A,B23) -> 123.1 | J23: 2 | K23: =73.4+54 -> 127.4 | L23: =2.2+2.1 -> 4.3 | M23: =+K23-L23 -> 123.1 | N23: =+I23-M23 -> 0
A24: 45937 | B24: 2238 f | C24: {=VLOOKUP(B24,'LD PRD'!C:R,{3,5,6,4,8},0)} -> Usman Amin | D24: 19 | E24: 14 | F24: LDN | G24: 160 | H24: =SUMIFS('LD PRD'!M:M,'LD PRD'!C:C,B24) -> 119.8 | I24: =SUMIFS('LD DISPATCH'!L:L,'LD DISPATCH'!A:A,B24) -> 159.89 | J24: 2 | K24: =70.28+92.8 -> 163.08 | L24: 3.19 | M24: =+K24-L24 -> 159.89 | N24: =+I24-M24 -> 0
A25: 45937 | B25: 2245 f | C25: {=VLOOKUP(B25,'LD PRD'!C:R,{3,5,6,4,8},0)} -> Usman Amin | D25: 26 | E25: 7 | F25: LDN | G25: 200 | H25: =SUMIFS('LD PRD'!M:M,'LD PRD'!C:C,B25) -> 216.8 | I25: =SUMIFS('LD DISPATCH'!L:L,'LD DISPATCH'!A:A,B25) -> 207.8 | J25: 3 | K25: =88.2+61+67.6 -> 216.8 | L25: 9 | M25: =+K25-L25 -> 207.8 | N25: =+I25-M25 -> 0
A26: 45937 | B26: 4686 j | C26: {=VLOOKUP(B26,'LD PRD'!C:R,{3,5,6,4,8},0)} -> #N/A | F26: pp | H26: =SUMIFS('LD PRD'!M:M,'LD PRD'!C:C,B26) -> 0 | I26: =SUMIFS('LD DISPATCH'!L:L,'LD DISPATCH'!A:A,B26) -> 0 | J26: 2 | K26: =48.88+56.12 -> 105 | L26: =1.6*2 -> 3.2 | M26: =+K26-L26 -> 101.8 | N26: =+I26-M26 -> -101.8
A27: 45937 | B27: 4616 j | C27: {=VLOOKUP(B27,'LD PRD'!C:R,{3,5,6,4,8},0)} -> #VALUE! | F27: pp | H27: =SUMIFS('LD PRD'!M:M,'LD PRD'!C:C,B27) -> 531.27 | I27: =SUMIFS('LD DISPATCH'!L:L,'LD DISPATCH'!A:A,B27) -> 0 | K27: =50*20 -> 1000 | L27: =50*20 -> 1000 | M27: =+K27-L27 -> 0 | N27: =+I27-M27 -> 0
A28: 45937 | B28: 4660 j | C28: {=VLOOKUP(B28,'LD PRD'!C:R,{3,5,6,4,8},0)} -> #N/A | F28: pp | H28: =SUMIFS('LD PRD'!M:M,'LD PRD'!C:C,B28) -> 0 | I28: =SUMIFS('LD DISPATCH'!L:L,'LD DISPATCH'!A:A,B28) -> 0 | K28: =21.13+24.8+40.08+27.96+30.44 -> 144.41 | L28: =21.13+24.8+40.08+27.96+30.44 -> 144.41 | M28: =+K28-L28 -> 0 | N28: =+I28-M28 -> 0
A29: 45937 | B29: 4655 j | C29: {=VLOOKUP(B29,'LD PRD'!C:R,{3,5,6,4,8},0)} -> RMC PACK | D29: 8+2.5+2.5 | E29: 7.5 | F29: LD کریم | G29: 100 | H29: =SUMIFS('LD PRD'!M:M,'LD PRD'!C:C,B29) -> 140 | I29: =SUMIFS('LD DISPATCH'!L:L,'LD DISPATCH'!A:A,B29) -> 135 | J29: 4 | K29: 104.8 | L29: 4 | M29: =+K29-L29 -> 100.8 | N29: =+I29-M29 -> 34.2
A30: 45937 | B30: 4691 j | C30: {=VLOOKUP(B30,'LD PRD'!C:R,{3,5,6,4,8},0)} -> M Faisal Gujranwala | D30: 20 | E30: 14 | F30: LDN | G30: 150 | H30: =SUMIFS('LD PRD'!M:M,'LD PRD'!C:C,B30) -> 155.2 | I30: =SUMIFS('LD DISPATCH'!L:L,'LD DISPATCH'!A:A,B30) -> 152.4 | J30: 3 | K30: =74.8+73.8+68.2 -> 216.8 | L30: =2.2*3 -> 6.6 | M30: =+K30-L30 -> 210.2 | N30: =+I30-M30 -> -57.8
A31: 45941 | B31: 2802/1 | C31: {=VLOOKUP(B31,'LD PRD'!C:R,{3,5,6,4,8},0)} -> PT-02 (MURAD PLASTIC MINGORA) | D31: 9 | E31: 12 | F31: LDM | G31: 100 | H31: =SUMIFS('LD PRD'!M:M,'LD PRD'!C:C,B31) -> 110.86 | I31: =SUMIFS('LD DISPATCH'!L:L,'LD DISPATCH'!A:A,B31) -> 110.26 | J31: 4 | K31: =26.76+27.7+26.1+30.3 -> 110.86 | L31: =1.2*4 -> 4.8 | M31: =+K31-L31 -> 106.06 | N31: =+I31-M31 -> 4.2
A32: 45941 | B32: 2803/1 | C32: {=VLOOKUP(B32,'LD PRD'!C:R,{3,5,6,4,8},0)} -> PT-02 (MUBEEN PLAS RWP) | D32: 9 | E32: 18 | F32: LDM | G32: 250 | H32: =SUMIFS('LD PRD'!M:M,'LD PRD'!C:C,B32) -> 290.51 | I32: =SUMIFS('LD DISPATCH'!L:L,'LD DISPATCH'!A:A,B32) -> 0 | J32: 6 | K32: =38.5+36.22+45.45+40.72+45.8+43.2 -> 249.89 | L32: =1.1*6 -> 6.6 | M32: =+K32-L32 -> 243.29 | N32: =+I32-M32 -> -243.29
A33: 45944 | B33: 2802/2 | C33: {=VLOOKUP(B33,'LD PRD'!C:R,{3,5,6,4,8},0)} -> PT-02 (MURAD PLASTIC MINGORA) | D33: 7 | E33: 12 | F33: LDM | G33: 100 | H33: =SUMIFS('LD PRD'!M:M,'LD PRD'!C:C,B33) -> 104.1 | I33: =SUMIFS('LD DISPATCH'!L:L,'LD DISPATCH'!A:A,B33) -> 104.6 | J33: 3 | K33: =35.9+33+35.7 -> 104.6 | L33: =0.7+0.8+0.7 -> 2.2 | M33: =+K33-L33 -> 102.4 | N33: =+I33-M33 -> 2.2
A34: 45842 | C34: {=VLOOKUP(B34,'LD PRD'!C:R,{3,5,6,4,8},0)} -> #N/A | H34: =SUMIFS('LD PRD'!M:M,'LD PRD'!C:C,B34) -> 0 | I34: =SUMIFS('LD DISPATCH'!L:L,'LD DISPATCH'!A:A,B34) -> 0 | M34: =+K34-L34 -> 0 | N34: =+I34-M34 -> 0
C35: {=VLOOKUP(B35,'LD PRD'!C:R,{3,5,6,4,8},0)} -> #N/A | H35: =SUMIFS('LD PRD'!M:M,'LD PRD'!C:C,B35) -> 0 | I35: =SUMIFS('LD DISPATCH'!L:L,'LD DISPATCH'!A:A,B35) -> 0 | M35: =+K35-L35 -> 0 | N35: =+I35-M35 -> 0
C36: {=VLOOKUP(B36,'LD PRD'!C:R,{3,5,6,4,8},0)} -> #N/A | H36: =SUMIFS('LD PRD'!M:M,'LD PRD'!C:C,B36) -> 0 | I36: =SUMIFS('LD DISPATCH'!L:L,'LD DISPATCH'!A:A,B36) -> 0 | M36: =+K36-L36 -> 0 | N36: =+I36-M36 -> 0
C37: {=VLOOKUP(B37,'LD PRD'!C:R,{3,5,6,4,8},0)} -> #N/A | H37: =SUMIFS('LD PRD'!M:M,'LD PRD'!C:C,B37) -> 0 | I37: =SUMIFS('LD DISPATCH'!L:L,'LD DISPATCH'!A:A,B37) -> 0 | M37: =+K37-L37 -> 0 | N37: =+I37-M37 -> 0
C38: {=VLOOKUP(B38,'LD PRD'!C:R,{3,5,6,4,8},0)} -> #N/A | H38: =SUMIFS('LD PRD'!M:M,'LD PRD'!C:C,B38) -> 0 | I38: =SUMIFS('LD DISPATCH'!L:L,'LD DISPATCH'!A:A,B38) -> 0 | M38: =+K38-L38 -> 0 | N38: =+I38-M38 -> 0
C39: {=VLOOKUP(B39,'LD PRD'!C:R,{3,5,6,4,8},0)} -> #N/A | H39: =SUMIFS('LD PRD'!M:M,'LD PRD'!C:C,B39) -> 0 | I39: =SUMIFS('LD DISPATCH'!L:L,'LD DISPATCH'!A:A,B39) -> 0 | M39: =+K39-L39 -> 0 | N39: =+I39-M39 -> 0
C40: {=VLOOKUP(B40,'LD PRD'!C:R,{3,5,6,4,8},0)} -> #N/A | H40: =SUMIFS('LD PRD'!M:M,'LD PRD'!C:C,B40) -> 0 | I40: =SUMIFS('LD DISPATCH'!L:L,'LD DISPATCH'!A:A,B40) -> 0 | M40: =+K40-L40 -> 0 | N40: =+I40-M40 -> 0
C41: {=VLOOKUP(B41,'LD PRD'!C:R,{3,5,6,4,8},0)} -> #N/A | H41: =SUMIFS('LD PRD'!M:M,'LD PRD'!C:C,B41) -> 0 | I41: =SUMIFS('LD DISPATCH'!L:L,'LD DISPATCH'!A:A,B41) -> 0 | M41: =+K41-L41 -> 0 | N41: =+I41-M41 -> 0
C42: {=VLOOKUP(B42,'LD PRD'!C:R,{3,5,6,4,8},0)} -> #N/A | H42: =SUMIFS('LD PRD'!M:M,'LD PRD'!C:C,B42) -> 0 | I42: =SUMIFS('LD DISPATCH'!L:L,'LD DISPATCH'!A:A,B42) -> 0 | M42: =+K42-L42 -> 0 | N42: =+I42-M42 -> 0
C43: {=VLOOKUP(B43,'LD PRD'!C:R,{3,5,6,4,8},0)} -> #N/A | H43: =SUMIFS('LD PRD'!M:M,'LD PRD'!C:C,B43) -> 0 | I43: =SUMIFS('LD DISPATCH'!L:L,'LD DISPATCH'!A:A,B43) -> 0 | M43: =+K43-L43 -> 0 | N43: =+I43-M43 -> 0
C44: {=VLOOKUP(B44,'LD PRD'!C:R,{3,5,6,4,8},0)} -> #N/A | H44: =SUMIFS('LD PRD'!M:M,'LD PRD'!C:C,B44) -> 0 | I44: =SUMIFS('LD DISPATCH'!L:L,'LD DISPATCH'!A:A,B44) -> 0 | M44: =+K44-L44 -> 0 | N44: =+I44-M44 -> 0
C45: {=VLOOKUP(B45,'LD PRD'!C:R,{3,5,6,4,8},0)} -> #N/A | H45: =SUMIFS('LD PRD'!M:M,'LD PRD'!C:C,B45) -> 0 | I45: =SUMIFS('LD DISPATCH'!L:L,'LD DISPATCH'!A:A,B45) -> 0 | M45: =+K45-L45 -> 0 | N45: =+I45-M45 -> 0

Sheet LD PRD
A1: SHIFT | B1: MCH# | C1: SO# | D1: DATE | E1: JOB NAME | F1: MATERIAL | G1: SIZE | H1: GUAGE | I1: QUALITY | J1: ORDER WEIGHT | K1: SECTION | L1: ROLLS INN | M1: G. WEIGHT | N1: CORE WEIGHT | O1: PRD WATSE | P1: SAMPLE WASTE | Q1: NET WEIGHT | R1: FOREMAN | S1: کوالٹی CHANGE | T1: ھیٹنگ | U1: MACHINE ON | V1: TOTAL MIN | W1: P.S HOURS | X1: الیکٹریکل | Y1: ڈایی صاف | Z1: مکینیکل | AA1: سائز کم | AB1: سیمپل چیک | AC1: OTHER | AD1: جالی تبدیل | AE1: TREET | AF1: TOTAL MIN_1 | AG1: U.P.S HOURS | AH1: T.S HOURS | AI1: RUNNING | AJ1: TOTAL HOURS | AK1: WASTAGE/KGs | AL1: KWH/KG | AM1: TOTAL PRODUCTION | AN1: TARGET | AO1: RECIPE | AP1: WEEK NO. | AQ1: REMARKS | AR1: ACTION | AS1: ACTION PLAN
A2: A | B2: 1 | C2: 5 J | D2: 45658 | E2: سمارٹ فوڈ 1 کلو گرام | F2: LDN | G2: 7 | H2: 14-15 | I2: پیور | J2: 100 | K2: PT-2 | L2: 1 | M2: 54.3 | N2: 1 | Q2: 53.3 | R2: ADNAN
A3: A | B3: 1 | C3: 24 J | D3: 45658 | E3: سادہ لفافہ | F3: LDN | G3: 7 | H3: 14-15 | I3: پیور | J3: 25 | K3: PT-2 | L3: 1 | M3: 29.6 | N3: 1 | Q3: 28.6 | R3: ADNAN
A4: A | B4: 1 | C4: 7X11/014 | D4: 45658 | E4: - | F4: - | G4: - | H4: - | I4: - | J4: - | K4: PT-2 | L4: 1 | M4: 49.2 | N4: 1 | Q4: 48.2 | R4: ADNAN
A5: B | B5: 1 | C5: 7X11/014 | D5: 45658 | E5: - | F5: - | G5: - | H5: - | I5: - | J5: - | K5: PT-2 | L5: 2 | M5: 58.7 | N5: 1.6 | O5: 4 | Q5: 57.1 | R5: ALYAS
A6: B | B6: 1 | C6: 5 J | D6: 45658 | E6: سمارٹ فوڈ 1 کلو گرام | F6: LDN | G6: 7 | H6: 14-15 | I6: پیور | J6: 100 | K6: PT-2 | L6: 1 | M6: 53.9 | N6: 0.9 | Q6: 53 | R6: ALYAS
A7: B | B7: 1 | C7: 4 J | D7: 45658 | E7: سمارٹ فوڈ 1/2کلو گرام | F7: LDN | G7: 6 | H7: 14-15 | I7: پیور | J7: 100 | K7: PT-2 | L7: 1 | M7: 39 | N7: 0.8 | Q7: 38.2 | R7: ALYAS
A8: A | B8: 3 | C8: 43 J | D8: 45658 | E8: برجر ٹرسٹڈورڈوائیڈ | F8: LDM | G8: 12 | H8: - | I8: ABA پیور | J8: 500 | K8: PT-2 | L8: 6 | M8: 347 | N8: 8.6 | O8: 44 | Q8: 338.4 | R8: ADNAN
A9: A | B9: 3 | C9: 78 J | D9: 45658 | E9: عمران جنرل سٹور | F9: LDM | G9: 22 | H9: 12-12.5 | I9: ABA پیور | J9: 100 | K9: PT-2 | L9: 2 | M9: 105.6 | N9: 5.8 | Q9: 99.8 | R9: ADNAN
A10: A | B10: 3 | C10: 41 J | D10: 45658 | E10: لکی گارمنٹس | F10: LDM | G10: 12+3+3 | H10: 8-8.5/16-17 | I10: ABA پیور | J10: 110 | K10: PT-2 | L10: 1 | M10: 37.4 | N10: 1.2 | Q10: 36.2 | R10: ADNAN
A11: B | B11: 3 | C11: 41 J | D11: 45658 | E11: لکی گارمنٹس | F11: LDM | G11: 12+3+3 | H11: 8-8.5/16-17 | I11: ABA پیور | J11: 110 | K11: PT-2 | L11: 2 | M11: 86 | N11: 2.5 | O11: 9 | Q11: 83.5 | R11: ALYAS
A12: B | B12: 3 | C12: 07/5-5.5 | D12: 45658 | E12: - | F12: - | G12: - | H12: - | I12: - | J12: - | K12: PT-2 | L12: 2 | M12: 47 | N12: 1.8 | Q12: 45.2 | R12: ALYAS
A13: B | B13: 3 | C13: 77 J | D13: 45658 | E13: آٹلس ہنڈا | F13: LDN | G13: 16 | H13: 8 | I13: پیور | J13: 690 | K13: PT-2 | L13: 1 | M13: 46 | N13: 1.8 | Q13: 44.2 | R13: ALYAS
A14: B | B14: 3 | C14: 7778 A | D14: 45658 | E14: سادہ رول جیلانی پیکنگ | F14: LDN | G14: 26" شیٹ | H14: 8-8.5/16-17 | I14: پیور | J14: 5000 | K14: PT-2 | L14: 2 | M14: 162 | N14: 7.2 | Q14: 154.8 | R14: ALYAS
A15: A | B15: 5 | C15: 853 F | D15: 45658 | E15: وارننگ CONTRA | F15: LDN | G15: 17 | H15: 12 | I15: پیور | J15: 450 | K15: PT-2 | L15: 2 | M15: 105.4 | N15: 4 | Q15: 101.4 | R15: ADNAN
A16: A | B16: 5 | C16: 854 F | D16: 45658 | E16: وارننگ CONTRA | F16: LDN | G16: 19 | H16: 12 | I16: پیور | J16: 190 | K16: PT-2 | L16: 2 | M16: 164.8 | N16: 4.4 | Q16: 160.4 | R16: ADNAN
A17: A | B17: 5 | C17: 855 F | D17: 45658 | E17: سادہ لفافہ PULL AND BEAR | F17: LDN | G17: 19 | H17: 8 | I17: پیور | J17: 340 | K17: PT-2 | L17: 3 | M17: 218.4 | N17: 8.8 | Q17: 209.6 | R17: ADNAN
A18: B | B18: 5 | C18: 07/5-5.5 | D18: 45658 | E18: - | F18: - | G18: - | H18: - | I18: - | J18: - | K18: PT-2 | L18: 1 | M18: 34.6 | N18: 3.2 | O18: 15.6 | Q18: 31.4 | R18: ALYAS
A19: B | B19: 5 | C19: 855 F | D19: 45658 | E19: سادہ لفافہ PULL AND BEAR | F19: LDN | G19: 19 | H19: 8 | I19: پیور | J19: 340 | K19: PT-2 | L19: 2 | M19: 142.8 | N19: 4.8 | Q19: 138 | R19: ALYAS
A20: B | B20: 5 | C20: 860 F | D20: 45658 | E20: کمپاونڈ وارننگ | F20: LDN | G20: 15.5 | H20: 5-5.5 | I20: پیور | J20: 220 | K20: PT-2 | L20: 5 | M20: 224 | N20: 10 | Q20: 214 | R20: ALYAS
A21: B | B21: 5 | C21: 862 F | D21: 45658 | E21: ڈائنامک واننگ ڈبے والی | F21: LDN | G21: 15 | H21: 7-7.5 | I21: جیلانی شیٹ | J21: 60 | K21: PT-2 | L21: 1 | M21: 52.2 | N21: 1.8 | Q21: 50.4 | R21: ALYAS
A22: B | B22: 5 | C22: 852 F | D22: 45658 | E22: UHLوارننگ | F22: LDN | G22: 17 | H22: 12 | I22: جیلانی شیٹ | J22: 700 | K22: PT-2 | L22: 1 | M22: 48.6 | N22: 2 | Q22: 46.6 | R22: ALYAS
A23: A | B23: 7 | C23: 2679 | D23: 45658 | E23: SITARA CHEMICAL | F23: LDN | G23: 24 | H23: 100 G | I23: SL | J23: 3300 | K23: PT-2 | L23: 5 | M23: 544.1 | N23: 15 | Q23: 529.1 | R23: ADNAN
A24: A | B24: 7 | C24: 24/3.5 | D24: 45658 | E24: - | F24: - | G24: - | H24: - | I24: - | J24: - | K24: PT-2 | L24: 2 | M24: 64.1 | N24: 6 | Q24: 58.1 | R24: ADNAN
A25: B | B25: 7 | C25: 9971 A | D25: 45658 | E25: سادہ لفافہ جیلانی پولی یونٹ 2 | F25: LDN | G25: 24 | H25: 3-3.5 | I25: - | J25: 200 | K25: PT-2 | L25: 6 | M25: 177.76 | N25: 18 | O25: 7.2 | Q25: 159.76 | R25: ALYAS
A26: B | B26: 7 | C26: 9971 A | D26: 45658 | E26: سادہ لفافہ جیلانی پولی یونٹ 2 | F26: LDN | G26: 24 | H26: 3-3.5 | I26: - | J26: 200 | K26: PT-2 | L26: 2 | M26: 70.23 | N26: 6 | Q26: 64.23 | R26: ALYAS
A27: B | B27: 7 | C27: 18/3.5 | D27: 45658 | E27: - | F27: - | G27: - | H27: - | I27: - | J27: - | K27: PT-2 | L27: 6 | M27: 195.55 | N27: 12 | Q27: 183.55 | R27: ALYAS
A28: A | B28: 1 | C28: 4 J | D28: 45659 | E28: سمارٹ فوڈ 1/2کلو گرام | F28: LDN | G28: 6 | H28: 14-15 | I28: پیور | J28: 100 | K28: PT-2 | L28: 2 | M28: 67 | N28: 1.7 | O28: 20 | Q28: 65.3 | R28: ADNAN
A29: A | B29: 1 | C29: 12 J | D29: 45659 | E29: سادہ لفافہ ڈبل ٹریٹ معیز ٹریڈرز | F29: LDN | G29: 10 | H29: 9.5-10 | I29: پیور | J29: 900 | K29: PT-2 | L29: 2 | M29: 123.66 | N29: 2.4 | Q29: 121.26 | R29: ADNAN
A30: B | B30: 1 | C30: 12 J | D30: 45659 | E30: سادہ لفافہ ڈبل ٹریٹ معیز ٹریڈرز | F30: LDN | G30: 10 | H30: 9.5-10 | I30: پیور | J30: 900 | K30: PT-2 | L30: 3 | M30: 165.6 | N30: 3.6 | O30: 2 | Q30: 162 | R30: ALYAS
A31: A | B31: 3 | C31: 77 J | D31: 45659 | E31: آٹلس ہنڈا | F31: LDN | G31: 16 | H31: 8 | I31: پیور | J31: 690 | K31: PT-2 | L31: 6 | M31: 371.2 | N31: 11 | Q31: 360.2 | R31: ADNAN
A32: B | B32: 3 | C32: 77 J | D32: 45659 | E32: آٹلس ہنڈا | F32: LDN | G32: 16 | H32: 8 | I32: پیور | J32: 690 | K32: PT-2 | L32: 2 | M32: 87.2 | N32: 3.6 | Q32: 83.6 | R32: ALYAS
A33: B | B33: 3 | C33: 7778 A | D33: 45659 | E33: سادہ رول جیلانی پیکنگ | F33: LDN | G33: 26" شیٹ | H33: 8-8.5/16-17 | I33: پیور | J33: 5000 | K33: PT-2 | L33: 4 | M33: 314.6 | N33: 15.2 | Q33: 299.4 | R33: ALYAS
A34: A | B34: 5 | C34: 852 F | D34: 45659 | E34: UHLوارننگ | F34: LDN | G34: 17 | H34: 12 | I34: جیلانی شیٹ | J34: 700 | K34: PT-2 | L34: 4 | M34: 507.6 | N34: 12 | Q34: 495.6 | R34: ADNAN
A35: B | B35: 5 | C35: 852 F | D35: 45659 | E35: UHLوارننگ | F35: LDN | G35: 17 | H35: 12 | I35: جیلانی شیٹ | J35: 700 | K35: PT-2 | L35: 1 | M35: 86.8 | N35: 2 | Q35: 84.8 | R35: ALYAS
A36: B | B36: 6 | C36: 7778 A | D36: 45659 | E36: سادہ رول جیلانی پیکنگ | F36: LDN | G36: 26" شیٹ | H36: 8-8.5/16-17 | I36: پیور | J36: 5000 | K36: PT-2 | L36: 4 | M36: 464.06 | N36: 12.8 | O36: 36.2 | Q36: 451.26
A37: A | B37: 7 | C37: 9969 A | D37: 45659 | E37: سادہ لفافہ جیلانی پولی یونٹ 2 | F37: LDN | G37: 18 | H37: 3-3.5 | I37: - | J37: 300 | K37: PT-2 | L37: 4 | M37: 104.55 | N37: 8.4 | Q37: 96.15
A38: A | B38: 7 | C38: 45 J | D38: 45659 | E38: ایس کے کک وئیر + وارننگ | F38: LDN | G38: 16 | H38: 7-7.5 | I38: پیور | J38: 250 | K38: PT-2 | L38: 1 | M38: 52.4 | N38: 1.9 | Q38: 50.5
A39: A | B39: 7 | C39: 46 J | D39: 45659 | E39: ایس کے کک وئیر + وارننگ | F39: LDN | G39: 18 | H39: 7-7.5 | I39: پیور | J39: 250 | K39: PT-2 | L39: 5 | M39: 263.13 | N39: 8.4 | Q39: 254.73
A40: B | B40: 7 | C40: 45 J | D40: 45659 | E40: ایس کے کک وئیر + وارننگ | F40: LDN | G40: 16 | H40: 7-7.5 | I40: پیور | J40: 250 | K40: PT-2 | L40: 4 | M40: 214.24 | N40: 7.6 | Q40: 206.64
A41: B | B41: 7 | C41: 47 J | D41: 45659 | E41: ایس کے کک وئیر + وارننگ | F41: LDN | G41: 22 | H41: 7-7.5 | I41: پیور | J41: 250 | K41: PT-2 | L41: 4 | M41: 217.14 | N41: 11.2 | O41: 13.9 | Q41: 205.94
A42: A | B42: 1 | C42: 12 J | D42: 45660 | E42: سادہ لفافہ ڈبل ٹریٹ معیز ٹریڈرز | F42: LDN | G42: 10 | H42: 9.5-10 | I42: پیور | J42: 900 | K42: PT-2 | L42: 3 | M42: 161.4 | N42: 3.6 | Q42: 157.8 | R42: ADNAN
A43: B | B43: 1 | C43: 12 J | D43: 45660 | E43: سادہ لفافہ ڈبل ٹریٹ معیز ٹریڈرز | F43: LDN | G43: 10 | H43: 9.5-10 | I43: پیور | J43: 900 | K43: PT-2 | L43: 4 | M43: 205.2 | N43: 4.8 | Q43: 200.4 | R43: ALYAS
A44: A | B44: 3 | C44: 77 J | D44: 45660 | E44: آٹلس ہنڈا | F44: LDN | G44: 16 | H44: 8 | I44: پیور | J44: 690 | K44: PT-2 | L44: 2 | M44: 102.2 | N44: 3.8 | Q44: 98.4 | R44: ADNAN
A45: A | B45: 3 | C45: 12 J | D45: 45660 | E45: سادہ لفافہ ڈبل ٹریٹ معیز ٹریڈرز | F45: LDN | G45: 10 | H45: 9.5-10 | I45: پیور | J45: 900 | K45: PT-2 | L45: 3 | M45: 167.4 | N45: 2.4 | Q45: 165 | R45: ADNAN
A46: B | B46: 3 | C46: 12 J | D46: 45660 | E46: سادہ لفافہ ڈبل ٹریٹ معیز ٹریڈرز | F46: LDN | G46: 10 | H46: 9.5-10 | I46: پیور | J46: 900 | K46: PT-2 | L46: 2 | M46: 105.6 | N46: 2.4 | Q46: 103.2 | R46: ALYAS
A47: B | B47: 3 | C47: 856 F | D47: 45660 | E47: - | F47: - | G47: - | H47: - | I47: - | J47: - | K47: PT-2 | L47: 3 | M47: 155.4 | N47: 5.4 | Q47: 150 | R47: ALYAS
A48: A | B48: 6 | C48: 7478 A | D48: 45660 | E48: سادہ لفافہ | F48: PP | G48: 24 | H48: 10 | I48: ڈبل | J48: 200 | K48: PT-2 | L48: 2 | M48: 197 | N48: 7.2 | Q48: 189.8 | R48: ADNAN
A49: A | B49: 6 | C49: 995 A | D49: 45660 | E49: - | F49: - | G49: - | H49: - | I49: - | J49: - | K49: PT-2 | L49: 2 | M49: 111.2 | N49: 4.6 | Q49: 106.6 | R49: ADNAN
A50: A | B50: 6 | C50: 9877 A | D50: 45660 | E50: الٹراٹیچ پلس (1 کلوگرام) | F50: LDN | G50: 535 MM | H50: 15-16/30-32 | I50: پیور | J50: 100 | K50: PT-2 | L50: 1 | M50: 102.4 | N50: 2.2 | Q50: 100.2 | R50: ADNAN
A51: A | B51: 6 | C51: 9879 A | D51: 45660 | E51: ماسٹر ایکسٹراپاور (1 کلو گرام) | F51: LDN | G51: 535 MM | H51: 15-16/30-32 | I51: پیور | J51: 100 | K51: PT-2 | L51: 2 | M51: 112.2 | N51: 4.4 | Q51: 107.8 | R51: ADNAN
A52: A | B52: 6 | C52: 9878 A | D52: 45660 | E52: الٹراٹیچ پلس (1/2 کلوگرام) | F52: LDN | G52: 535 MM | H52: 15-16/30-32 | I52: پیور | J52: 100 | K52: PT-2 | L52: 1 | M52: 104.8 | N52: 2.2 | Q52: 102.6 | R52: ADNAN
A53: B | B53: 6 | C53: 9945 A | D53: 45660 | E53: سیالکوٹ پلین بریڈ | F53: LDN | G53: 36" شیٹ | H53: 4-4.5/8-9 | I53: پیور | J53: 100 | K53: PT-2 | L53: 4 | M53: 356 | N53: 18.4 | O53: 35 | Q53: 337.6 | R53: ALYAS
A54: B | B54: 6 | C54: 884 F | D54: 45660 | E54: سادہ لفافہ | F54: LDN | G54: 35 | H54: 6-6.5 | I54: پیور | J54: 170 | K54: PT-2 | L54: 2 | M54: 134.2 | N54: 8.8 | Q54: 125.4 | R54: ALYAS
A55: B | B55: 6 | C55: 861 F | D55: 45660 | E55: کمپاونڈ وارننگ | F55: LDN | G55: 36 | H55: 7-7.5 | I55: پیور | J55: 115 | K55: PT-2 | L55: 1 | M55: 113.6 | N55: 4.6 | Q55: 109 | R55: ALYAS
A56: A | B56: 7 | C56: 46 J | D56: 45660 | E56: ایس کے کک وئیر + وارننگ | F56: LDN | G56: 18 | H56: 7-7.5 | I56: پیور | J56: 250 | K56: PT-2 | L56: 1 | M56: 54.8 | N56: 2.6 | Q56: 52.2 | R56: ADNAN
A57: A | B57: 7 | C57: 866 F | D57: 45660 | E57: WALMART بڑا بلاک | F57: LDN | G57: 22 | H57: 8 | I57: - | J57: 250 | K57: PT-2 | L57: 4 | M57: 253.16 | N57: 10.4 | Q57: 242.76 | R57: ADNAN
A58: A | B58: 7 | C58: 71 J | D58: 45660 | E58: حرا فوڈز | F58: LDN | G58: 24 | H58: - | I58: پیور | J58: 500 | K58: PT-2 | L58: 3 | M58: 236.2 | N58: 9 | Q58: 227.2 | R58: ADNAN
A59: B | B59: 7 | C59: 71 J | D59: 45660 | E59: حرا فوڈز | F59: LDN | G59: 24 | H59: - | I59: پیور | J59: 500 | K59: PT-2 | L59: 3 | M59: 294.54 | N59: 9 | Q59: 285.54 | R59: ALYAS
A60: B | B60: 7 | C60: 880 F | D60: 45660 | E60: BLEND وارننگ | F60: LDN | G60: 24 | H60: 7-7.5 | I60: جیلانی شیٹ | J60: 135 | K60: PT-2 | L60: 2 | M60: 153.52 | N60: 6 | O60: 6.5 | Q60: 147.52 | R60: ALYAS
A61: A | B61: 1 | C61: 53 J | D61: 45661 | E61: یو ایس میٹل | F61: LDN | G61: 7 | H61: 10 | I61: پیور | J61: 120 | K61: PT-2 | L61: 4 | M61: 123.9 | N61: 4 | Q61: 119.9 | R61: ALYAS
A62: A | B62: 1 | C62: 12 J | D62: 45661 | E62: سادہ لفافہ ڈبل ٹریٹ معیز ٹریڈرز | F62: LDN | G62: 10 | H62: 9.5-10 | I62: پیور | J62: 900 | K62: PT-2 | L62: 1 | M62: 56.3 | N62: 1.2 | Q62: 55.1 | R62: ALYAS
A63: B | B63: 1 | C63: 52 J | D63: 45661 | E63: یو ایس میٹل | F63: LDN | G63: 6 | H63: 10 | I63: پیور | J63: 120 | K63: PT-2 | L63: 4 | M63: 128.6 | N63: 2.7 | Q63: 125.9 | R63: ALYAS
A64: B | B64: 1 | C64: 6 J | D64: 45661 | E64: سمارٹ فوڈ لوگو | F64: LDN | G64: 5 | H64: 12-12.5 | I64: پیور | J64: 100 | K64: PT-2 | L64: 1 | M64: 71.5 | N64: 0.7 | Q64: 70.8 | R64: ALYAS
A65: A | B65: 3 | C65: 2679 | D65: 45661 | E65: SITARA CHEMICAL | F65: LDN | G65: 24 | H65: 100 G | I65: SL | J65: 3300 | K65: PT-2 | L65: 5 | M65: 442.8 | N65: 14.8 | O65: 38.2 | Q65: 428 | R65: ALYAS
A66: B | B66: 3 | C66: 2679 | D66: 45661 | E66: SITARA CHEMICAL | F66: LDN | G66: 24 | H66: 100 G | I66: SL | J66: 3300 | K66: PT-2 | L66: 6 | M66: 666.6 | N66: 22.2 | Q66: 644.4 | R66: ALYAS
A67: A | B67: 7 | C67: 882 F | D67: 45661 | E67: سادہ لفافہ | F67: LDN | G67: 18 | H67: 5-5.5 | I67: جیلانی شیٹ | J67: 32 | K67: PT-2 | L67: 1 | M67: 65.82 | N67: 2.1 | Q67: 63.72 | R67: ALYAS
A68: A | B68: 7 | C68: 879 F | D68: 45661 | E68: BLEND وارننگ | F68: LDN | G68: 17 | H68: 7-7.5 | I68: جیلانی شیٹ | J68: 105 | K68: PT-2 | L68: 2 | M68: 126.8 | N68: 4.2 | Q68: 122.6 | R68: ALYAS
A69: A | B69: 7 | C69: 77 J | D69: 45661 | E69: آٹلس ہنڈا | F69: LDN | G69: 16 | H69: 8 | I69: پیور | J69: 690 | K69: PT-2 | L69: 2 | M69: 116.42 | N69: 3.8 | Q69: 112.62 | R69: ALYAS
A70: A | B70: 7 | C70: 856 F | D70: 45661 | E70: - | F70: - | G70: - | H70: - | I70: - | J70: - | K70: PT-2 | L70: 2 | M70: 124.4 | N70: 3.6 | Q70: 120.8 | R70: ALYAS
A71: B | B71: 7 | C71: 856 F | D71: 45661 | E71: - | F71: - | G71: - | H71: - | I71: - | J71: - | K71: PT-2 | L71: 7 | M71: 447.07 | N71: 13.2 | O71: 35.2 | Q71: 433.87 | R71: ALYAS
A72: B | B72: 7 | C72: 847 F | D72: 45661 | E72: ڈائنامک واننگ ڈبے والی | F72: LDN | G72: 14 | H72: 7-7.5 | I72: جیلانی شیٹ | J72: 80 | K72: PT-2 | L72: 2 | M72: 56.4 | Q72: 56.4 | R72: ALYAS
A73: A | B73: 6 | C73: 867 F | D73: 45661 | E73: اینٹی الرجی پلو | F73: LDN | G73: 37 | H73: 10-10.5 | I73: پیور | J73: 3400 | K73: PT-2 | L73: 8 | M73: 840.4 | N73: 32.2 | Q73: 808.2 | R73: ALYAS
A74: B | B74: 6 | C74: 867 F | D74: 45661 | E74: اینٹی الرجی پلو | F74: LDN | G74: 37 | H74: 10-10.5 | I74: پیور | J74: 3400 | K74: PT-2 | L74: 8 | M74: 981.2 | N74: 36.8 | Q74: 944.4 | R74: ALYAS
A75: A | B75: 1 | C75: 6 J | D75: 45662 | E75: سمارٹ فوڈ لوگو | F75: LDN | G75: 5 | H75: 12-12.5 | I75: پیور | J75: 100 | K75: PT-2 | L75: 1 | M75: 31.6 | N75: 0.6 | O75: 10 | Q75: 31 | R75: ALYAS
A76: A | B76: 1 | C76: 51 J | D76: 45662 | E76: یو ایس میٹل | F76: LDN | G76: 5 | H76: 10 | I76: پیور | J76: 120 | K76: PT-2 | L76: 2 | M76: 105.8 | N76: 1.2 | Q76: 104.6 | R76: ALYAS
A77: B | B77: 1 | C77: 07/5-5.5 | D77: 45662 | E77: - | F77: - | G77: - | H77: - | I77: - | J77: - | K77: PT-2 | L77: 2 | M77: 64.2 | Q77: 64.2 | R77: ALYAS
A78: B | B78: 1 | C78: 51 J | D78: 45662 | E78: یو ایس میٹل | F78: LDN | G78: 5 | H78: 10 | I78: پیور | J78: 120 | K78: PT-2 | L78: 1 | M78: 26.1 | N78: 0.5 | Q78: 25.6 | R78: ALYAS
A79: B | B79: 1 | C79: 50 J | D79: 45662 | E79: یو ایس میٹل | F79: LDN | G79: 4 | H79: 10 | I79: پیور | J79: 120 | K79: PT-2 | L79: 2 | M79: 79.1 | N79: 1.5 | Q79: 77.6 | R79: ALYAS
A80: B | B80: 1 | C80: 17 J | D80: 45662 | E80: جے ڈاٹ | F80: LD پیلا | G80: 20 | H80: 15-16 | I80: ویسٹ کوالٹی | J80: 400 | K80: PT-2 | L80: 4 | M80: 406 | N80: 9.1 | Q80: 396.9 | R80: ALYAS
A81: A | B81: 3 | C81: 2679 | D81: 45662 | E81: SITARA CHEMICAL | F81: LDN | G81: 24 | H81: 100 G | I81: SL | J81: 3300 | K81: PT-2 | L81: 4 | M81: 440.2 | N81: 11.1 | Q81: 429.1 | R81: ALYAS
A82: B | B82: 3 | C82: 2682 | D82: 45662 | E82: AUTO TECH KALA SHAH KAKU | F82: LDN | G82: 26 | H82: 9.-10 | I82: SL | J82: 400 | K82: PT-2 | L82: 5 | M82: 433.8 | N82: 14 | Q82: 419.8 | R82: ALYAS
A83: B | B83: 3 | C83: 9530 A | D83: 45662 | E83: سادہ رول جیلانی پولی سٹاک | F83: LDN | G83: 30 شیٹ | H83: 8-8.5/16-17 | I83: پیور | J83: 2000 | K83: PT-2 | L83: 2 | M83: 145.2 | N83: 7.6 | Q83: 137.6 | R83: ALYAS
A84: A | B84: 6 | C84: 867 F | D84: 45662 | E84: اینٹی الرجی پلو | F84: LDN | G84: 37 | H84: 10-10.5 | I84: پیور | J84: 3400 | K84: PT-2 | L84: 7 | M84: 842.2 | N84: 32.2 | Q84: 810 | R84: ALYAS
A85: B | B85: 6 | C85: 867 F | D85: 45662 | E85: اینٹی الرجی پلو | F85: LDN | G85: 37 | H85: 10-10.5 | I85: پیور | J85: 3400 | K85: PT-2 | L85: 7 | M85: 915.6 | N85: 32.2 | Q85: 883.4 | R85: ALYAS
A86: B | B86: 6 | C86: 884 F | D86: 45662 | E86: سادہ لفافہ | F86: LDN | G86: 35 | H86: 6-6.5 | I86: پیور | J86: 170 | K86: PT-2 | L86: 1 | M86: 74.6 | N86: 4.5 | Q86: 70.1 | R86: ALYAS
A87: A | B87: 7 | C87: 847 F | D87: 45662 | E87: ڈائنامک واننگ ڈبے والی | F87: LDN | G87: 14 | H87: 7-7.5 | I87: جیلانی شیٹ | J87: 80 | K87: PT-2 | L87: 3 | M87: 162.52 | N87: 5.1 | Q87: 157.42 | R87: ALYAS
A88: B | B88: 7 | C88: 60 J | D88: 45662 | E88: سادہ لفافہ احسان کاٹن | F88: LDN | G88: 25 | H88: 6 | I88: AA کولٹی | J88: 300 | K88: PT-2 | L88: 5 | M88: 313.3 | N88: 14.5 | Q88: 298.8 | R88: ALYAS
A89: B | B89: 7 | C89: 67 J | D89: 45662 | E89: سادہ لفافہ احسان کاٹن | F89: LDN | G89: 25 | H89: 6 | I89: AA کولٹی | J89: 300 | K89: PT-2 | L89: 4 | M89: 250.32 | N89: 11.6 | Q89: 238.72 | R89: ALYAS
A90: A | B90: 1 | C90: 50 J | D90: 45663 | E90: یو ایس میٹل | F90: LDN | G90: 4 | H90: 10 | I90: پیور | J90: 120 | K90: PT-2 | L90: 2 | M90: 52.1 | N90: 1 | Q90: 51.1 | R90: ALYAS
A91: A | B91: 1 | C91: 72 J | D91: 45663 | E91: البراق ڈیپارٹمنٹ سٹور | F91: LDN | G91: 4.5 | H91: 12-12.5 | I91: پیور | J91: 100 | K91: PT-2 | L91: 3 | M91: 108.4 | N91: 3 | Q91: 105.4 | R91: ALYAS
A92: B | B92: 1 | C92: 73 J | D92: 45663 | E92: البراق ڈیپارٹمنٹ سٹور | F92: LDN | G92: 6 | H92: 12-12.5 | I92: پیور | J92: 100 | K92: PT-2 | L92: 3 | M92: 105.8 | N92: 2.5 | Q92: 103.3 | R92: ALYAS
A93: B | B93: 1 | C93: 74 J | D93: 45663 | E93: البراق ڈیپارٹمنٹ سٹور | F93: LDN | G93: 8 | H93: 14 | I93: پیور | J93: 100 | K93: PT-2 | L93: 2 | M93: 97.1 | N93: 2 | Q93: 95.1 | R93: ALYAS
A94: A | B94: 3 | C94: 7778 A | D94: 45663 | E94: سادہ رول جیلانی پیکنگ | F94: LDN | G94: 26" شیٹ | H94: 8-8.5/16-17 | I94: پیور | J94: 5000 | K94: PT-2 | L94: 2 | M94: 180.2 | N94: 5.6 | Q94: 174.6 | R94: ALYAS
A95: A | B95: 3 | C95: 98 J | D95: 45663 | E95: جی جی فش اسنیکس | F95: LDN | G95: 20 | H95: 9.5-10 | I95: پیور | J95: 300 | K95: PT-2 | L95: 3 | M95: 252.6 | N95: 6.9 | O95: 10 | Q95: 245.7 | R95: ALYAS
A96: B | B96: 3 | C96: 98 J | D96: 45663 | E96: جی جی فش اسنیکس | F96: LDN | G96: 20 | H96: 9.5-10 | I96: پیور | J96: 300 | K96: PT-2 | L96: 1 | M96: 58.6 | N96: 2 | Q96: 56.6 | R96: ALYAS
A97: B | B97: 3 | C97: 894 F | D97: 45663 | E97: ری سائیکل لوگوشامی | F97: LDN | G97: 19 | H97: 7-7.5 | I97: پیور | J97: 17 | K97: PT-2 | L97: 2 | M97: 99.4 | N97: 4.2 | Q97: 95.2 | R97: ALYAS
A98: B | B98: 3 | C98: 887 F | D98: 45663 | E98: EV2 | F98: LDN | G98: 19 | H98: 12 | I98: پیور | J98: 150 | K98: PT-2 | L98: 2 | M98: 149.6 | N98: 4.2 | Q98: 145.4 | R98: ALYAS
A99: B | B99: 3 | C99: 886 F | D99: 45663 | E99: EV2 | F99: LDN | G99: 15 | H99: 12 | I99: پیور | J99: 200 | K99: PT-2 | L99: 1 | M99: 67.8 | N99: 1.8 | O99: 15 | Q99: 66 | R99: ALYAS
A100: A | B100: 6 | C100: 893 F | D100: 45663 | E100: سادہ لفافہ | F100: LDN | G100: 28 | H100: 8 | I100: پیور | J100: 145 | K100: PT-2 | L100: 2 | M100: 152 | N100: 6.8 | Q100: 145.2 | R100: ALYAS
...
