Workbook
Name Slicer_WEEK_NO.: #N/A

Sheet PP
L1: DAILY OPERATION REVIEW FLEXO PRINTING
A2: DATE | B2: SHIFT | C2: MACHINES | D2: سائز تبدیل | E2: کوالٹی CHANGE | F2: ھیٹنگ | I2: TOTAL MIN | J2: P.S HOURS | K2: الیکٹریکل | L2: ڈایی صاف | M2: مکینیکل | N2: سائز کم | O2: سیمپل چیک | P2: مال میں مسئلہ | Q2: جالی تبدیل | R2: MC OFF | S2: TOTAL MIN | T2: U.P.S HOURS | U2: T.S HOURS | V2: RUNNING | W2: TOTAL HOURS | X2: WASTAGE/KGs | Y2: KWH/KG | Z2: TOTAL PRODUCTION | AA2: TARGET | AB2: RECIPE | AC2: WEEK NO. | AD2: REMARKS | AE2: ACTION | AF2: ACTION PLAN
A3: 45658 | B3: A | C3: 1 | I3: 0 | J3: 0 | S3: 0 | T3: 0 | U3: 0 | V3: 12 | W3: 12 | X3: 54.5 | Y3: 2020 | Z3: 128.83 | AA3: 146 | AB3: 398 | AC3: 1
A4: 45658 | B4: B | C4: 1 | I4: 0 | J4: 0 | S4: 0 | T4: 0 | U4: 0 | V4: 12 | W4: 12 | X4: 54.5 | Z4: 35.75 | AA4: 146 | AC4: 1
A5: 45658 | B5: A | C5: 2 | I5: 0 | J5: 0 | S5: 0 | T5: 0 | U5: 0 | V5: 12 | W5: 12 | X5: 0 | Z5: 63.01 | AA5: 58 | AC5: 1
A6: 45658 | B6: B | C6: 2 | I6: 0 | J6: 0 | S6: 0 | T6: 0 | U6: 0 | V6: 12 | W6: 12 | X6: 0 | Z6: 18.45 | AA6: 58 | AC6: 1
A7: 45658 | B7: A | C7: 3 | I7: 0 | J7: 0 | S7: 0 | T7: 0 | U7: 0 | V7: 12 | W7: 12 | X7: 0 | Z7: 305.65 | AA7: 239 | AC7: 1
A8: 45658 | B8: B | C8: 3 | D8: 25 | I8: 25 | J8: 0.41666667 | S8: 0 | T8: 0 | U8: 0.41666667 | V8: 11.583333 | W8: 12 | X8: 0 | Z8: 255.63 | AA8: 239 | AC8: 1
A9: 45658 | B9: A | C9: 4 | I9: 0 | J9: 0 | S9: 0 | T9: 0 | U9: 0 | V9: 12 | W9: 12 | X9: 0 | Z9: 802.27 | AA9: 797 | AC9: 1
A10: 45658 | B10: B | C10: 4 | I10: 0 | J10: 0 | S10: 0 | T10: 0 | U10: 0 | V10: 12 | W10: 12 | X10: 0 | Z10: 770.81 | AA10: 797 | AC10: 1
A11: 45658 | B11: A | C11: 5 | I11: 0 | J11: 0 | S11: 0 | T11: 0 | U11: 0 | V11: 12 | W11: 12 | X11: 0 | Z11: 617.66 | AA11: 379 | AC11: 1
A12: 45658 | B12: B | C12: 5 | D12: 30 | I12: 30 | J12: 0.5 | S12: 0 | T12: 0 | U12: 0.5 | V12: 11.5 | W12: 12 | X12: 0 | Z12: 567.66 | AA12: 379 | AC12: 1
A13: 45658 | B13: A | C13: 6 | I13: 0 | J13: 0 | S13: 0 | T13: 0 | U13: 0 | V13: 0 | X13: 0 | Z13: 0 | AC13: 1
A14: 45658 | B14: B | C14: 6 | I14: 0 | J14: 0 | S14: 0 | T14: 0 | U14: 0 | V14: 0 | X14: 0 | Z14: 0 | AC14: 1
A15: 45659 | B15: A | C15: 1 | I15: 0 | J15: 0 | K15: 120 | S15: 120 | T15: 2 | U15: 2 | V15: 10 | W15: 12 | X15: 22 | Y15: 2001 | Z15: 130.88 | AA15: 146 | AB15: 398 | AC15: 1
A16: 45659 | B16: B | C16: 1 | I16: 0 | J16: 0 | S16: 0 | T16: 0 | U16: 0 | V16: 12 | W16: 12 | X16: 30 | Z16: 118.84 | AA16: 146 | AC16: 1
A17: 45659 | B17: A | C17: 2 | I17: 0 | J17: 0 | P17: 60 | S17: 60 | T17: 1 | U17: 1 | V17: 11 | W17: 12 | X17: 0 | Z17: 86.37 | AA17: 58 | AC17: 1
A18: 45659 | B18: B | C18: 2 | I18: 0 | J18: 0 | S18: 0 | T18: 0 | U18: 0 | V18: 12 | W18: 12 | X18: 0 | Z18: 72.39 | AA18: 58 | AC18: 1
A19: 45659 | B19: A | C19: 3 | I19: 0 | J19: 0 | S19: 0 | T19: 0 | U19: 0 | V19: 12 | W19: 12 | X19: 0 | Z19: 297.87 | AA19: 239 | AC19: 1
A20: 45659 | B20: B | C20: 3 | I20: 0 | J20: 0 | S20: 0 | T20: 0 | U20: 0 | V20: 12 | W20: 12 | X20: 0 | Z20: 320.82 | AA20: 239 | AC20: 1
A21: 45659 | B21: A | C21: 4 | I21: 0 | J21: 0 | S21: 0 | T21: 0 | U21: 0 | V21: 12 | W21: 12 | X21: 0 | Z21: 875.88 | AA21: 797 | AC21: 1
A22: 45659 | B22: B | C22: 4 | I22: 0 | J22: 0 | S22: 0 | T22: 0 | U22: 0 | V22: 12 | W22: 12 | X22: 0 | Z22: 766.03 | AA22: 797 | AC22: 1
A23: 45659 | B23: A | C23: 5 | I23: 0 | J23: 0 | P23: 120 | S23: 120 | T23: 2 | U23: 2 | V23: 10 | W23: 12 | X23: 0 | Z23: 439.83 | AA23: 379 | AC23: 1
A24: 45659 | B24: B | C24: 5 | I24: 0 | J24: 0 | S24: 0 | T24: 0 | U24: 0 | V24: 12 | W24: 12 | X24: 0 | Z24: 538.48 | AA24: 379 | AC24: 1
A25: 45659 | B25: A | C25: 6 | I25: 0 | J25: 0 | S25: 0 | T25: 0 | U25: 0 | V25: 0 | X25: 0 | Z25: 0 | AC25: 1
A26: 45659 | B26: B | C26: 6 | I26: 0 | J26: 0 | S26: 0 | T26: 0 | U26: 0 | V26: 0 | X26: 0 | Z26: 0 | AC26: 1
A27: 45660 | B27: A | C27: 1 | I27: 0 | J27: 0 | L27: 60 | S27: 60 | T27: 1 | U27: 1 | V27: 11 | W27: 12 | X27: 40 | Y27: 2088 | Z27: 146.12 | AA27: 146 | AB27: 398 | AC27: 1
A28: 45660 | B28: B | C28: 1 | I28: 0 | J28: 0 | S28: 0 | T28: 0 | U28: 0 | V28: 12 | W28: 12 | X28: 30 | Z28: 128.62 | AA28: 146 | AC28: 1
A29: 45660 | B29: A | C29: 2 | I29: 0 | J29: 0 | S29: 0 | T29: 0 | U29: 0 | V29: 12 | W29: 12 | X29: 0 | Z29: 77.15 | AA29: 58 | AC29: 1
A30: 45660 | B30: B | C30: 2 | I30: 0 | J30: 0 | Q30: 45 | S30: 45 | T30: 0.75 | U30: 0.75 | V30: 11.25 | W30: 12 | X30: 0 | Z30: 91.46 | AA30: 58 | AC30: 1
A31: 45660 | B31: A | C31: 3 | I31: 0 | J31: 0 | S31: 0 | T31: 0 | U31: 0 | V31: 12 | W31: 12 | X31: 0 | Z31: 291.53 | AA31: 239 | AC31: 1
A32: 45660 | B32: B | C32: 3 | I32: 0 | J32: 0 | S32: 0 | T32: 0 | U32: 0 | V32: 12 | W32: 12 | X32: 0 | Z32: 289.84 | AA32: 239 | AC32: 1
A33: 45660 | B33: A | C33: 4 | I33: 0 | J33: 0 | S33: 0 | T33: 0 | U33: 0 | V33: 12 | W33: 12 | X33: 0 | Z33: 797.05 | AA33: 797 | AC33: 1
A34: 45660 | B34: B | C34: 4 | I34: 0 | J34: 0 | S34: 0 | T34: 0 | U34: 0 | V34: 12 | W34: 12 | X34: 0 | Z34: 826.54 | AA34: 797 | AC34: 1
A35: 45660 | B35: A | C35: 5 | I35: 0 | J35: 0 | S35: 0 | T35: 0 | U35: 0 | V35: 12 | W35: 12 | X35: 0 | Z35: 504.73 | AA35: 379 | AC35: 1
A36: 45660 | B36: B | C36: 5 | D36: 10 | I36: 10 | J36: 0.16666667 | S36: 0 | T36: 0 | U36: 0.16666667 | V36: 11.833333 | W36: 12 | X36: 0 | Z36: 557.98 | AA36: 379 | AC36: 1
A37: 45660 | B37: A | C37: 6 | I37: 0 | J37: 0 | S37: 0 | T37: 0 | U37: 0 | V37: 0 | X37: 0 | Z37: 0 | AC37: 1
A38: 45660 | B38: B | C38: 6 | I38: 0 | J38: 0 | S38: 0 | T38: 0 | U38: 0 | V38: 0 | X38: 0 | Z38: 0 | AC38: 1
A39: 45661 | B39: A | C39: 1 | D39: 10 | I39: 10 | J39: 0.16666667 | S39: 0 | T39: 0 | U39: 0.16666667 | V39: 11.833333 | W39: 12 | X39: 42 | Y39: 1778 | Z39: 152.52 | AA39: 146 | AB39: 398 | AC39: 1
A40: 45661 | B40: B | C40: 1 | I40: 0 | J40: 0 | S40: 0 | T40: 0 | U40: 0 | V40: 12 | W40: 12 | X40: 42 | Z40: 203.11 | AA40: 146 | AC40: 1
A41: 45661 | B41: A | C41: 2 | I41: 0 | J41: 0 | S41: 0 | T41: 0 | U41: 0 | V41: 0 | X41: 0 | Z41: 0 | AA41: 58 | AC41: 1
A42: 45661 | B42: B | C42: 2 | I42: 0 | J42: 0 | S42: 0 | T42: 0 | U42: 0 | V42: 0 | X42: 0 | Z42: 0 | AA42: 58 | AC42: 1
A43: 45661 | B43: A | C43: 3 | I43: 0 | J43: 0 | S43: 0 | T43: 0 | U43: 0 | V43: 12 | W43: 12 | X43: 0 | Z43: 336.32 | AA43: 239 | AC43: 1
A44: 45661 | B44: B | C44: 3 | I44: 0 | J44: 0 | S44: 0 | T44: 0 | U44: 0 | V44: 12 | W44: 12 | X44: 0 | Z44: 367.92 | AA44: 239 | AC44: 1
A45: 45661 | B45: A | C45: 4 | I45: 0 | J45: 0 | S45: 0 | T45: 0 | U45: 0 | V45: 12 | W45: 12 | X45: 0 | Z45: 787.81 | AA45: 797 | AC45: 1
A46: 45661 | B46: B | C46: 4 | I46: 0 | J46: 0 | S46: 0 | T46: 0 | U46: 0 | V46: 12 | W46: 12 | X46: 0 | Z46: 912.64 | AA46: 797 | AC46: 1
A47: 45661 | B47: A | C47: 5 | I47: 0 | J47: 0 | S47: 0 | T47: 0 | U47: 0 | V47: 0 | X47: 0 | Z47: 0 | AA47: 379 | AC47: 1
A48: 45661 | B48: B | C48: 5 | I48: 0 | J48: 0 | S48: 0 | T48: 0 | U48: 0 | V48: 0 | X48: 0 | Z48: 0 | AA48: 379 | AC48: 1
A49: 45661 | B49: A | C49: 6 | I49: 0 | J49: 0 | S49: 0 | T49: 0 | U49: 0 | V49: 0 | X49: 0 | Z49: 0 | AC49: 1
A50: 45661 | B50: B | C50: 6 | I50: 0 | J50: 0 | S50: 0 | T50: 0 | U50: 0 | V50: 0 | X50: 0 | Z50: 0 | AC50: 1
A51: 45662 | B51: A | C51: 1 | I51: 0 | J51: 0 | S51: 0 | T51: 0 | U51: 0 | V51: 12 | W51: 12 | X51: 38 | Y51: 1653 | Z51: 155.63 | AA51: 146 | AB51: 398 | AC51: 1
A52: 45662 | B52: B | C52: 1 | I52: 0 | J52: 0 | S52: 0 | T52: 0 | U52: 0 | V52: 12 | W52: 12 | X52: 38 | Z52: 308.12 | AA52: 146 | AC52: 1
A53: 45662 | B53: A | C53: 2 | I53: 0 | J53: 0 | M53: 120 | S53: 120 | T53: 2 | U53: 2 | V53: 10 | W53: 12 | X53: 0 | Z53: 100.74 | AA53: 58 | AC53: 1
A54: 45662 | B54: B | C54: 2 | I54: 0 | J54: 0 | S54: 0 | T54: 0 | U54: 0 | V54: 12 | W54: 12 | X54: 0 | Z54: 80.96 | AA54: 58 | AC54: 1
A55: 45662 | B55: A | C55: 3 | I55: 0 | J55: 0 | S55: 0 | T55: 0 | U55: 0 | V55: 0 | X55: 0 | Z55: 0 | AA55: 239 | AC55: 1
A56: 45662 | B56: B | C56: 3 | I56: 0 | J56: 0 | S56: 0 | T56: 0 | U56: 0 | V56: 0 | X56: 0 | Z56: 0 | AA56: 239 | AC56: 1
A57: 45662 | B57: A | C57: 4 | I57: 0 | J57: 0 | S57: 0 | T57: 0 | U57: 0 | V57: 12 | W57: 12 | X57: 0 | Z57: 751.23 | AA57: 797 | AC57: 1
A58: 45662 | B58: B | C58: 4 | D58: 30 | I58: 30 | J58: 0.5 | S58: 0 | T58: 0 | U58: 0.5 | V58: 11.5 | W58: 12 | X58: 0 | Z58: 832.83 | AA58: 797 | AC58: 1
A59: 45662 | B59: A | C59: 5 | I59: 0 | J59: 0 | S59: 0 | T59: 0 | U59: 0 | V59: 12 | W59: 12 | X59: 0 | Z59: 381.21 | AA59: 379 | AC59: 1
A60: 45662 | B60: B | C60: 5 | I60: 0 | J60: 0 | S60: 0 | T60: 0 | U60: 0 | V60: 12 | W60: 12 | X60: 0 | Z60: 253.16 | AA60: 379 | AC60: 1
A61: 45662 | B61: A | C61: 6 | I61: 0 | J61: 0 | S61: 0 | T61: 0 | U61: 0 | V61: 0 | X61: 0 | Z61: 0 | AC61: 1
A62: 45662 | B62: B | C62: 6 | I62: 0 | J62: 0 | S62: 0 | T62: 0 | U62: 0 | V62: 0 | X62: 0 | Z62: 0 | AC62: 1
A63: 45663 | B63: A | C63: 1 | I63: 0 | J63: 0 | K63: 90 | S63: 90 | T63: 1.5 | U63: 1.5 | V63: 10.5 | W63: 12 | X63: 44 | Y63: 2000 | Z63: 191.24 | AA63: 3900 | AB63: 398 | AC63: 2
A64: 45663 | B64: B | C64: 1 | I64: 0 | J64: 0 | S64: 0 | T64: 0 | U64: 0 | V64: 12 | W64: 12 | X64: 44 | Z64: 164.57 | AC64: 2
A65: 45663 | B65: A | C65: 2 | I65: 0 | J65: 0 | S65: 0 | T65: 0 | U65: 0 | V65: 12 | W65: 12 | X65: 0 | Z65: 136.64 | AC65: 2
A66: 45663 | B66: B | C66: 2 | I66: 0 | J66: 0 | S66: 0 | T66: 0 | U66: 0 | V66: 12 | W66: 12 | X66: 0 | Z66: 135.43 | AC66: 2
A67: 45663 | B67: A | C67: 3 | D67: 40 | I67: 40 | J67: 0.66666667 | S67: 0 | T67: 0 | U67: 0.66666667 | V67: 11.333333 | W67: 12 | X67: 0 | Z67: 247.76 | AC67: 2
A68: 45663 | B68: B | C68: 3 | I68: 0 | J68: 0 | S68: 0 | T68: 0 | U68: 0 | V68: 12 | W68: 12 | X68: 0 | Z68: 270.19 | AC68: 2
A69: 45663 | B69: A | C69: 4 | D69: 30 | I69: 30 | J69: 0.5 | S69: 0 | T69: 0 | U69: 0.5 | V69: 11.5 | W69: 12 | X69: 0 | Z69: 895.63 | AC69: 2
A70: 45663 | B70: B | C70: 4 | I70: 0 | J70: 0 | K70: 90 | S70: 90 | T70: 1.5 | U70: 1.5 | V70: 10.5 | W70: 12 | X70: 0 | Z70: 757.72 | AC70: 2
A71: 45663 | B71: A | C71: 5 | I71: 0 | J71: 0 | M71: 60 | S71: 60 | T71: 1 | U71: 1 | V71: 11 | W71: 12 | X71: 0 | Z71: 207.11 | AC71: 2
A72: 45663 | B72: B | C72: 5 | I72: 0 | J72: 0 | S72: 0 | T72: 0 | U72: 0 | V72: 12 | W72: 12 | X72: 0 | Z72: 617.28 | AC72: 2
A73: 45663 | B73: A | C73: 6 | I73: 0 | J73: 0 | S73: 0 | T73: 0 | U73: 0 | V73: 0 | X73: 0 | Z73: 0 | AC73: 2
A74: 45663 | B74: B | C74: 6 | I74: 0 | J74: 0 | S74: 0 | T74: 0 | U74: 0 | V74: 0 | X74: 0 | Z74: 0 | AC74: 2
A75: 45664 | B75: A | C75: 1 | I75: 0 | J75: 0 | S75: 0 | T75: 0 | U75: 0 | V75: 12 | W75: 12 | X75: 30 | Y75: 2163 | Z75: 186.47 | AA75: 3900 | AB75: 398 | AC75: 2
A76: 45664 | B76: B | C76: 1 | I76: 0 | J76: 0 | S76: 0 | T76: 0 | U76: 0 | V76: 12 | W76: 12 | X76: 102 | Z76: 180.26 | AC76: 2
A77: 45664 | B77: A | C77: 2 | I77: 0 | J77: 0 | S77: 0 | T77: 0 | U77: 0 | V77: 12 | W77: 12 | X77: 0 | Z77: 146.84 | AC77: 2
A78: 45664 | B78: B | C78: 2 | I78: 0 | J78: 0 | S78: 0 | T78: 0 | U78: 0 | V78: 12 | W78: 12 | X78: 0 | Z78: 126.63 | AC78: 2
A79: 45664 | B79: A | C79: 3 | I79: 0 | J79: 0 | S79: 0 | T79: 0 | U79: 0 | V79: 12 | W79: 12 | X79: 0 | Z79: 259.13 | AC79: 2
A80: 45664 | B80: B | C80: 3 | I80: 0 | J80: 0 | S80: 0 | T80: 0 | U80: 0 | V80: 12 | W80: 12 | X80: 0 | Z80: 264.42 | AC80: 2
A81: 45664 | B81: A | C81: 4 | I81: 0 | J81: 0 | S81: 0 | T81: 0 | U81: 0 | V81: 12 | W81: 12 | X81: 0 | Z81: 640.16 | AC81: 2
A82: 45664 | B82: B | C82: 4 | I82: 0 | J82: 0 | S82: 0 | T82: 0 | U82: 0 | V82: 12 | W82: 12 | X82: 0 | Z82: 860.62 | AC82: 2
A83: 45664 | B83: A | C83: 5 | I83: 0 | J83: 0 | S83: 0 | T83: 0 | U83: 0 | V83: 12 | W83: 12 | X83: 0 | Z83: 580.83 | AC83: 2
A84: 45664 | B84: B | C84: 5 | I84: 0 | J84: 0 | S84: 0 | T84: 0 | U84: 0 | V84: 12 | W84: 12 | X84: 0 | Z84: 629.04 | AC84: 2
A85: 45664 | B85: A | C85: 6 | I85: 0 | J85: 0 | S85: 0 | T85: 0 | U85: 0 | V85: 0 | X85: 0 | Z85: 0 | AC85: 2
A86: 45664 | B86: B | C86: 6 | I86: 0 | J86: 0 | S86: 0 | T86: 0 | U86: 0 | V86: 0 | X86: 0 | Z86: 0 | AC86: 2
A87: 45665 | B87: A | C87: 1 | I87: 0 | J87: 0 | S87: 0 | T87: 0 | U87: 0 | V87: 12 | W87: 12 | X87: 31 | Y87: 2087 | Z87: 186.06 | AA87: 4000 | AB87: 398 | AC87: 2
A88: 45665 | B88: B | C88: 1 | I88: 0 | J88: 0 | S88: 0 | T88: 0 | U88: 0 | V88: 12 | W88: 12 | X88: 61 | Z88: 182.93 | AC88: 2
A89: 45665 | B89: A | C89: 2 | D89: 30 | I89: 30 | J89: 0.5 | S89: 0 | T89: 0 | U89: 0.5 | V89: 11.5 | W89: 12 | X89: 0 | Z89: 99.04 | AC89: 2
A90: 45665 | B90: B | C90: 2 | I90: 0 | J90: 0 | S90: 0 | T90: 0 | U90: 0 | V90: 12 | W90: 12 | X90: 0 | Z90: 98.19 | AC90: 2
A91: 45665 | B91: A | C91: 3 | D91: 30 | I91: 30 | J91: 0.5 | S91: 0 | T91: 0 | U91: 0.5 | V91: 11.5 | W91: 12 | X91: 0 | Z91: 258.59 | AC91: 2
A92: 45665 | B92: B | C92: 3 | I92: 0 | J92: 0 | S92: 0 | T92: 0 | U92: 0 | V92: 12 | W92: 12 | X92: 0 | Z92: 266.8 | AC92: 2
A93: 45665 | B93: A | C93: 4 | I93: 0 | J93: 0 | S93: 0 | T93: 0 | U93: 0 | V93: 12 | W93: 12 | X93: 0 | Z93: 748.38 | AC93: 2
A94: 45665 | B94: B | C94: 4 | I94: 0 | J94: 0 | S94: 0 | T94: 0 | U94: 0 | V94: 12 | W94: 12 | X94: 0 | Z94: 829.67 | AC94: 2
A95: 45665 | B95: A | C95: 5 | I95: 0 | J95: 0 | S95: 0 | T95: 0 | U95: 0 | V95: 12 | W95: 12 | X95: 0 | Z95: 598.8 | AC95: 2
A96: 45665 | B96: B | C96: 5 | I96: 0 | J96: 0 | S96: 0 | T96: 0 | U96: 0 | V96: 12 | W96: 12 | X96: 0 | Z96: 626.49 | AC96: 2
A97: 45665 | B97: A | C97: 6 | I97: 0 | J97: 0 | S97: 0 | T97: 0 | U97: 0 | V97: 0 | X97: 0 | Z97: 0 | AC97: 2
A98: 45665 | B98: B | C98: 6 | I98: 0 | J98: 0 | S98: 0 | T98: 0 | U98: 0 | V98: 0 | X98: 0 | Z98: 0 | AC98: 2
A99: 45666 | B99: A | C99: 1 | I99: 0 | J99: 0 | K99: 30 | S99: 30 | T99: 0.5 | U99: 0.5 | V99: 11.5 | W99: 12 | X99: 40 | Y99: 2057 | Z99: 209.47 | AA99: 3700 | AB99: 398 | AC99: 2
A100: 45666 | B100: B | C100: 1 | I100: 0 | J100: 0 | S100: 0 | T100: 0 | U100: 0 | V100: 12 | W100: 12 | X100: 45 | Z100: 208.77 | AC100: 2
...

Sheet PP PRD
A1: SHIFT | B1: MCH# | C1: SO# | D1: DATE | E1: JOB NAME | F1: MATERIAL | G1: SIZE | H1: GUAGE | I1: QUALITY | J1: ORDER WEIGHT | K1: SECTION | L1: NO OF ROLLS | M1: G. WEIGHT | N1: CORE WEIGHT | O1: PRD WATSE | P1: SAMPLE WASTE | Q1: NET WEIGHT | R1: FOREMAN | S1: کوالٹی CHANGE | T1: ھیٹنگ | U1: MACHINE ON | V1: TOTAL MIN | W1: P.S HOURS | X1: الیکٹریکل | Y1: ڈایی صاف | Z1: مکینیکل | AA1: سائز کم | AB1: سیمپل چیک | AC1: OTHER | AD1: جالی تبدیل | AE1: TREET | AF1: TOTAL MIN_1 | AG1: U.P.S HOURS | AH1: T.S HOURS | AI1: RUNNING | AJ1: TOTAL HOURS | AK1: WASTAGE/KGs | AL1: KWH/KG | AM1: TOTAL PRODUCTION | AN1: TARGET | AO1: RECIPE | AP1: WEEK NO. | AQ1: REMARKS | AR1: ACTION | AS1: ACTION PLAN | AT1: REMARKS_2
A2: A | B2: 1 | C2: 4 P | D2: 45809 | E2: سادہ لفافہ | F2: PP | G2: 3 | H2: 5.5-6 | I2: 0 | J2: - | K2: PP | L2: 14 | M2: 157.7 | N2: 4.2 | O2: 21 | Q2: 153.5
A3: B | B3: 1 | C3: 4 P | D3: 45809 | E3: سادہ لفافہ | F3: PP | G3: 3 | H3: 5.5-6 | I3: 0 | J3: - | K3: PP | L3: 15 | M3: 164.97 | N3: 4.5 | O3: 21 | Q3: 160.47
A4: A | B4: 2 | C4: 8 P | D4: 45809 | E4: سادہ لفافہ | F4: PP | G4: 5 | H4: 5.5-6 | I4: 0 | J4: - | K4: PP | L4: 14 | M4: 176.7 | N4: 5.6 | Q4: 171.1
A5: B | B5: 2 | C5: 8 P | D5: 45809 | E5: سادہ لفافہ | F5: PP | G5: 5 | H5: 5.5-6 | I5: 0 | J5: - | K5: PP | L5: 15 | M5: 187.62 | N5: 6 | Q5: 181.62
A6: A | B6: 3 | C6: 10 P | D6: 45809 | E6: سادہ لفافہ | F6: PP | G6: 7 | H6: 5 | I6: 0 | J6: - | K6: PP | L6: 7 | M6: 255.13 | N6: 5.6 | Q6: 249.53
A7: B | B7: 3 | C7: 10 P | D7: 45809 | E7: سادہ لفافہ | F7: PP | G7: 7 | H7: 5 | I7: 0 | J7: - | K7: PP | L7: 7 | M7: 250.49 | N7: 6.3 | Q7: 244.19
A8: A | B8: 4 | C8: 6941/6 | D8: 45809 | E8: رول | F8: PP | G8: 17 | H8: 6.5 | I8: 0 | J8: 400 | K8: PP | L8: 6 | M8: 184.7 | N8: 12.6 | Q8: 172.1
A9: A | B9: 4 | C9: 6940/2 | D9: 45809 | E9: رول | F9: PP | G9: 15 | H9: 5 | I9: 0 | J9: 200 | K9: PP | L9: 7 | M9: 216.99 | N9: 11.9 | Q9: 205.09
A10: A | B10: 4 | C10: 6941/4 | D10: 45809 | E10: رول | F10: PP | G10: 15 | H10: 6.5 | I10: 0 | J10: 900 | K10: PP | L10: 8 | M10: 247.83 | N10: 14.4 | Q10: 233.43
A11: B | B11: 4 | C11: 6941/4 | D11: 45809 | E11: رول | F11: PP | G11: 15 | H11: 6.5 | I11: 0 | J11: 900 | K11: PP | L11: 15 | M11: 480.06 | N11: 25.5 | Q11: 454.56
A12: B | B12: 4 | C12: 2599 J | D12: 45809 | E12: سادہ لفافہ سپر یونیفارم | F12: PP | G12: 15 | H12: 8-8.5 | I12: .1:1 | J12: 50 | K12: PP | L12: 4 | M12: 156.94 | N12: 6 | Q12: 150.94
A13: A | B13: 5 | C13: 16 P | D13: 45809 | E13: سادہ لفافہ | F13: PP | G13: 13 | H13: 5 | I13: 0 | J13: - | K13: PP | L13: 16 | M13: 512.68 | N13: 25.6 | Q13: 487.08
A14: B | B14: 5 | C14: 16 P | D14: 45809 | E14: سادہ لفافہ | F14: PP | G14: 13 | H14: 5 | I14: 0 | J14: - | K14: PP | L14: 4 | M14: 124.17 | N14: 6.4 | Q14: 117.77
A15: B | B15: 5 | C15: 15 P | D15: 45809 | E15: سادہ لفافہ | F15: PP | G15: 12 | H15: 5 | I15: 0 | J15: - | K15: PP | L15: 12 | M15: 385.6 | N15: 18 | Q15: 367.6
A16: A | B16: 1 | C16: 4 P | D16: 45810 | E16: سادہ لفافہ | F16: PP | G16: 3 | H16: 5.5-6 | I16: 0 | J16: - | K16: PP | L16: 2 | M16: 35.98 | N16: 0.6 | O16: 30 | Q16: 35.38
A17: A | B17: 1 | C17: 2 P | D17: 45810 | E17: سادہ لفافہ | F17: PP | G17: 2 | H17: 5.5-6 | I17: 0 | J17: - | K17: PP | L17: 10 | M17: 94.25 | N17: 2 | Q17: 92.25
A18: B | B18: 1 | C18: 2 P | D18: 45810 | E18: سادہ لفافہ | F18: PP | G18: 2 | H18: 5.5-6 | I18: 0 | J18: - | K18: PP | L18: 12 | M18: 102.96 | N18: 2.4 | O18: 25 | Q18: 100.56
A19: A | B19: 2 | C19: 6 P | D19: 45810 | E19: سادہ لفافہ | F19: PP | G19: 4 | H19: 5.5-6 | I19: 0 | J19: - | K19: PP | L19: 10 | M19: 116.02 | N19: 4 | Q19: 112.02
A20: B | B20: 2 | C20: 6 P | D20: 45810 | E20: سادہ لفافہ | F20: PP | G20: 4 | H20: 5.5-6 | I20: 0 | J20: - | K20: PP | L20: 5 | M20: 66.74 | N20: 2 | Q20: 64.74
A21: A | B21: 3 | C21: 10 P | D21: 45810 | E21: سادہ لفافہ | F21: PP | G21: 7 | H21: 5 | I21: 0 | J21: - | K21: PP | L21: 2 | M21: 48.06 | N21: 1.4 | Q21: 46.66
A22: A | B22: 3 | C22: 6938/1 | D22: 45810 | E22: لفافہ | F22: PP | G22: 7 | H22: 15 | I22: 0 | J22: 250 | K22: PP | L22: 9 | M22: 257.82 | N22: 6.3 | Q22: 251.52
A23: B | B23: 3 | C23: 6938/1 | D23: 45810 | E23: لفافہ | F23: PP | G23: 7 | H23: 15 | I23: 0 | J23: 250 | K23: PP | L23: 10 | M23: 329.06 | N23: 7 | Q23: 322.06
A24: A | B24: 4 | C24: 6941/4 | D24: 45810 | E24: رول | F24: PP | G24: 15 | H24: 6.5 | I24: 0 | J24: 900 | K24: PP | L24: 8 | M24: 243.14 | N24: 14.4 | Q24: 228.74
A25: A | B25: 4 | C25: 6916/1 | D25: 45810 | E25: لفافہ | F25: PP | G25: 14 | H25: 5 | I25: 0 | J25: 150 | K25: PP | L25: 8 | M25: 321.89 | N25: 13.6 | Q25: 308.29
A26: A | B26: 4 | C26: 6941/3 | D26: 45810 | E26: رول | F26: PP | G26: 14 | H26: 6.5 | I26: 0 | J26: 300 | K26: PP | L26: 2 | M26: 60.19 | N26: 3.5 | Q26: 56.69
A27: B | B27: 4 | C27: 6941/3 | D27: 45810 | E27: رول | F27: PP | G27: 14 | H27: 6.5 | I27: 0 | J27: 300 | K27: PP | L27: 14 | M27: 549.6 | N27: 23.8 | Q27: 525.8
A28: A | B28: 5 | C28: 15 P | D28: 45810 | E28: سادہ لفافہ | F28: PP | G28: 12 | H28: 5 | I28: 0 | J28: - | K28: PP | L28: 10 | M28: 444.9 | N28: 14 | Q28: 430.9
A29: B | B29: 5 | C29: 15 P | D29: 45810 | E29: سادہ لفافہ | F29: PP | G29: 12 | H29: 5 | I29: 0 | J29: - | K29: PP | L29: 12 | M29: 519.41 | N29: 16.8 | Q29: 502.61
A30: A | B30: 1 | C30: 2 P | D30: 45811 | E30: سادہ لفافہ | F30: PP | G30: 2 | H30: 5.5-6 | I30: 0 | J30: - | K30: PP | L30: 10 | M30: 115 | N30: 2 | O30: 35 | Q30: 113
A31: B | B31: 1 | C31: 2 P | D31: 45811 | E31: سادہ لفافہ | F31: PP | G31: 2 | H31: 5.5-6 | I31: 0 | J31: - | K31: PP | L31: 10 | M31: 97.49 | N31: 2 | O31: 65 | Q31: 95.49
A32: A | B32: 2 | C32: 6 P | D32: 45811 | E32: سادہ لفافہ | F32: PP | G32: 4 | H32: 5.5-6 | I32: 0 | J32: - | K32: PP | L32: 9 | M32: 262.66 | N32: 3.6 | Q32: 259.06
A33: B | B33: 2 | C33: 6 P | D33: 45811 | E33: سادہ لفافہ | F33: PP | G33: 4 | H33: 5.5-6 | I33: 0 | J33: - | K33: PP | L33: 12 | M33: 171.27 | N33: 4.8 | Q33: 166.47
A34: A | B34: 3 | C34: 10 P | D34: 45811 | E34: سادہ لفافہ | F34: PP | G34: 7 | H34: 5 | I34: 0 | J34: - | K34: PP | L34: 8 | M34: 300.01 | N34: 5.6 | Q34: 294.41
A35: B | B35: 3 | C35: 10 P | D35: 45811 | E35: سادہ لفافہ | F35: PP | G35: 7 | H35: 5 | I35: 0 | J35: - | K35: PP | L35: 4 | M35: 270.88 | N35: 2.8 | Q35: 268.08
A36: A | B36: 4 | C36: 2625 J | D36: 45811 | E36: سادہ رول جیلانی پولی سٹاک | F36: PP | G36: 20 | H36: 5-5.5 | I36: .1:1 | J36: 1000 | K36: PP | L36: 13 | M36: 666.18 | N36: 32.5 | Q36: 633.68
A37: B | B37: 4 | C37: 2671 J | D37: 45811 | E37: (1X1)بندوخاں برگر بن | F37: PP | G37: 18" شیٹ | H37: 4-4.5/8-9 | I37: .1:1 | J37: 50 | K37: PP | L37: 15 | M37: 647.09 | N37: 27 | Q37: 620.09
A38: B | B38: 4 | C38: 2668 J | D38: 45811 | E38: بندوخاں پلین شیر مال | F38: PP | G38: 22" شیٹ | H38: 4-4.5/8-9 | I38: .1:1 | J38: 100 | K38: PP | L38: 1 | M38: 50.79 | N38: 2.2 | Q38: 48.59
A39: A | B39: 5 | C39: 15 P | D39: 45811 | E39: سادہ لفافہ | F39: PP | G39: 12 | H39: 5 | I39: 0 | J39: - | K39: PP | L39: 2 | M39: 106.38 | N39: 3 | Q39: 103.38
A40: A | B40: 5 | C40: 6916/4 | D40: 45811 | E40: لفافہ | F40: PP | G40: 9 | H40: 4.5 | I40: 0 | J40: 150 | K40: PP | L40: 6 | M40: 165.42 | N40: 7.2 | Q40: 158.22
A41: B | B41: 5 | C41: 6916/3 | D41: 45811 | E41: لفافہ | F41: PP | G41: 11 | H41: 4.5 | I41: 0 | J41: 150 | K41: PP | L41: 11 | M41: 365.63 | N41: 12.1 | Q41: 353.53
A42: B | B42: 5 | C42: 6916/3 | D42: 45811 | E42: لفافہ | F42: PP | G42: 11 | H42: 4.5 | I42: 0 | J42: 150 | K42: PP | L42: 2 | M42: 69.91 | N42: 2.2 | Q42: 67.71
A43: A | B43: 1 | C43: 2 P | D43: 45812 | E43: سادہ لفافہ | F43: PP | G43: 2 | H43: 5.5-6 | I43: 0 | J43: - | K43: PP | L43: 11 | M43: 121.64 | N43: 2.2 | O43: 25 | Q43: 119.44
A44: B | B44: 1 | C44: 2 P | D44: 45812 | E44: سادہ لفافہ | F44: PP | G44: 2 | H44: 5.5-6 | I44: 0 | J44: - | K44: PP | L44: 3 | M44: 32.3 | N44: 0.6 | O44: 34 | Q44: 31.7
A45: B | B45: 1 | C45: 8 P | D45: 45812 | E45: سادہ لفافہ | F45: PP | G45: 5 | H45: 5.5-6 | I45: 0 | J45: - | K45: PP | L45: 7 | M45: 131.74 | N45: 3.5 | Q45: 128.24
A46: A | B46: 2 | C46: 6 P | D46: 45812 | E46: سادہ لفافہ | F46: PP | G46: 4 | H46: 5.5-6 | I46: 0 | J46: - | K46: PP | L46: 9 | M46: 143.03 | N46: 3.6 | Q46: 139.43
A47: B | B47: 2 | C47: 6 P | D47: 45812 | E47: سادہ لفافہ | F47: PP | G47: 4 | H47: 5.5-6 | I47: 0 | J47: - | K47: PP | L47: 11 | M47: 175.5 | N47: 4.4 | Q47: 171.1
A48: A | B48: 3 | C48: 10 P | D48: 45812 | E48: سادہ لفافہ | F48: PP | G48: 7 | H48: 5 | I48: 0 | J48: - | K48: PP | L48: 7 | M48: 244.76 | N48: 4.9 | Q48: 239.86
A49: B | B49: 3 | C49: 10 P | D49: 45812 | E49: سادہ لفافہ | F49: PP | G49: 7 | H49: 5 | I49: 0 | J49: - | K49: PP | L49: 7 | M49: 241.44 | N49: 4.9 | Q49: 236.54
A50: A | B50: 4 | C50: 2626 J | D50: 45812 | E50: سادہ رول جیلانی پولی سٹاک | F50: PP | G50: 22 | H50: 5-5.5 | I50: .1:1 | J50: 500 | K50: PP | L50: 10 | M50: 567.29 | N50: 27 | Q50: 540.29
A51: A | B51: 4 | C51: 1667 F | D51: 45812 | E51: سادہ لفافہ | F51: PP | G51: 22 | H51: 8 | I51: پیور | J51: 50 | K51: PP | L51: 1 | M51: 55.08 | N51: 2.8 | Q51: 52.28
A52: B | B52: 4 | C52: 6953/1 | D52: 45812 | E52: لفافہ | F52: PP | G52: 27 | H52: 6 | I52: 0 | J52: 100 | K52: PP | L52: 4 | M52: 231.69 | N52: 13.6 | Q52: 218.09
A53: B | B53: 4 | C53: 2635 J | D53: 45812 | E53: ہائی کلاس رسک | F53: PP | G53: 28 شیٹ | H53: 4-4.5/8-9 | I53: 1:1 | J53: 100 | K53: PP | L53: 2 | M53: 95.63 | N53: 6.8 | Q53: 88.83
A54: B | B54: 4 | C54: 2627 J | D54: 45812 | E54: سادہ رول جیلانی پولی سٹاک | F54: PP | G54: 28 | H54: 5-5.5 | I54: .1:1 | J54: 1000 | K54: PP | L54: 3 | M54: 185.89 | N54: 10.2 | Q54: 175.69
A55: B | B55: 4 | C55: 2634 J | D55: 45812 | E55: ہائی کلاس رسک | F55: PP | G55: 28 شیٹ | H55: 4-4.5/8-9 | I55: 1:1 | J55: 200 | K55: PP | L55: 2 | M55: 93.3 | N55: 6.8 | Q55: 86.5
A56: A | B56: 5 | C56: 14 P | D56: 45812 | E56: سادہ لفافہ | F56: PP | G56: 11 | H56: 5 | I56: 0 | J56: - | K56: PP | L56: 8 | M56: 251.69 | N56: 10.4 | Q56: 241.29
A57: A | B57: 5 | C57: 16 P | D57: 45812 | E57: سادہ لفافہ | F57: PP | G57: 13 | H57: 5 | I57: 0 | J57: - | K57: PP | L57: 4 | M57: 132.02 | N57: 5.7 | Q57: 126.32
A58: A | B58: 5 | C58: 1660 F | D58: 45812 | E58: سادہ لفافہ | F58: PP | G58: 13 | H58: 8 | I58: - | J58: 100 | K58: PP | L58: 2 | M58: 96.75 | N58: 3 | Q58: 93.75
A59: B | B59: 5 | C59: 1660 F | D59: 45812 | E59: سادہ لفافہ | F59: PP | G59: 13 | H59: 8 | I59: - | J59: 100 | K59: PP | L59: 14 | M59: 515.01 | N59: 18.2 | Q59: 496.81
A60: A | B60: 1 | C60: 8 P | D60: 45813 | E60: سادہ لفافہ | F60: PP | G60: 5 | H60: 5.5-6 | I60: 0 | J60: - | K60: PP | L60: 8 | M60: 169.77 | N60: 4 | O60: 13 | Q60: 165.77
A61: B | B61: 1 | C61: 8 P | D61: 45813 | E61: سادہ لفافہ | F61: PP | G61: 5 | H61: 5.5-6 | I61: 0 | J61: - | K61: PP | L61: 6 | M61: 109.82 | N61: 3 | O61: 20 | Q61: 106.82
A62: A | B62: 2 | C62: 6 P | D62: 45813 | E62: سادہ لفافہ | F62: PP | G62: 4 | H62: 5.5-6 | I62: 0 | J62: - | K62: PP | L62: 9 | M62: 136 | N62: 3.6 | Q62: 132.4
A63: B | B63: 2 | C63: 6 P | D63: 45813 | E63: سادہ لفافہ | F63: PP | G63: 4 | H63: 5.5-6 | I63: 0 | J63: - | K63: PP | L63: 7 | M63: 111.1 | N63: 2.8 | Q63: 108.3
A64: A | B64: 3 | C64: 10 P | D64: 45813 | E64: سادہ لفافہ | F64: PP | G64: 7 | H64: 5 | I64: 0 | J64: - | K64: PP | L64: 4 | M64: 146.85 | N64: 2.8 | Q64: 144.05
A65: A | B65: 3 | C65: 15 P | D65: 45813 | E65: سادہ لفافہ | F65: PP | G65: 12 | H65: 5 | I65: 0 | J65: - | K65: PP | L65: 4 | M65: 150.59 | N65: 5.3 | Q65: 145.29
A66: B | B66: 3 | C66: 15 P | D66: 45813 | E66: سادہ لفافہ | F66: PP | G66: 12 | H66: 5 | I66: 0 | J66: - | K66: PP | L66: 4 | M66: 154.71 | N66: 5.6 | Q66: 149.11
A67: A | B67: 4 | C67: 2635 J | D67: 45813 | E67: ہائی کلاس رسک | F67: PP | G67: 28 شیٹ | H67: 4-4.5/8-9 | I67: 1:1 | J67: 100 | K67: PP | L67: 2 | M67: 115.15 | N67: 6.7 | Q67: 108.45
A68: A | B68: 4 | C68: 2627 J | D68: 45813 | E68: سادہ رول جیلانی پولی سٹاک | F68: PP | G68: 28 | H68: 5-5.5 | I68: .1:1 | J68: 1000 | K68: PP | L68: 9 | M68: 522.29 | N68: 29.7 | Q68: 492.59
A69: B | B69: 4 | C69: 2627 J | D69: 45813 | E69: سادہ رول جیلانی پولی سٹاک | F69: PP | G69: 28 | H69: 5-5.5 | I69: .1:1 | J69: 1000 | K69: PP | L69: 7 | M69: 431.58 | N69: 24.5 | Q69: 407.08
A70: A | B70: 5 | C70: 16 P | D70: 45813 | E70: سادہ لفافہ | F70: PP | G70: 13 | H70: 5 | I70: 0 | J70: - | K70: PP | L70: 9 | M70: 327.17 | N70: 13.5 | Q70: 313.67
A71: A | B71: 5 | C71: 2624 J | D71: 45813 | E71: سادہ رول جیلانی پولی سٹاک | F71: PP | G71: 18 | H71: 5-5.5 | I71: .1:1 | J71: 1000 | K71: PP | L71: 4 | M71: 186.4 | N71: 8.1 | Q71: 178.3
A72: B | B72: 5 | C72: 2624 J | D72: 45813 | E72: سادہ رول جیلانی پولی سٹاک | F72: PP | G72: 18 | H72: 5-5.5 | I72: .1:1 | J72: 1000 | K72: PP | L72: 8 | M72: 452.53 | N72: 17.6 | Q72: 434.93
A73: A | B73: 1 | C73: 8 P | D73: 45820 | E73: سادہ لفافہ | F73: PP | G73: 5 | H73: 5.5-6 | I73: 0 | J73: - | K73: PP | L73: 8 | M73: 117.72 | N73: 4 | O73: 55 | Q73: 113.72
A74: B | B74: 1 | C74: 8 P | D74: 45820 | E74: سادہ لفافہ | F74: PP | G74: 5 | H74: 5.5-6 | I74: 0 | J74: - | K74: PP | L74: 9 | M74: 190.33 | N74: 4.5 | O74: 35 | Q74: 185.83
A75: A | B75: 2 | C75: 6 P | D75: 45820 | E75: سادہ لفافہ | F75: PP | G75: 4 | H75: 5.5-6 | I75: 0 | J75: - | K75: PP | L75: 7 | M75: 115.13 | N75: 2.8 | Q75: 112.33
A76: B | B76: 2 | C76: 6 P | D76: 45820 | E76: سادہ لفافہ | F76: PP | G76: 4 | H76: 5.5-6 | I76: 0 | J76: - | K76: PP | L76: 7 | M76: 126.81 | N76: 2.8 | Q76: 124.01
A77: A | B77: 3 | C77: 10 P | D77: 45820 | E77: سادہ لفافہ | F77: PP | G77: 7 | H77: 5 | I77: 0 | J77: - | K77: PP | L77: 7 | M77: 179.08 | N77: 4.9 | Q77: 174.18
A78: B | B78: 3 | C78: 10 P | D78: 45820 | E78: سادہ لفافہ | F78: PP | G78: 7 | H78: 5 | I78: 0 | J78: - | K78: PP | L78: 8 | M78: 291.57 | N78: 5.6 | Q78: 285.97
A79: A | B79: 4 | C79: 2665 J | D79: 45820 | E79: جیلانی لیبل | F79: PP | G79: 16 | H79: 5-5.5 | I79: - | J79: 200 | K79: PP | L79: 8 | M79: 430.72 | N79: 15.2 | Q79: 415.52
A80: B | B80: 4 | C80: 2665 J | D80: 45820 | E80: جیلانی لیبل | F80: PP | G80: 16 | H80: 5-5.5 | I80: - | J80: 200 | K80: PP | L80: 11 | M80: 622.78 | N80: 20.9 | Q80: 601.88
A81: A | B81: 5 | C81: 15 P | D81: 45820 | E81: سادہ لفافہ | F81: PP | G81: 12 | H81: 5 | I81: 0 | J81: - | K81: PP | L81: 7 | M81: 348.67 | N81: 8.4 | Q81: 340.27
A82: B | B82: 5 | C82: 15 P | D82: 45820 | E82: سادہ لفافہ | F82: PP | G82: 12 | H82: 5 | I82: 0 | J82: - | K82: PP | L82: 10 | M82: 503.28 | N82: 15 | Q82: 488.28
A83: A | B83: 1 | C83: 8 P | D83: 45821 | E83: سادہ لفافہ | F83: PP | G83: 5 | H83: 5.5-6 | I83: 0 | J83: - | K83: PP | L83: 3 | M83: 52.3 | N83: 1.5 | O83: 30 | Q83: 50.8
A84: A | B84: 1 | C84: 4 P | D84: 45821 | E84: سادہ لفافہ | F84: PP | G84: 3 | H84: 5.5-6 | I84: 0 | J84: - | K84: PP | L84: 6 | M84: 80.96 | N84: 1.8 | Q84: 79.16
A85: B | B85: 1 | C85: 4 P | D85: 45821 | E85: سادہ لفافہ | F85: PP | G85: 3 | H85: 5.5-6 | I85: 0 | J85: - | K85: PP | L85: 10 | M85: 149.81 | N85: 3 | O85: 35 | Q85: 146.81
A86: A | B86: 2 | C86: 6 P | D86: 45821 | E86: سادہ لفافہ | F86: PP | G86: 4 | H86: 5.5-6 | I86: 0 | J86: - | K86: PP | L86: 10 | M86: 155.21 | N86: 4 | Q86: 151.21
A87: B | B87: 2 | C87: 6 P | D87: 45821 | E87: سادہ لفافہ | F87: PP | G87: 4 | H87: 5.5-6 | I87: 0 | J87: - | K87: PP | L87: 8 | M87: 134.32 | N87: 3.2 | Q87: 131.12
A88: A | B88: 3 | C88: 10 P | D88: 45821 | E88: سادہ لفافہ | F88: PP | G88: 7 | H88: 5 | I88: 0 | J88: - | K88: PP | L88: 9 | M88: 299.11 | N88: 6.3 | Q88: 292.81
A89: B | B89: 3 | C89: 10 P | D89: 45821 | E89: سادہ لفافہ | F89: PP | G89: 7 | H89: 5 | I89: 0 | J89: - | K89: PP | L89: 8 | M89: 272.34 | N89: 7.2 | Q89: 265.14
A90: A | B90: 4 | C90: 2665 J | D90: 45821 | E90: جیلانی لیبل | F90: PP | G90: 16 | H90: 5-5.5 | I90: - | J90: 200 | K90: PP | L90: 6 | M90: 290.7 | N90: 9.6 | Q90: 281.1
A91: A | B91: 4 | C91: 6941/7 | D91: 45821 | E91: رول | F91: PP | G91: 19 | H91: 7 | I91: 0 | J91: 300 | K91: PP | L91: 7 | M91: 244.38 | N91: 13.3 | Q91: 231.08
A92: B | B92: 4 | C92: 6941/7 | D92: 45821 | E92: رول | F92: PP | G92: 19 | H92: 7 | I92: 0 | J92: 300 | K92: PP | L92: 4 | M92: 153.18 | N92: 9.6 | Q92: 143.58
A93: B | B93: 4 | C93: 6953/1 | D93: 45821 | E93: لفافہ | F93: PP | G93: 27 | H93: 6 | I93: 0 | J93: 100 | K93: PP | L93: 2 | M93: 117.76 | N93: 7.4 | Q93: 110.36
A94: B | B94: 4 | C94: 21 P | D94: 45821 | E94: سادہ لفافہ | F94: PP | G94: 18 | H94: 5 | I94: 0 | J94: - | K94: PP | L94: 7 | M94: 373.96 | N94: 14.8 | Q94: 359.16
A95: A | B95: 5 | C95: 15 P | D95: 45821 | E95: سادہ لفافہ | F95: PP | G95: 12 | H95: 5 | I95: 0 | J95: - | K95: PP | L95: 9 | M95: 448.38 | N95: 10.8 | Q95: 437.58
A96: A | B96: 5 | C96: 13 P | D96: 45821 | E96: سادہ لفافہ | F96: PP | G96: 10 | H96: 5 | I96: 0 | J96: - | K96: PP | L96: 1 | M96: 44.2 | N96: 1.2 | Q96: 43
A97: B | B97: 5 | C97: 13 P | D97: 45821 | E97: سادہ لفافہ | F97: PP | G97: 10 | H97: 5 | I97: 0 | J97: - | K97: PP | L97: 11 | M97: 507.42 | N97: 13.2 | Q97: 494.22
A98: A | B98: 1 | C98: 4 P | D98: 45822 | E98: سادہ لفافہ | F98: PP | G98: 3 | H98: 5.5-6 | I98: 0 | J98: - | K98: PP | L98: 9 | M98: 141.62 | N98: 2.7 | O98: 34 | Q98: 138.92
A99: B | B99: 1 | C99: 4 P | D99: 45822 | E99: سادہ لفافہ | F99: PP | G99: 3 | H99: 5.5-6 | I99: 0 | J99: - | K99: PP | L99: 9 | M99: 151.09 | N99: 2.7 | O99: 23 | Q99: 148.39
A100: A | B100: 2 | C100: 6 P | D100: 45822 | E100: سادہ لفافہ | F100: PP | G100: 4 | H100: 5.5-6 | I100: 0 | J100: - | K100: PP | L100: 8 | M100: 128.92 | N100: 3.2 | Q100: 125.72
...

Sheet PP PRO PIVOTE
A1: DATE | B1: Months | C1: MCH# | D1: SHIFT | E1: Min of TOTAL HOURS | F1: Count of REMARKS | G1: Count of REMARKS_2 | H1: Sum of سیمپل چیک | I1: Sum of TREET | J1: Count of KWH/KG | K1: Sum of NET WEIGHT | L1: Count of ACTION | M1: Count of ACTION PLAN | N1: Sum of کوالٹی CHANGE | O1: Sum of ھیٹنگ | P1: Sum of MACHINE ON | Q1: Sum of TOTAL MIN | R1: Sum of P.S HOURS | S1: Sum of الیکٹریکل | T1: Sum of ڈایی صاف | U1: Sum of مکینیکل | V1: Sum of سائز کم | W1: Sum of OTHER | X1: Sum of جالی تبدیل | Y1: Sum of TOTAL MIN_1 | Z1: Sum of U.P.S HOURS | AA1: Sum of T.S HOURS | AB1: Sum of RUNNING | AC1: Sum of WASTAGE/KGs | AD1: Sum of TOTAL PRODUCTION | AE1: Sum of TARGET | AF1: Sum of RECIPE | AG1: Min of WEEK NO.
A3: DATE | B3: Months | C3: MCH# | D3: SHIFT | E3: Min of TOTAL HOURS | F3: Count of REMARKS | G3: Count of REMARKS_2 | H3: Sum of سیمپل چیک | I3: Sum of TREET | J3: Count of KWH/KG | K3: Sum of NET WEIGHT | L3: Count of ACTION | M3: Count of ACTION PLAN | N3: Sum of کوالٹی CHANGE | O3: Sum of ھیٹنگ | P3: Sum of MACHINE ON | Q3: Sum of TOTAL MIN | R3: Sum of P.S HOURS | S3: Sum of الیکٹریکل | T3: Sum of ڈایی صاف | U3: Sum of مکینیکل | V3: Sum of سائز کم | W3: Sum of OTHER | X3: Sum of جالی تبدیل | Y3: Sum of TOTAL MIN_1 | Z3: Sum of U.P.S HOURS | AA3: Sum of T.S HOURS | AB3: Sum of RUNNING | AC3: Sum of WASTAGE/KGs | AD3: Sum of TOTAL PRODUCTION | AE3: Sum of TARGET | AF3: Sum of RECIPE | AG3: Min of WEEK NO.
A4: 01-Apr | B4: Apr | C4: 4 | D4: A | E4: 12 | K4: 463.98 | N4: 25 | O4: 180 | Q4: 205 | R4: 3.4166667 | X4: 30 | Y4: 30 | Z4: 0.5 | AA4: 3.9166667 | AB4: 44.083333 | AD4: 0 | AE4: 504.58 | AG4: 14
A5: 01-Apr | B5: Apr | C5: 4 | D5: B | E5: 12 | K5: 592.22 | N5: 25 | Q5: 25 | R5: 0.41666667 | Y5: 0 | Z5: 0 | AA5: 0.41666667 | AB5: 35.583333 | AD5: 0 | AE5: 644.62 | AG5: 14
A6: 01-Apr | B6: Apr | C6: 5 | D6: A | E6: 12 | K6: 404.01 | N6: 20 | O6: 180 | Q6: 200 | R6: 3.3333333 | Y6: 0 | Z6: 0 | AA6: 3.3333333 | AB6: 20.666667 | AD6: 0 | AE6: 424.61 | AG6: 14
A7: 01-Apr | B7: Apr | C7: 5 | D7: B | E7: 12 | K7: 618.32 | Q7: 0 | R7: 0 | Y7: 0 | Z7: 0 | AA7: 0 | AB7: 12 | AD7: 0 | AE7: 639.32 | AG7: 14
A8: 02-Apr | B8: Apr | C8: 1 | D8: B | E8: 12 | K8: 93.29 | O8: 180 | Q8: 180 | R8: 3 | Y8: 0 | Z8: 0 | AA8: 3 | AB8: 9 | AD8: 0 | AE8: 99.79 | AG8: 14
A9: 02-Apr | B9: Apr | C9: 2 | D9: B | E9: 12 | K9: 111.69 | O9: 150 | Q9: 150 | R9: 2.5 | Y9: 0 | Z9: 0 | AA9: 2.5 | AB9: 9.5 | AD9: 0 | AE9: 119.09 | AG9: 14
A10: 02-Apr | B10: Apr | C10: 4 | D10: A | E10: 12 | K10: 686.44 | Q10: 0 | R10: 0 | Y10: 0 | Z10: 0 | AA10: 0 | AB10: 36 | AD10: 0 | AE10: 723.94 | AG10: 14
A11: 02-Apr | B11: Apr | C11: 4 | D11: B | E11: 12 | K11: 678.41 | N11: 40 | Q11: 40 | R11: 0.66666667 | Y11: 0 | Z11: 0 | AA11: 0.66666667 | AB11: 47.333333 | AD11: 0 | AE11: 729.81 | AG11: 14
A12: 02-Apr | B12: Apr | C12: 5 | D12: A | E12: 12 | K12: 586.7 | Q12: 0 | R12: 0 | Y12: 0 | Z12: 0 | AA12: 0 | AB12: 12 | AD12: 0 | AE12: 605.7 | AG12: 14
A13: 02-Apr | B13: Apr | C13: 5 | D13: B | E13: 12 | K13: 402.08 | N13: 20 | Q13: 20 | R13: 0.33333333 | Y13: 0 | Z13: 0 | AA13: 0.33333333 | AB13: 23.666667 | AD13: 0 | AE13: 422.88 | AG13: 14
A14: 03-Apr | B14: Apr | C14: 1 | D14: A | E14: 12 | K14: 132.43 | Q14: 0 | R14: 0 | Y14: 0 | Z14: 0 | AA14: 0 | AB14: 12 | AD14: 0 | AE14: 139.53 | AG14: 14
A15: 03-Apr | B15: Apr | C15: 1 | D15: B | E15: 12 | K15: 130.26 | Q15: 0 | R15: 0 | Y15: 0 | Z15: 0 | AA15: 0 | AB15: 12 | AD15: 0 | AE15: 137.36 | AG15: 14
A16: 03-Apr | B16: Apr | C16: 2 | D16: A | E16: 12 | K16: 165.02 | Q16: 0 | R16: 0 | Y16: 0 | Z16: 0 | AA16: 0 | AB16: 12 | AD16: 0 | AE16: 173.62 | AG16: 14
A17: 03-Apr | B17: Apr | C17: 2 | D17: B | E17: 12 | K17: 169 | Q17: 0 | R17: 0 | Y17: 0 | Z17: 0 | AA17: 0 | AB17: 12 | AD17: 0 | AE17: 177.6 | AG17: 14
A18: 03-Apr | B18: Apr | C18: 4 | D18: A | E18: 12 | K18: 744.41 | Q18: 0 | R18: 0 | Y18: 0 | Z18: 0 | AA18: 0 | AB18: 12 | AD18: 0 | AE18: 785.41 | AG18: 14
A19: 03-Apr | B19: Apr | C19: 4 | D19: B | E19: 12 | K19: 713.56 | Q19: 0 | R19: 0 | Y19: 0 | Z19: 0 | AA19: 0 | AB19: 12 | AD19: 0 | AE19: 751.56 | AG19: 14
A20: 03-Apr | B20: Apr | C20: 5 | D20: A | E20: 12 | K20: 416.39 | Q20: 0 | R20: 0 | Y20: 0 | Z20: 0 | AA20: 0 | AB20: 12 | AD20: 0 | AE20: 429.49 | AG20: 14
A21: 03-Apr | B21: Apr | C21: 5 | D21: B | E21: 12 | K21: 416.34 | Q21: 0 | R21: 0 | Y21: 0 | Z21: 0 | AA21: 0 | AB21: 12 | AD21: 0 | AE21: 429.44 | AG21: 14
A22: 04-Apr | B22: Apr | C22: 1 | D22: A | E22: 12 | K22: 113.71 | Q22: 0 | R22: 0 | X22: 30 | Y22: 30 | Z22: 0.5 | AA22: 0.5 | AB22: 11.5 | AD22: 0 | AE22: 120.81 | AG22: 14
A23: 04-Apr | B23: Apr | C23: 1 | D23: B | E23: 12 | K23: 113.62 | Q23: 0 | R23: 0 | Y23: 0 | Z23: 0 | AA23: 0 | AB23: 12 | AD23: 0 | AE23: 120.42 | AG23: 14
A24: 04-Apr | B24: Apr | C24: 2 | D24: A | E24: 12 | K24: 161.92 | Q24: 0 | R24: 0 | Y24: 0 | Z24: 0 | AA24: 0 | AB24: 12 | AD24: 0 | AE24: 170.52 | AG24: 14
A25: 04-Apr | B25: Apr | C25: 2 | D25: B | E25: 12 | K25: 169.5 | Q25: 0 | R25: 0 | X25: 20 | Y25: 20 | Z25: 0.33333333 | AA25: 0.33333333 | AB25: 11.666667 | AD25: 0 | AE25: 177.7 | AG25: 14
A26: 04-Apr | B26: Apr | C26: 4 | D26: A | E26: 12 | K26: 668.07 | N26: 30 | Q26: 30 | R26: 0.5 | Y26: 0 | Z26: 0 | AA26: 0.5 | AB26: 35.5 | AD26: 0 | AE26: 706.17 | AG26: 14
A27: 04-Apr | B27: Apr | C27: 4 | D27: B | E27: 12 | K27: 723.44 | Q27: 0 | R27: 0 | Y27: 0 | Z27: 0 | AA27: 0 | AB27: 24 | AD27: 0 | AE27: 753.34 | AG27: 14
A28: 04-Apr | B28: Apr | C28: 5 | D28: A | E28: 12 | K28: 280.14 | Q28: 0 | R28: 0 | Y28: 0 | Z28: 0 | AA28: 0 | AB28: 12 | AD28: 0 | AE28: 290.54 | AG28: 14
A29: 04-Apr | B29: Apr | C29: 5 | D29: B | E29: 12 | K29: 327.04 | Q29: 0 | R29: 0 | U29: 180 | Y29: 180 | Z29: 3 | AA29: 3 | AB29: 9 | AD29: 0 | AE29: 339.74 | AG29: 14
A30: 05-Apr | B30: Apr | C30: 1 | D30: A | E30: 12 | K30: 129.42 | Q30: 0 | R30: 0 | Y30: 0 | Z30: 0 | AA30: 0 | AB30: 12 | AD30: 0 | AE30: 136.52 | AG30: 14
A31: 05-Apr | B31: Apr | C31: 1 | D31: B | E31: 12 | K31: 121.59 | Q31: 0 | R31: 0 | Y31: 0 | Z31: 0 | AA31: 0 | AB31: 12 | AD31: 0 | AE31: 128.69 | AG31: 14
A32: 05-Apr | B32: Apr | C32: 2 | D32: A | E32: 12 | K32: 178.03 | Q32: 0 | R32: 0 | Y32: 0 | Z32: 0 | AA32: 0 | AB32: 12 | AD32: 0 | AE32: 187.03 | AG32: 14
A33: 05-Apr | B33: Apr | C33: 2 | D33: B | E33: 12 | K33: 175.21 | Q33: 0 | R33: 0 | Y33: 0 | Z33: 0 | AA33: 0 | AB33: 12 | AD33: 0 | AE33: 184.21 | AG33: 14
A34: 05-Apr | B34: Apr | C34: 4 | D34: A | E34: 12 | K34: 429.36 | Q34: 0 | R34: 0 | Y34: 0 | Z34: 0 | AA34: 0 | AB34: 12 | AD34: 0 | AE34: 447.96 | AG34: 14
A35: 05-Apr | B35: Apr | C35: 4 | D35: B | E35: 12 | K35: 511.73 | Q35: 0 | R35: 0 | Y35: 0 | Z35: 0 | AA35: 0 | AB35: 12 | AD35: 0 | AE35: 533.73 | AG35: 14
A36: 05-Apr | B36: Apr | C36: 5 | D36: A | E36: 12 | K36: 387.16 | N36: 30 | Q36: 30 | R36: 0.5 | Y36: 0 | Z36: 0 | AA36: 0.5 | AB36: 23.5 | AD36: 0 | AE36: 406.86 | AG36: 14
A37: 05-Apr | B37: Apr | C37: 5 | D37: B | E37: 12 | K37: 609.93 | Q37: 0 | R37: 0 | Y37: 0 | Z37: 0 | AA37: 0 | AB37: 60 | AD37: 0 | AE37: 653.13 | AG37: 14
A38: 06-Apr | B38: Apr | C38: 1 | D38: A | E38: 12 | K38: 134.26 | Q38: 0 | R38: 0 | Y38: 0 | Z38: 0 | AA38: 0 | AB38: 12 | AD38: 0 | AE38: 141.36 | AG38: 15
A39: 06-Apr | B39: Apr | C39: 1 | D39: B | E39: 12 | K39: 128.42 | Q39: 0 | R39: 0 | Y39: 0 | Z39: 0 | AA39: 0 | AB39: 12 | AD39: 0 | AE39: 135.52 | AG39: 15
A40: 06-Apr | B40: Apr | C40: 2 | D40: A | E40: 12 | K40: 194.37 | Q40: 0 | R40: 0 | Y40: 0 | Z40: 0 | AA40: 0 | AB40: 12 | AD40: 0 | AE40: 203.37 | AG40: 15
A41: 06-Apr | B41: Apr | C41: 2 | D41: B | E41: 12 | K41: 178.6 | Q41: 0 | R41: 0 | Y41: 0 | Z41: 0 | AA41: 0 | AB41: 12 | AD41: 0 | AE41: 187.6 | AG41: 15
A42: 06-Apr | B42: Apr | C42: 4 | D42: A | E42: 12 | K42: 503.85 | Q42: 0 | R42: 0 | Y42: 0 | Z42: 0 | AA42: 0 | AB42: 12 | AD42: 0 | AE42: 522.35 | AG42: 15
A43: 06-Apr | B43: Apr | C43: 4 | D43: B | E43: 12 | K43: 529.02 | Q43: 0 | R43: 0 | Y43: 0 | Z43: 0 | AA43: 0 | AB43: 12 | AD43: 0 | AE43: 548.02 | AG43: 15
A44: 06-Apr | B44: Apr | C44: 5 | D44: A | E44: 12 | K44: 587.82 | Q44: 0 | R44: 0 | Y44: 0 | Z44: 0 | AA44: 0 | AB44: 12 | AD44: 0 | AE44: 608.22 | AG44: 15
A45: 06-Apr | B45: Apr | C45: 5 | D45: B | E45: 12 | K45: 521.43 | N45: 25 | Q45: 25 | R45: 0.41666667 | Y45: 0 | Z45: 0 | AA45: 0.41666667 | AB45: 35.583333 | AD45: 0 | AE45: 548.33 | AG45: 15
A46: 07-Apr | B46: Apr | C46: 1 | D46: A | E46: 12 | K46: 94.46 | Q46: 0 | R46: 0 | Y46: 0 | Z46: 0 | AA46: 0 | AB46: 12 | AD46: 0 | AE46: 101.26 | AG46: 15
A47: 07-Apr | B47: Apr | C47: 2 | D47: A | E47: 12 | K47: 176.07 | Q47: 0 | R47: 0 | Y47: 0 | Z47: 0 | AA47: 0 | AB47: 12 | AD47: 0 | AE47: 185.07 | AG47: 15
A48: 07-Apr | B48: Apr | C48: 2 | D48: B | E48: 12 | K48: 170.32 | Q48: 0 | R48: 0 | Y48: 0 | Z48: 0 | AA48: 0 | AB48: 12 | AD48: 0 | AE48: 178.92 | AG48: 15
A49: 07-Apr | B49: Apr | C49: 4 | D49: A | E49: 12 | K49: 487.41 | N49: 30 | Q49: 30 | R49: 0.5 | Y49: 0 | Z49: 0 | AA49: 0.5 | AB49: 23.5 | AD49: 0 | AE49: 512.71 | AG49: 15
A50: 07-Apr | B50: Apr | C50: 4 | D50: B | E50: 12 | K50: 584.15 | N50: 20 | Q50: 20 | R50: 0.33333333 | U50: 120 | Y50: 120 | Z50: 2 | AA50: 2.3333333 | AB50: 33.666667 | AD50: 0 | AE50: 627.55 | AG50: 15
A51: 07-Apr | B51: Apr | C51: 5 | D51: A | E51: 12 | K51: 383.04 | Q51: 0 | R51: 0 | Y51: 0 | Z51: 0 | AA51: 0 | AB51: 12 | AD51: 0 | AE51: 395.04 | AG51: 15
A52: 07-Apr | B52: Apr | C52: 5 | D52: B | E52: 12 | K52: 545.98 | N52: 20 | Q52: 20 | R52: 0.33333333 | Y52: 0 | Z52: 0 | AA52: 0.33333333 | AB52: 23.666667 | AD52: 0 | AE52: 570.88 | AG52: 15
A53: 08-Apr | B53: Apr | C53: 2 | D53: A | E53: 12 | K53: 182.96 | Q53: 0 | R53: 0 | Y53: 0 | Z53: 0 | AA53: 0 | AB53: 12 | AD53: 0 | AE53: 191.96 | AG53: 15
A54: 08-Apr | B54: Apr | C54: 2 | D54: B | E54: 12 | K54: 201.8 | Q54: 0 | R54: 0 | Y54: 0 | Z54: 0 | AA54: 0 | AB54: 12 | AD54: 0 | AE54: 211.2 | AG54: 15
A55: 08-Apr | B55: Apr | C55: 4 | D55: A | E55: 12 | K55: 587.71 | N55: 60 | Q55: 60 | R55: 1 | Y55: 0 | Z55: 0 | AA55: 1 | AB55: 47 | AD55: 0 | AE55: 630.15 | AG55: 15
A56: 08-Apr | B56: Apr | C56: 4 | D56: B | E56: 12 | K56: 599.62 | N56: 30 | Q56: 30 | R56: 0.5 | Y56: 0 | Z56: 0 | AA56: 0.5 | AB56: 59.5 | AD56: 0 | AE56: 648.72 | AG56: 15
A57: 08-Apr | B57: Apr | C57: 5 | D57: A | E57: 12 | K57: 503.07 | Q57: 0 | R57: 0 | X57: 120 | Y57: 120 | Z57: 2 | AA57: 2 | AB57: 22 | AD57: 0 | AE57: 528.37 | AG57: 15
A58: 08-Apr | B58: Apr | C58: 5 | D58: B | E58: 12 | K58: 635.73 | N58: 60 | Q58: 60 | R58: 1 | Y58: 0 | Z58: 0 | AA58: 1 | AB58: 35 | AD58: 0 | AE58: 667.53 | AG58: 15
A59: 09-Apr | B59: Apr | C59: 2 | D59: A | E59: 12 | K59: 176.99 | N59: 20 | Q59: 20 | R59: 0.33333333 | Y59: 0 | Z59: 0 | AA59: 0.33333333 | AB59: 23.666667 | AD59: 0 | AE59: 191.59 | AG59: 15
A60: 09-Apr | B60: Apr | C60: 2 | D60: B | E60: 12 | K60: 231.4 | Q60: 0 | R60: 0 | Y60: 0 | Z60: 0 | AA60: 0 | AB60: 12 | AD60: 0 | AE60: 242.4 | AG60: 15
A61: 09-Apr | B61: Apr | C61: 4 | D61: A | E61: 12 | K61: 716.51 | N61: 20 | Q61: 20 | R61: 0.33333333 | Y61: 0 | Z61: 0 | AA61: 0.33333333 | AB61: 59.666667 | AD61: 0 | AE61: 767.61 | AG61: 15
A62: 09-Apr | B62: Apr | C62: 4 | D62: B | E62: 12 | K62: 529.31 | Q62: 0 | R62: 0 | Y62: 0 | Z62: 0 | AA62: 0 | AB62: 12 | AD62: 0 | AE62: 556.31 | AG62: 15
A63: 09-Apr | B63: Apr | C63: 5 | D63: A | E63: 12 | K63: 609.16 | Q63: 0 | R63: 0 | Y63: 0 | Z63: 0 | AA63: 0 | AB63: 12 | AD63: 0 | AE63: 629.46 | AG63: 15
A64: 09-Apr | B64: Apr | C64: 5 | D64: B | E64: 12 | K64: 618.7 | Q64: 0 | R64: 0 | Y64: 0 | Z64: 0 | AA64: 0 | AB64: 12 | AD64: 0 | AE64: 642.4 | AG64: 15
A65: 10-Apr | B65: Apr | C65: 2 | D65: A | E65: 12 | K65: 230.37 | Q65: 0 | R65: 0 | Y65: 0 | Z65: 0 | AA65: 0 | AB65: 12 | AD65: 0 | AE65: 241.37 | AG65: 15
A66: 10-Apr | B66: Apr | C66: 2 | D66: B | E66: 12 | K66: 227.83 | Q66: 0 | R66: 0 | Y66: 0 | Z66: 0 | AA66: 0 | AB66: 12 | AD66: 0 | AE66: 238.83 | AG66: 15
A67: 10-Apr | B67: Apr | C67: 4 | D67: A | E67: 12 | K67: 489.81 | N67: 35 | Q67: 35 | R67: 0.58333333 | Y67: 0 | Z67: 0 | AA67: 0.58333333 | AB67: 23.416667 | AD67: 0 | AE67: 522.21 | AG67: 15
A68: 10-Apr | B68: Apr | C68: 4 | D68: B | E68: 12 | K68: 704.39 | N68: 30 | Q68: 30 | R68: 0.5 | Y68: 0 | Z68: 0 | AA68: 0.5 | AB68: 23.5 | AD68: 0 | AE68: 739.59 | AG68: 15
A69: 10-Apr | B69: Apr | C69: 5 | D69: A | E69: 12 | K69: 492.53 | N69: 25 | Q69: 25 | R69: 0.41666667 | X69: 60 | Y69: 60 | Z69: 1 | AA69: 1.4166667 | AB69: 22.583333 | AD69: 0 | AE69: 516.43 | AG69: 15
A70: 10-Apr | B70: Apr | C70: 5 | D70: B | E70: 12 | K70: 588.37 | Q70: 0 | R70: 0 | Y70: 0 | Z70: 0 | AA70: 0 | AB70: 12 | AD70: 0 | AE70: 610.47 | AG70: 15
A71: 11-Apr | B71: Apr | C71: 2 | D71: A | E71: 12 | K71: 226.39 | Q71: 0 | R71: 0 | Y71: 0 | Z71: 0 | AA71: 0 | AB71: 12 | AD71: 0 | AE71: 239.79 | AG71: 15
A72: 11-Apr | B72: Apr | C72: 2 | D72: B | E72: 12 | K72: 189.11 | Q72: 0 | R72: 0 | Y72: 0 | Z72: 0 | AA72: 0 | AB72: 12 | AD72: 0 | AE72: 199.51 | AG72: 15
A73: 11-Apr | B73: Apr | C73: 4 | D73: A | E73: 12 | K73: 765.87 | Q73: 0 | R73: 0 | Y73: 0 | Z73: 0 | AA73: 0 | AB73: 24 | AD73: 0 | AE73: 807.27 | AG73: 15
A74: 11-Apr | B74: Apr | C74: 4 | D74: B | E74: 12 | K74: 761.5 | N74: 30 | Q74: 30 | R74: 0.5 | Y74: 0 | Z74: 0 | AA74: 0.5 | AB74: 23.5 | AD74: 0 | AE74: 797.9 | AG74: 15
A75: 11-Apr | B75: Apr | C75: 5 | D75: A | E75: 12 | K75: 428.04 | Q75: 0 | R75: 0 | Y75: 0 | Z75: 0 | AA75: 0 | AB75: 12 | AD75: 0 | AE75: 446.34 | AG75: 15
A76: 11-Apr | B76: Apr | C76: 5 | D76: B | E76: 12 | K76: 634.52 | Q76: 0 | R76: 0 | Y76: 0 | Z76: 0 | AA76: 0 | AB76: 12 | AD76: 0 | AE76: 658.52 | AG76: 15
A77: 12-Apr | B77: Apr | C77: 2 | D77: A | E77: 12 | K77: 215.86 | Q77: 0 | R77: 0 | X77: 25 | Y77: 25 | Z77: 0.41666667 | AA77: 0.41666667 | AB77: 11.583333 | AD77: 0 | AE77: 226.26 | AG77: 15
A78: 12-Apr | B78: Apr | C78: 2 | D78: B | E78: 12 | K78: 224.47 | Q78: 0 | R78: 0 | Y78: 0 | Z78: 0 | AA78: 0 | AB78: 12 | AD78: 0 | AE78: 236.07 | AG78: 15
A79: 12-Apr | B79: Apr | C79: 4 | D79: A | E79: 12 | K79: 590.38 | N79: 25 | Q79: 25 | R79: 0.41666667 | Y79: 0 | Z79: 0 | AA79: 0.41666667 | AB79: 47.583333 | AD79: 0 | AE79: 631.18 | AG79: 15
A80: 12-Apr | B80: Apr | C80: 4 | D80: B | E80: 12 | K80: 515.78 | Q80: 0 | R80: 0 | Y80: 0 | Z80: 0 | AA80: 0 | AB80: 24 | AD80: 0 | AE80: 542.78 | AG80: 15
A81: 12-Apr | B81: Apr | C81: 5 | D81: A | E81: 12 | K81: 462.97 | N81: 20 | Q81: 20 | R81: 0.33333333 | Y81: 0 | Z81: 0 | AA81: 0.33333333 | AB81: 23.666667 | AD81: 0 | AE81: 485.57 | AG81: 15
A82: 12-Apr | B82: Apr | C82: 5 | D82: B | E82: 12 | K82: 304.3 | Q82: 0 | R82: 0 | Y82: 0 | Z82: 0 | AA82: 0 | AB82: 24 | AD82: 0 | AE82: 320.1 | AG82: 15
A83: 13-Apr | B83: Apr | C83: 2 | D83: A | E83: 12 | K83: 202.76 | Q83: 0 | R83: 0 | Y83: 0 | Z83: 0 | AA83: 0 | AB83: 12 | AD83: 0 | AE83: 212.56 | AG83: 16
A84: 13-Apr | B84: Apr | C84: 2 | D84: B | E84: 12 | K84: 210.66 | Q84: 0 | R84: 0 | Y84: 0 | Z84: 0 | AA84: 0 | AB84: 12 | AD84: 0 | AE84: 220.46 | AG84: 16
A85: 13-Apr | B85: Apr | C85: 4 | D85: A | E85: 12 | K85: 496.74 | Q85: 0 | R85: 0 | Y85: 0 | Z85: 0 | AA85: 0 | AB85: 12 | AD85: 0 | AE85: 516.94 | AG85: 16
A86: 13-Apr | B86: Apr | C86: 4 | D86: B | E86: 12 | K86: 525.38 | Q86: 0 | R86: 0 | Y86: 0 | Z86: 0 | AA86: 0 | AB86: 12 | AD86: 0 | AE86: 547.48 | AG86: 16
A87: 13-Apr | B87: Apr | C87: 5 | D87: A | E87: 12 | K87: 283.18 | Q87: 0 | R87: 0 | Y87: 0 | Z87: 0 | AA87: 0 | AB87: 12 | AD87: 0 | AE87: 293.78 | AG87: 16
A88: 13-Apr | B88: Apr | C88: 5 | D88: B | E88: 12 | K88: 304.16 | Q88: 0 | R88: 0 | Y88: 0 | Z88: 0 | AA88: 0 | AB88: 12 | AD88: 0 | AE88: 314.76 | AG88: 16
A89: 14-Apr | B89: Apr | C89: 2 | D89: A | E89: 12 | K89: 175.01 | Q89: 0 | R89: 0 | Y89: 0 | Z89: 0 | AA89: 0 | AB89: 12 | AD89: 0 | AE89: 184.21 | AG89: 16
A90: 14-Apr | B90: Apr | C90: 2 | D90: B | E90: 12 | K90: 198.83 | Q90: 0 | R90: 0 | Y90: 0 | Z90: 0 | AA90: 0 | AB90: 12 | AD90: 0 | AE90: 208.63 | AG90: 16
A91: 14-Apr | B91: Apr | C91: 4 | D91: A | E91: 12 | K91: 501.48 | Q91: 0 | R91: 0 | Y91: 0 | Z91: 0 | AA91: 0 | AB91: 12 | AD91: 0 | AE91: 521.68 | AG91: 16
A92: 14-Apr | B92: Apr | C92: 4 | D92: B | E92: 12 | K92: 497.02 | Q92: 0 | R92: 0 | Y92: 0 | Z92: 0 | AA92: 0 | AB92: 12 | AD92: 0 | AE92: 517.22 | AG92: 16
A93: 14-Apr | B93: Apr | C93: 5 | D93: A | E93: 12 | K93: 207.02 | Q93: 0 | R93: 0 | Y93: 0 | Z93: 0 | AA93: 0 | AB93: 12 | AD93: 0 | AE93: 216.22 | AG93: 16
A94: 14-Apr | B94: Apr | C94: 5 | D94: B | E94: 12 | K94: 259.76 | Q94: 0 | R94: 0 | Y94: 0 | Z94: 0 | AA94: 0 | AB94: 12 | AD94: 0 | AE94: 269.66 | AG94: 16
A95: 15-Apr | B95: Apr | C95: 2 | D95: A | E95: 12 | K95: 209.21 | Q95: 0 | R95: 0 | X95: 30 | Y95: 30 | Z95: 0.5 | AA95: 0.5 | AB95: 23.5 | AD95: 0 | AE95: 224.61 | AG95: 16
A96: 15-Apr | B96: Apr | C96: 2 | D96: B | E96: 12 | K96: 168.45 | Q96: 0 | R96: 0 | U96: 60 | Y96: 60 | Z96: 1 | AA96: 1 | AB96: 11 | AD96: 0 | AE96: 178.25 | AG96: 16
A97: 15-Apr | B97: Apr | C97: 4 | D97: A | E97: 12 | K97: 552.28 | N97: 30 | Q97: 30 | R97: 0.5 | Y97: 0 | Z97: 0 | AA97: 0.5 | AB97: 47.5 | AD97: 0 | AE97: 588.98 | AG97: 16
A98: 15-Apr | B98: Apr | C98: 4 | D98: B | E98: 12 | K98: 495.42 | N98: 20 | Q98: 20 | R98: 0.33333333 | Y98: 0 | Z98: 0 | AA98: 0.33333333 | AB98: 47.666667 | AD98: 0 | AE98: 541.42 | AG98: 16
A99: 15-Apr | B99: Apr | C99: 5 | D99: A | E99: 12 | I99: 180 | K99: 209.62 | Q99: 0 | R99: 0 | Y99: 180 | Z99: 3 | AA99: 3 | AB99: 9 | AD99: 0 | AE99: 218.82 | AG99: 16
A100: 15-Apr | B100: Apr | C100: 5 | D100: B | E100: 12 | I100: 150 | K100: 222.96 | N100: 15 | Q100: 15 | R100: 0.25 | Y100: 150 | Z100: 2.5 | AA100: 2.75 | AB100: 33.25 | AD100: 0 | AE100: 244.36 | AG100: 16
A101: 16-Apr | B101: Apr | C101: 2 | D101: A | E101: 12 | K101: 209.84 | Q101: 0 | R101: 0 | Y101: 0 | Z101: 0 | AA101: 0 | AB101: 24 | AD101: 0 | AE101: 225.24 | AG101: 16
...

Sheet WOR
A1: WEEKLY OPERATION REVIEW PP DEPARTMENT | M1: 46139 | N1: 17
A2: KPI | C2: MACHINES | J2: WEEK NO 17 | K2: % | L2: WEEK NO 16
C3: 1 | D3: =+C3+1 -> 2 | E3: =+D3+1 -> 3 | F3: =+E3+1 -> 4 | G3: =+F3+1 -> 5 | H3: =+G3+1 -> 6 | M3: REMARKS
A4: PLANED STOPPAGE HOURS | C4: =SUMIFS('PP PRD'!$W:$W,'PP PRD'!$B:$B,C$3,'PP PRD'!$AP:$AP,WOR!$N$1) -> 0 | D4: =SUMIFS('PP PRD'!$W:$W,'PP PRD'!$B:$B,D$3,'PP PRD'!$AP:$AP,WOR!$N$1) -> 4.1666667 | E4: =SUMIFS('PP PRD'!$W:$W,'PP PRD'!$B:$B,E$3,'PP PRD'!$AP:$AP,WOR!$N$1) -> 0 | F4: =SUMIFS('PP PRD'!$W:$W,'PP PRD'!$B:$B,F$3,'PP PRD'!$AP:$AP,WOR!$N$1) -> 5.1666667 | G4: =SUMIFS('PP PRD'!$W:$W,'PP PRD'!$B:$B,G$3,'PP PRD'!$AP:$AP,WOR!$N$1) -> 1.5833333 | H4: =SUMIFS('PP PRD'!$W:$W,'PP PRD'!$B:$B,H$3,'PP PRD'!$AP:$AP,WOR!$N$1) -> 0 | J4: =SUM(C4:I4) -> 10.916667 | K4: =J4/SUMIFS('PP PRO PIVOTE'!E:E,'PP PRO PIVOTE'!AG:AG,WOR!N1) -> 0.022188347 | L4: 5.58 | M4: SIZE CHANGE (0.93%) HEATING (1.29%)
A5: PLANED STOPPAGE % (2 %) | C5: =IFERROR(+C4/SUMIFS('PP PRO PIVOTE'!$E:$E,'PP PRO PIVOTE'!$AG:$AG,WOR!$N$1,'PP PRO PIVOTE'!$C:$C,WOR!C3),"-") -> - | D5: =IFERROR(+D4/SUMIFS('PP PRO PIVOTE'!$E:$E,'PP PRO PIVOTE'!$AG:$AG,WOR!$N$1,'PP PRO PIVOTE'!$C:$C,WOR!D3),"-") -> 0.024801587 | E5: =IFERROR(+E4/SUMIFS('PP PRO PIVOTE'!$E:$E,'PP PRO PIVOTE'!$AG:$AG,WOR!$N$1,'PP PRO PIVOTE'!$C:$C,WOR!E3),"-") -> - | F5: =IFERROR(+F4/SUMIFS('PP PRO PIVOTE'!$E:$E,'PP PRO PIVOTE'!$AG:$AG,WOR!$N$1,'PP PRO PIVOTE'!$C:$C,WOR!F3),"-") -> 0.033119658 | G5: =IFERROR(+G4/SUMIFS('PP PRO PIVOTE'!$E:$E,'PP PRO PIVOTE'!$AG:$AG,WOR!$N$1,'PP PRO PIVOTE'!$C:$C,WOR!G3),"-") -> 0.0094246032 | H5: =IFERROR(+H4/SUMIFS('PP PRO PIVOTE'!$E:$E,'PP PRO PIVOTE'!$AG:$AG,WOR!$N$1,'PP PRO PIVOTE'!$C:$C,WOR!H3),"-") -> - | L5: 0.0111
A6: UNPLANED STOPPAGE HOURS | C6: =SUMIFS('PP PRD'!$AG:$AG,'PP PRD'!$B:$B,C3,'PP PRD'!$AP:$AP,WOR!$N$1) -> 0 | D6: =SUMIFS('PP PRD'!$AG:$AG,'PP PRD'!$B:$B,D3,'PP PRD'!$AP:$AP,WOR!$N$1) -> 1.6666667 | E6: =SUMIFS('PP PRD'!$AG:$AG,'PP PRD'!$B:$B,E3,'PP PRD'!$AP:$AP,WOR!$N$1) -> 0 | F6: =SUMIFS('PP PRD'!$AG:$AG,'PP PRD'!$B:$B,F3,'PP PRD'!$AP:$AP,WOR!$N$1) -> 9 | G6: =SUMIFS('PP PRD'!$AG:$AG,'PP PRD'!$B:$B,G3,'PP PRD'!$AP:$AP,WOR!$N$1) -> 0 | H6: =SUMIFS('PP PRD'!$AG:$AG,'PP PRD'!$B:$B,H3,'PP PRD'!$AP:$AP,WOR!$N$1) -> 0 | J6: =SUM(C6:I6) -> 10.666667 | K6: =J6/SUMIFS('PP PRO PIVOTE'!E:E,'PP PRO PIVOTE'!AG:AG,WOR!N1) -> 0.021680217 | L6: 16.58 | M6: MECHANICAL ISSUE (0.24%) JALI CHANGE (0.10%)OTHERS (1.83%) | O6: =+J8-L8 -> -1136.29
A7: UNPLANED STOPPAGE % (3%) | C7: =IFERROR(+C6/SUMIFS('PP PRO PIVOTE'!$E:$E,'PP PRO PIVOTE'!$AG:$AG,WOR!$N$1,'PP PRO PIVOTE'!$C:$C,WOR!C3),"-") -> - | D7: =IFERROR(+D6/SUMIFS('PP PRO PIVOTE'!$E:$E,'PP PRO PIVOTE'!$AG:$AG,WOR!$N$1,'PP PRO PIVOTE'!$C:$C,WOR!D3),"-") -> 0.0099206349 | E7: =IFERROR(+E6/SUMIFS('PP PRO PIVOTE'!$E:$E,'PP PRO PIVOTE'!$AG:$AG,WOR!$N$1,'PP PRO PIVOTE'!$C:$C,WOR!E3),"-") -> - | F7: =IFERROR(+F6/SUMIFS('PP PRO PIVOTE'!$E:$E,'PP PRO PIVOTE'!$AG:$AG,WOR!$N$1,'PP PRO PIVOTE'!$C:$C,WOR!F3),"-") -> 0.057692308 | G7: =IFERROR(+G6/SUMIFS('PP PRO PIVOTE'!$E:$E,'PP PRO PIVOTE'!$AG:$AG,WOR!$N$1,'PP PRO PIVOTE'!$C:$C,WOR!G3),"-") -> 0 | H7: =IFERROR(+H6/SUMIFS('PP PRO PIVOTE'!$E:$E,'PP PRO PIVOTE'!$AG:$AG,WOR!$N$1,'PP PRO PIVOTE'!$C:$C,WOR!H3),"-") -> - | L7: 0.0329 | S7: ROLL WASTE
A8: TOTAL PRODUCTION KGs | C8: =SUMIFS('PP PRD'!$Q:$Q,'PP PRD'!$B:$B,C3,'PP PRD'!$AP:$AP,WOR!$N$1) -> 0 | D8: =SUMIFS('PP PRD'!$Q:$Q,'PP PRD'!$B:$B,D3,'PP PRD'!$AP:$AP,WOR!$N$1) -> 2119.2 | E8: =SUMIFS('PP PRD'!$Q:$Q,'PP PRD'!$B:$B,E3,'PP PRD'!$AP:$AP,WOR!$N$1) -> 0 | F8: =SUMIFS('PP PRD'!$Q:$Q,'PP PRD'!$B:$B,F3,'PP PRD'!$AP:$AP,WOR!$N$1) -> 6170.69 | G8: =SUMIFS('PP PRD'!$Q:$Q,'PP PRD'!$B:$B,G3,'PP PRD'!$AP:$AP,WOR!$N$1) -> 5566.43 | H8: =SUMIFS('PP PRD'!$Q:$Q,'PP PRD'!$B:$B,H3,'PP PRD'!$AP:$AP,WOR!$N$1) -> 0 | J8: =SUM(C8:I8) -> 13856.32 | K8: =+$J$8/$J$9 -> 0.94796052 | L8: 14992.61 | O8: WASTE RATE | P8: 200 | S8: WASTE RATE | T8: 200
A9: TARGET PRODUCTION | C9: =SUMIFS('PP PRD'!$AN:$AN,'PP PRD'!$B:$B,C3,'PP PRD'!$AP:$AP,WOR!$N$1) -> 0 | D9: =SUMIFS('PP PRD'!$AN:$AN,'PP PRD'!$B:$B,D3,'PP PRD'!$AP:$AP,WOR!$N$1) -> 2261.8 | E9: =SUMIFS('PP PRD'!$AN:$AN,'PP PRD'!$B:$B,E3,'PP PRD'!$AP:$AP,WOR!$N$1) -> 0 | F9: =SUMIFS('PP PRD'!$AN:$AN,'PP PRD'!$B:$B,F3,'PP PRD'!$AP:$AP,WOR!$N$1) -> 6504.45 | G9: =SUMIFS('PP PRD'!$AN:$AN,'PP PRD'!$B:$B,G3,'PP PRD'!$AP:$AP,WOR!$N$1) -> 5850.73 | H9: =SUMIFS('PP PRD'!$AN:$AN,'PP PRD'!$B:$B,H3,'PP PRD'!$AP:$AP,WOR!$N$1) -> 0 | J9: =SUM(C9:I9) -> 14616.98 | L9: 15880 | P9: =+J11*P8 -> 80000 | T9: =+J14*T8 -> 0
A10: PRODUCTION ACHIVEMENT % (95 %) | C10: =IFERROR((C$8/C$9),"--") -> -- | D10: =IFERROR((D$8/D$9),"--") -> 0.93695287 | E10: =IFERROR((E$8/E$9),"--") -> -- | F10: =IFERROR((F$8/F$9),"--") -> 0.94868744 | G10: =IFERROR((G$8/G$9),"--") -> 0.95140777 | H10: =IFERROR((H$8/H$9),"--") -> -- | L10: 0.9441 | P10: =+J13-P9 -> 79200 | T10: =+T9-J14 -> 0
A11: WASTAGE/KGS | C11: =SUMIFS('PP PRD'!O:O,'PP PRD'!AP:AP,WOR!$N$1)+M26 -> 400 | J11: =SUM(C11:I11) -> 400 | K11: =+$J$11/$J$8 -> 0.028867694 | L11: 709 | O11: WASTE LOSS | P11: =+P10/J8 -> 5.7158033 | S11: WASTE LOSS | T11: =+T10/J8 -> 0
A12: WASTAGE/% (4%) | C12: =IFERROR((C$11/J$8),"--") -> 0.028867694 | L12: 0.0473
A13: WASTAGE/VALUE | C13: {=(SUMIFS(KWH!D:D,KWH!E:E,WOR!$N$1)/(COUNT(_xlfn._xlws.FILTER(_xlfn._xlws.FILTER(KWH!A:E,KWH!E:E=WOR!$N$1),{0,0,1,0,0})))*C11)} -> 159200 | J13: {=(SUMIFS(KWH!D:D,KWH!E:E,WOR!$N$1)/(COUNT(_xlfn._xlws.FILTER(_xlfn._xlws.FILTER(KWH!A:E,KWH!E:E=WOR!$N$1),{0,0,1,0,0}))))*J11} -> 159200 | K13: =+$P$11 -> 5.7158033 | L13: 9.36 | O13: 160394
A14: ROLL WASTAGE/KGS | C14: 0 | J14: =+C14 -> 0 | K14: =+$J$14/$J$8 -> 0
A15: WASTAGE/% (4%) | C15: =IFERROR((C$14/J$8),"--") -> 0
A16: WASTAGE/VALUE | C16: {=(SUMIFS(KWH!D:D,KWH!E:E,WOR!$N$1)/(COUNT(_xlfn._xlws.FILTER(_xlfn._xlws.FILTER(KWH!A:E,KWH!E:E=WOR!$N$1),{0,0,1,0,0})))*C14)} -> 0 | J16: {=(SUMIFS(KWH!D:D,KWH!E:E,WOR!$N$1)/(COUNT(_xlfn._xlws.FILTER(_xlfn._xlws.FILTER(KWH!A:E,KWH!E:E=WOR!$N$1),{0,0,1,0,0}))))*J14} -> 0 | K16: =+T11 -> 0
A17: TOTAL KWH (26/KG) | C17: =SUMIFS(KWH!B:B,KWH!E:E,WOR!$N$1) -> 8149.5
A18: KWH VALUE @ 44 | C18: =+C17*44 -> 358578 | K18: =+$C$18/$J$8 -> 25.8783 | L18: 28.49
A19: LABOR/KG | B19: VARIABLE | C19: =236000+28320 -> 264320 | E19: =(((C19/26)*7)/J8) -> 5.1357847 | F19: ADMIN | G19: =150000+18000 -> 168000 | H19: =(((G19/26)*7)/J8) -> 3.26427 | K19: =+E19+H20+H19 -> 14.107087 | L19: 13.04 | O19: =266000/2 -> 133000
B20: FIXED | C20: FOREMANS | E20: =((123200/26)*7)/$J$8 -> 2.393798 | G20: STAFF | H20: =(((170520/26)*7)/J8)+E20 -> 5.707032 | M20: =+L21+L19+L18+L13 -> 53.27
A21: STORE EXPENSE | C21: =+[1]WOR!$Q$18 -> 79090.13 | F21: REPAIR | J21: =+(C21+H21)/J8 -> 5.7078741 | L21: 2.38 | M21: =+J21+K19+K18+K13+K16 -> 51.409064
L24: tr# waste | M24: 400
M25: =+M24-J11 -> 0
L26: diff | M26: 225
M27: =+M24-M25 -> 400

Sheet MOR
A1: MONTHLY OPERATION REVIEW PP DEPARTMENT | Y1: 46113
A2: KPI | C2: MACHINES | H2: MONTH OF APR | I2: % | J2: MONTH OF MAR | K2: MONTH OF FEB | L2: MONTH OF JAN | M2: MONTH OF DEC | N2: MONTH OF NOV | O2: MONTH OF OCT | P2: MONTH OF SEP | Q2: MONTH OF AUG | R2: MONTH OF JUL | S2: MONTH OF JUN | T2: MONTH OF MAY | U2: MONTH OF APR | V2: MONTH OF MAR | W2: MONTH OF FEB | X2: MONTH OF JAN
C3: 14 | D3: =+C3+1 -> 15 | E3: =+D3+1 -> 16 | F3: =+E3+1 -> 17 | G3: =+F3+1 -> 18 | Y3: REMARKS
A4: PLANED STOPPAGE HOURS | C4: =SUMIFS(PP_PRD[P.S HOURS],PP_PRD[WEEK NO.],MOR!C3) -> 14.666667 | D4: =SUMIFS(PP_PRD[P.S HOURS],PP_PRD[WEEK NO.],MOR!D3) -> 7.5 | E4: =SUMIFS(PP_PRD[P.S HOURS],PP_PRD[WEEK NO.],MOR!E3) -> 5.5833333 | F4: =SUMIFS(PP_PRD[P.S HOURS],PP_PRD[WEEK NO.],MOR!F3) -> 10.916667 | G4: =SUMIFS(PP_PRD[P.S HOURS],PP_PRD[WEEK NO.],MOR!G3) -> 9.75 | H4: =SUM(C4:G4) -> 48.416667 | I4: =+H4/(SUMIFS('PP PRO PIVOTE'!E:E,'PP PRO PIVOTE'!AG:AG,MOR!C3)+SUMIFS('PP PRO PIVOTE'!E:E,'PP PRO PIVOTE'!AG:AG,D3)+SUMIFS('PP PRO PIVOTE'!E:E,'PP PRO PIVOTE'!AG:AG,E3)+SUMIFS('PP PRO PIVOTE'!E:E,'PP PRO PIVOTE'!AG:AG,F3)+SUMIFS('PP PRO PIVOTE'!E:E,'PP PRO PIVOTE'!AG:AG,G3)) -> 0.020797537 | J4: 24.83 | K4: 58.53 | L4: 123.33 | M4: 110.92 | N4: 134.67 | O4: 96.18 | P4: 78.48 | Q4: 51.57 | R4: 83.17 | S4: 72.33 | T4: 63.67 | U4: 37.08 | V4: 25.75 | W4: 21.58 | X4: 18.67 | Y4: Size Change 1.08% + MACHINE ON/OFF 1.00% TOTAL=2.08%
A5: PLANED STOPPAGE % TARGET (2 %) | C5: =IFERROR((C4/(SUMIFS('PP PRO PIVOTE'!$E:$E,'PP PRO PIVOTE'!$AG:$AG,MOR!C3))),"--") -> 0.035947712 | D5: =IFERROR((D4/(SUMIFS('PP PRO PIVOTE'!$E:$E,'PP PRO PIVOTE'!$AG:$AG,MOR!D3))),"--") -> 0.013888889 | E5: =IFERROR((E4/(SUMIFS('PP PRO PIVOTE'!$E:$E,'PP PRO PIVOTE'!$AG:$AG,MOR!E3))),"--") -> 0.011078042 | F5: =IFERROR((F4/(SUMIFS('PP PRO PIVOTE'!$E:$E,'PP PRO PIVOTE'!$AG:$AG,MOR!F3))),"--") -> 0.022188347 | G5: =IFERROR((G4/(SUMIFS('PP PRO PIVOTE'!$E:$E,'PP PRO PIVOTE'!$AG:$AG,MOR!G3))),"--") -> 0.025390625 | J5: 0.0171 | K5: 0.0255 | L5: 0.0478 | M5: 0.038 | N5: 0.0484 | O5: 0.0314 | P5: 0.0219 | Q5: 0.0117 | R5: 0.0275 | S5: 0.0301 | T5: 0.0211 | U5: 0.0187 | V5: 0.0074 | W5: 0.0073 | X5: 0.0056
A6: UNPLANED STOPPAGE HOURS | C6: =SUMIFS(PP_PRD[U.P.S HOURS],PP_PRD[WEEK NO.],MOR!C3) -> 4.3333333 | D6: =SUMIFS(PP_PRD[U.P.S HOURS],PP_PRD[WEEK NO.],MOR!D3) -> 5.4166667 | E6: =SUMIFS(PP_PRD[U.P.S HOURS],PP_PRD[WEEK NO.],MOR!E3) -> 16.583333 | F6: =SUMIFS(PP_PRD[U.P.S HOURS],PP_PRD[WEEK NO.],MOR!F3) -> 10.666667 | G6: =SUMIFS(PP_PRD[U.P.S HOURS],PP_PRD[WEEK NO.],MOR!G3) -> 4 | H6: =SUM(C6:G6) -> 41 | I6: =+H6/(SUMIFS('PP PRO PIVOTE'!E:E,'PP PRO PIVOTE'!AG:AG,MOR!C3)+SUMIFS('PP PRO PIVOTE'!E:E,'PP PRO PIVOTE'!AG:AG,D3)+SUMIFS('PP PRO PIVOTE'!E:E,'PP PRO PIVOTE'!AG:AG,E3)+SUMIFS('PP PRO PIVOTE'!E:E,'PP PRO PIVOTE'!AG:AG,F3)+SUMIFS('PP PRO PIVOTE'!E:E,'PP PRO PIVOTE'!AG:AG,G3)) -> 0.017611684 | J6: 23.83 | K6: 66.25 | L6: 59 | M6: 60.17 | N6: 76.83 | O6: 76.83 | P6: 108.58 | Q6: 80 | R6: 69.42 | S6: 88 | T6: 59.83 | U6: 18 | V6: 39.92 | W6: 14.67 | X6: 77.08 | Y6: ELECTRICAL ISSUE (0.17%) JALI CHANGE (0.43 %) MECHANICAL ISSUE(0.54%) TREET ISSUE (0.24%) OTHERS (0.39%) TOTAL=1.76%
A7: UNPLANED STOPPAGE TARGET (3 %) | C7: =IFERROR((C6/(SUMIFS('PP PRO PIVOTE'!$E:$E,'PP PRO PIVOTE'!$AG:$AG,MOR!C3))),"--") -> 0.010620915 | D7: =IFERROR((D6/(SUMIFS('PP PRO PIVOTE'!$E:$E,'PP PRO PIVOTE'!$AG:$AG,MOR!D3))),"--") -> 0.010030864 | E7: =IFERROR((E6/(SUMIFS('PP PRO PIVOTE'!$E:$E,'PP PRO PIVOTE'!$AG:$AG,MOR!E3))),"--") -> 0.032903439 | F7: =IFERROR((F6/(SUMIFS('PP PRO PIVOTE'!$E:$E,'PP PRO PIVOTE'!$AG:$AG,MOR!F3))),"--") -> 0.021680217 | G7: =IFERROR((G6/(SUMIFS('PP PRO PIVOTE'!$E:$E,'PP PRO PIVOTE'!$AG:$AG,MOR!G3))),"--") -> 0.010416667 | J7: 0.0164 | K7: 0.0289 | L7: 0.0229 | M7: 0.0206 | N7: 0.013 | O7: 0.0251 | P7: 0.0304 | Q7: 0.0181 | R7: 0.023 | S7: 0.0367 | T7: 0.0198 | U7: 0.0091 | V7: 0.0115 | W7: 0.0049 | X7: 0.0229
A8: TOTAL PRODUCTION KGs | C8: =SUMIFS(PP_PRD[NET WEIGHT],PP_PRD[WEEK NO.],MOR!C3) -> 12624.42 | D8: =SUMIFS(PP_PRD[NET WEIGHT],PP_PRD[WEEK NO.],MOR!D3) -> 18864.65 | E8: =SUMIFS(PP_PRD[NET WEIGHT],PP_PRD[WEEK NO.],MOR!E3) -> 14992.61 | F8: =SUMIFS(PP_PRD[NET WEIGHT],PP_PRD[WEEK NO.],MOR!F3) -> 13856.32 | G8: =SUMIFS(PP_PRD[NET WEIGHT],PP_PRD[WEEK NO.],MOR!G3) -> 8730.93 | H8: =SUM(C8:G8) -> 69068.93 | I8: =+$H$8/$H$9 -> 0.94805193 | J8: 40944 | K8: 67240.4 | L8: 81891 | M8: 85912 | N8: 78685 | O8: 83296.77 | P8: 101702 | Q8: 124628 | R8: 78393 | S8: 58995 | T8: 78391 | U8: 53727 | V8: 103091.48 | W8: 88615.86 | X8: 104314.84
A9: TARGET PRODUCTION TARGET | C9: =SUMIFS(PP_PRD[TARGET],PP_PRD[WEEK NO.],MOR!C3) -> 13295.72 | D9: =SUMIFS(PP_PRD[TARGET],PP_PRD[WEEK NO.],MOR!D3) -> 19834.09 | E9: =SUMIFS(PP_PRD[TARGET],PP_PRD[WEEK NO.],MOR!E3)+100 -> 15879.91 | F9: =SUMIFS(PP_PRD[TARGET],PP_PRD[WEEK NO.],MOR!F3) -> 14616.98 | G9: =SUMIFS(PP_PRD[TARGET],PP_PRD[WEEK NO.],MOR!G3) -> 9226.83 | H9: =SUM(C9:G9) -> 72853.53 | J9: 43274 | K9: 70965 | L9: 86398 | M9: 89984 | N9: 82656 | O9: 87222.1 | P9: 103702 | Q9: 125538 | R9: 81300 | S9: 61250 | T9: 81050 | U9: 55350 | V9: 104750 | W9: 90380 | X9: 105050
A10: PRODUCTION ACHIVEMENT (95 %) | C10: =IFERROR((C$8/C$9),"--") -> 0.94951007 | D10: =IFERROR((D$8/D$9),"--") -> 0.95112254 | E10: =IFERROR((E$8/E$9),"--") -> 0.94412437 | F10: =IFERROR((F$8/F$9),"--") -> 0.94796052 | G10: =IFERROR((G$8/G$9),"--") -> 0.94625456 | J10: 0.9461 | K10: 0.9475 | L10: 0.9478 | M10: 0.9547 | N10: 0.952 | O10: 0.955 | P10: 0.9807 | Q10: 0.9927 | R10: 0.9642 | S10: 0.9632 | T10: 0.9672 | U10: 0.9707 | V10: =+V8/V9 -> 0.98416687 | W10: =+W8/W9 -> 0.98048086 | X10: =+X8/X9 -> 0.99300181
A11: WASTAGE/KGS | C11: =SUMIFS(PP_PRD[PRD WATSE],PP_PRD[WEEK NO.],MOR!C3)+C26 -> 358.96134 | D11: =SUMIFS(PP_PRD[PRD WATSE],PP_PRD[WEEK NO.],MOR!D3)+D26 -> 628.80189 | E11: =SUMIFS(PP_PRD[PRD WATSE],PP_PRD[WEEK NO.],MOR!E3)+E26 -> 525.47169 | F11: =SUMIFS(PP_PRD[PRD WATSE],PP_PRD[WEEK NO.],MOR!F3)+F26 -> 394.47371 | G11: =SUMIFS(PP_PRD[PRD WATSE],PP_PRD[WEEK NO.],MOR!G3)+G26 -> 302.29138 | H11: =SUM(C11:G11) -> 2210 | I11: =+$H$11/$H$8 -> 0.031997021 | J11: 1868 | K11: 1884 | L11: 2760 | M11: 3091 | N11: 3425 | O11: 3760 | P11: 3347 | Q11: 3146 | R11: 2534 | S11: 2421 | T11: 3497 | U11: 1962 | V11: 2894.76 | W11: 2888 | X11: 2548
A12: WASTE TARGET (4 %) | C12: =IFERROR((C$11/C$8),"--") -> 0.028433887 | D12: =IFERROR((D$11/D$8),"--") -> 0.033332285 | E12: =IFERROR((E$11/E$8),"--") -> 0.035048713 | F12: =IFERROR((F$11/F$8),"--") -> 0.028468865 | G12: =IFERROR((G$11/G$8),"--") -> 0.034623044 | J12: 0.0456 | K12: 0.028 | L12: 0.0337 | M12: 0.036 | N12: 0.0435 | O12: 0.0451 | P12: 0.0329 | Q12: 0.0252 | R12: 0.0323 | S12: 0.041 | T12: 0.0446 | U12: 0.0365 | V12: 0.0281 | W12: 0.0326 | X12: 0.0244
A13: ROLL/BAGS WASTE | C13: 5039.95 | H13: =+R29 -> 14.448032 | I13: =+$C$13/$H$8 -> 0.072969858 | J13: - | K13: 0.0105 | L13: 0.0105 | M13: 0.0105 | N13: 0.0105
A14: ROLL/BAGS WASTAGE/VALUE | C14: {=IFERROR((((SUMIFS(KWH!$D:$D,KWH!$E:$E,MOR!F3)/(COUNT(_xlfn._xlws.FILTER(_xlfn._xlws.FILTER(KWH!$A:$F,KWH!$E:$E=F$3),{0,0,0,1,0,0})))))*C13),"0")} -> 2005900.1
A15: WASTAGE/VALUE | C15: {=IFERROR((((SUMIFS(KWH!$D:$D,KWH!$E:$E,MOR!C3)/(COUNT(_xlfn._xlws.FILTER(_xlfn._xlws.FILTER(KWH!$A:$F,KWH!$E:$E=C$3),{0,0,0,1,0,0})))))*C11),"0")} -> 142866.61 | D15: {=IFERROR((((SUMIFS(KWH!$D:$D,KWH!$E:$E,MOR!D3)/(COUNT(_xlfn._xlws.FILTER(_xlfn._xlws.FILTER(KWH!$A:$F,KWH!$E:$E=D$3),{0,0,0,1,0,0})))))*D11),"0")} -> 250263.15 | E15: {=IFERROR((((SUMIFS(KWH!$D:$D,KWH!$E:$E,MOR!E3)/(COUNT(_xlfn._xlws.FILTER(_xlfn._xlws.FILTER(KWH!$A:$F,KWH!$E:$E=E$3),{0,0,0,1,0,0})))))*E11),"0")} -> 209137.73 | F15: {=IFERROR((((SUMIFS(KWH!$D:$D,KWH!$E:$E,MOR!F3)/(COUNT(_xlfn._xlws.FILTER(_xlfn._xlws.FILTER(KWH!$A:$F,KWH!$E:$E=F$3),{0,0,0,1,0,0})))))*F11),"0")} -> 157000.54 | G15: {=IFERROR((((SUMIFS(KWH!$D:$D,KWH!$E:$E,MOR!G3)/(COUNT(_xlfn._xlws.FILTER(_xlfn._xlws.FILTER(KWH!$A:$F,KWH!$E:$E=G$3),{0,0,0,1,0,0})))))*G11),"0")} -> 120311.97 | H15: =SUM(C15:G15) -> 879580 | I15: =+P29 -> 6.3354101 | J15: 9.03 | K15: 5.7 | L15: 6.67 | M15: 7.12 | N15: 9.09 | O15: 9.74 | P15: 7.96 | Q15: 4.11 | R15: 5.27 | S15: 8.13 | T15: 8.83 | U15: 8.4 | V15: 5.56 | W15: 4.65 | X15: 5.62
A16: TOTAL KWH | C16: =SUMIFS(KWH!$B:$B,KWH!$E:$E,MOR!C3)-255.6 -> 7789 | D16: =SUMIFS(KWH!$B:$B,KWH!$E:$E,MOR!D3)-255.6 -> 9399.4 | E16: =SUMIFS(KWH!$B:$B,KWH!$E:$E,MOR!E3)-255.6 -> 9453.66 | F16: =SUMIFS(KWH!$B:$B,KWH!$E:$E,MOR!F3)-255.6 -> 7893.9 | G16: =SUMIFS(KWH!$B:$B,KWH!$E:$E,MOR!G3)-255.6 -> 5811.16 | H16: =SUM(C16:G16) -> 40347.12 | J16: 28174 | K16: 43331.51 | L16: 51278 | M16: 50078 | N16: 48350 | O16: 55045 | P16: 66102 | Q16: 77770 | R16: 50056 | S16: 38552 | T16: 45080 | U16: 28908 | V16: 53581 | W16: 47356 | X16: 57191
A17: KWH VALUE @ 44 | C17: =+C16*44 -> 342716 | D17: =+D16*44 -> 413573.6 | E17: =+E16*44 -> 415961.04 | F17: =+F16*44 -> 347331.6 | G17: =+G16*44 -> 255691.04 | H17: =SUM(C17:G17) -> 1775273.3 | J17: =+J16*44 -> 1239656 | K17: =+K16*44 -> 1906586.4 | L17: =+L16*44 -> 2256232 | M17: 2203418 | N17: 2127383 | O17: 2421965 | P17: 2904528 | Q17: 3421858 | R17: 2202464 | S17: 1696266 | T17: 1983520 | U17: 1271952 | V17: 2357564 | W17: =+W16*44 -> 2083664 | X17: 2516404
A18: KWH (TARGET 26/KG) | C18: =IFERROR((C17/C8),"0") -> 27.147069 | D18: =IFERROR((D17/D8),"0") -> 21.923206 | E18: =IFERROR((E17/E8),"0") -> 27.744405 | F18: =IFERROR((F17/F8),"0") -> 25.066656 | G18: =IFERROR((G17/G8),"0") -> 29.285659 | I18: =+H17/H8 -> 25.702921 | J18: 30.28 | K18: 28.36 | L18: =+L17/L8 -> 27.551648 | M18: 25.65 | N18: 27.04 | O18: 29.08 | P18: 28.56 | Q18: 27.46 | R18: 28.1 | S18: 28.75 | T18: 25.3 | U18: 23.67 | V18: 22.87 | W18: =+W17/W8 -> 23.513443 | X18: 24.12
A19: LABOR/KG | B19: VARIABLE | C19: 5.9167797 | D19: 5.6032272 | E19: 6.6596509 | F19: 9.611506 | G19: 11.11967 | H19: 7.17 | I19: =+D20+D21+F20+H19 -> 11.54 | J19: 16.24 | K19: 12.03 | L19: 8.86 | M19: 8.86 | N19: 9.23 | O19: 9.2 | P19: 10.33 | Q19: 9.0597551 | R19: 9.92 | S19: 10.78 | T19: 10.13 | U19: 8.6 | V19: 8.09 | W19: 7.03 | X19: 7.15
B20: FIXED | C20: STAFF+STORES | D20: 1.67 | E20: WELFARE | F20: 0.31
A21: OVERHEADS | C21: ADMIN | D21: 2.39 | E21: PACKING | F21: 0.76
C22: REPAIR | D22: 0.86 | E22: STORE & SPARES | F22: 1.17 | I22: =+D24+F21+D23+D22+F22+F23 -> 3.36 | J22: 6 | K22: 3.32 | L22: 4.08 | M22: 4.08 | N22: 2.05 | O22: 5.7 | P22: 6.97 | Q22: 4.84 | R22: 5.73 | S22: 7.14 | T22: 10.26 | U22: 4.86 | V22: 4.64 | W22: =0.01+0.11+0.01+0.59+0.05 -> 0.77 | X22: 1.11
C23: FREIGHT | E23: CORE | F23: 0.57
C24: RM GENERAL | E24: OTHERS
A25: CONVERSION COST | I25: =+I22+I19+I18+I15 -> 46.938332 | J25: 61.55 | K25: 49.25 | L25: =+L22+L19+L18+L15 -> 47.161648 | M25: =+M22+M19+M18+M15 -> 45.71 | N25: =+N22+N19+N18+N15 -> 47.41 | O25: 60.31 | P25: 51.22 | Q25: 45.47 | R25: 49.02 | S25: 54.8 | T25: 54.52 | U25: 45.53 | V25: =+V22+V19+V18+V15 -> 41.16 | W25: =+W22+W19+W18+W15 -> 35.963443 | X25: =+X22+X19+X18+X15 -> 38
C26: =$G$28/$H$8*C8 -> 199.96134 | D26: =$G$28/$H$8*D8 -> 298.80189 | E26: =$G$28/$H$8*E8 -> 237.47169 | F26: =$G$28/$H$8*F8 -> 219.47371 | G26: =$G$28/$H$8*G8 -> 138.29138 | I26: WASTE RATE | P26: 200 | Q26: WASTE RATE | R26: 200
E27: =2210-H11 -> 0 | F27: =3091/H8*C8 -> 564.97302 | G27: =+H11-2210 -> 0 | H27: 2210 | P27: =+H11*P26 -> 442000 | R27: =+C13*R26 -> 1007990
G28: 1094 | P28: =+H15-P27 -> 437580 | R28: =+C14-R27 -> 997910.1
I29: WASTE LOSS | P29: =+P28/H8 -> 6.3354101 | Q29: WASTE LOSS | R29: =+R28/$H$8 -> 14.448032
F32: 805 | G32: 1076.4
G33: 738.55
G34: 949.4
G35: 1035

Sheet KWH
A1: DATE | B1: PP | C1: LD | D1: RECIPE | E1: WEEK | F1: LD RECIPE
A2: 1-Oct-25 | B2: 1945 | C2: 2272 | D2: 398 | E2: 40 | F2: 372 | G2: 49
A3: 2-Oct-25 | B3: 2087 | C3: 2567 | D3: 398 | E3: 40 | F3: 372
A4: 3-Oct-25 | B4: 2040 | C4: 2864 | D4: 398 | E4: 40 | F4: 372
A5: 4-Oct-25 | B5: 2041 | C5: 2931 | D5: 398 | E5: 40 | F5: 372
A6: 5-Oct-25 | B6: 2044.5 | C6: 2856.5 | D6: 398 | E6: 40 | F6: 372
A7: 6-Oct-25 | B7: 2021.5 | C7: 2836.5 | D7: 398 | E7: 41 | F7: 372
A8: 7-Oct-25 | B8: 2048 | C8: 3082 | D8: 398 | E8: 41 | F8: 372
A9: 8-Oct-25 | B9: 1996.5 | C9: 2762.5 | D9: 398 | E9: 41 | F9: 372
A10: 9-Oct-25 | B10: 2129 | C10: 2361 | D10: 398 | E10: 41 | F10: 372
A11: 10-Oct-25 | B11: 2141.5 | C11: 2543.5 | D11: 398 | E11: 41 | F11: 372
A12: 11-Oct-25 | B12: 2009 | C12: 2336 | D12: 398 | E12: 41 | F12: 372
A13: 12-Oct-25 | B13: 1625 | C13: 2339 | D13: 398 | E13: 41 | F13: 372
A14: 13-Oct-25 | B14: 200.5 | C14: 2155.5 | D14: 398 | E14: 42 | F14: 372
... A20: 19-Oct-25 | B20: 1295.5 | C20: 1945.5 | D20: 398 | E20: 42 | F20: 372
A21: 45950 | B21: 268.74 | C21: 2841.74 | D21: 398 | E21: 43 | F21: 372
A22: 45951 | B22: 1401.58 | C22: 3008.58 | D22: 398 | E22: 43 | F22: 372
A23: 45952 | B23: 2077.08 | C23: 2827.08 | D23: 398 | E23: 43 | F23: 372
A24: 45953 | B24: 2136.28 | C24: 3083.28 | D24: 398 | E24: 43 | F24: 372
A25: 45954 | B25: 2195.44 | C25: 3140.44 | D25: 398 | E25: 43 | F25: 372
A26: 45955 | B26: 1812.82 | C26: 2870.82 | D26: 398 | E26: 43 | F26: 372
A27: 45956 | B27: 378.12 | C27: 3051.12 | D27: 398 | E27: 43 | F27: 372
A28: 45957 | B28: 1323.38 | C28: 3086.38 | D28: 398 | E28: 44 | F28: 372
A29: 45958 | B29: 1463.7 | C29: 2527.7 | D29: 398 | E29: 44 | F29: 372
A30: 45959 | B30: 1974.3 | C30: 2304.3 | D30: 398 | E30: 44 | F30: 372
A31: 45960 | B31: 2147.72 | C31: 2998.72 | D31: 398 | E31: 44 | F31: 372
A32: 45961 | B32: 1924.84 | C32: 3020.84 | D32: 398 | E32: 44 | F32: 372
... A93: 46022 | B93: 2267.82 | C93: 2234.82 | D93: 398 | E93: 53 | F93: 372
A94: 46023 | B94: 2239.92 | C94: 2232.92 | D94: 398 | E94: 54 | F94: 372 | G94: 53
A95: 46024 | B95: 2093.3 | C95: 2310.3 | D95: 398 | E95: 54 | F95: 372 | G95: 53
A96: 46025 | B96: 1923.86 | C96: 1799.86 | D96: 398 | E96: 54 | F96: 372 | G96: 53
A97: 46026 | B97: 1907.04 | C97: 162.04 | D97: 398 | E97: 54 | F97: 372 | G97: 53
A98: 46027 | B98: 1806.04 | C98: 1676.04 | D98: 398 | E98: 54 | F98: 372 | G98: 54
A99: 46028 | B99: 1905.56 | C99: 2311.56 | D99: 398 | E99: 54 | F99: 372 | G99: 54
A100: 46029 | B100: 1738.06 | C100: 2359.06 | D100: 398 | E100: 54 | F100: 372 | G100: 54
A101: 46030 | B101: 1793.72 | C101: 2433.72 | D101: 398 | E101: 54 | F101: 372 | G101: 54
A102: 46031 | B102: 1906.28 | C102: 2899.28 | D102: 398 | E102: 54 | F102: 372 | G102: 54
A103: 46032 | B103: 1535.72 | C103: 2712.72 | D103: 398 | E103: 54 | F103: 372 | G103: 54
A104: 46033 | B104: 1681.52 | C104: 2715.52 | D104: 398 | E104: 54 | F104: 372 | G104: 54
A105: 46034 | B105: 1906.4 | C105: 2725.4 | D105: 398 | E105: 55 | F105: 372 | G105: 55
... A124: 46053 | B124: 1588.22 | C124: 2220.22 | D124: 398 | E124: 57 | F124: 372 | G124: 57
A125: 46054 | B125: 163.8 | C125: 2275.8 | D125: 398 | F125: 372 | G125: 57
A126: 46055 | B126: 1886.22 | C126: 2077.22 | D126: 398 | E126: 6 | F126: 372
A127: 46056 | B127: 1923.62 | C127: 2132.62 | D127: 398 | E127: 6 | F127: 372
A128: 46057 | B128: 1701.78 | C128: 2122.78 | D128: 398 | E128: 6 | F128: 372
A129: 46058 | B129: 1638.92 | C129: 1828.92 | D129: 398 | E129: 6 | F129: 372
A130: 46059 | B130: 132.84 | C130: 86.84 | D130: 398 | E130: 6 | F130: 372
A131: 46060 | B131: 178.2 | C131: 77.2 | D131: 398 | E131: 6 | F131: 372
A132: 46061 | B132: 125.4 | C132: 88.4 | D132: 398 | E132: 6 | F132: 372
A133: 46062 | B133: 1739.66 | C133: 1924.66 | D133: 398 | E133: 7 | F133: 372
A134: 46063 | B134: 1893.98 | C134: 2722.98 | D134: 398 | E134: 7 | F134: 372
A135: 46064 | B135: 1582.24 | C135: 3184.24 | D135: 398 | E135: 7 | F135: 372
A136: 46065 | B136: 1478.88 | C136: 3255.88 | D136: 398 | E136: 7 | F136: 372
A137: 46066 | B137: 1954.78 | C137: 3290.78 | D137: 398 | E137: 7 | F137: 372
... A160: 46089 | B160: 195.44 | C160: 2946.44 | D160: 398 | E160: 10 | F160: 372
A161: 46090 | B161: 1696.04 | C161: 2805.04 | D161: 398 | E161: =WEEKNUM(A161,2) -> 11 | F161: 372
A162: 46091 | B162: 1801.54 | C162: 3005.54 | D162: 398 | E162: =WEEKNUM(A162,2) -> 11 | F162: 372
A163: 46092 | B163: 1803.26 | C163: 2534.26 | D163: 398 | E163: =WEEKNUM(A163,2) -> 11 | F163: 372
A164: 46093 | B164: 1886.5 | C164: 2797.5 | D164: 398 | E164: =WEEKNUM(A164,2) -> 11 | F164: 372
A165: 46094 | B165: 1812.58 | C165: 3021.58 | D165: 398 | E165: =WEEKNUM(A165,2) -> 11 | F165: 372
A166: 46095 | B166: 1968.22 | C166: 3091.22 | D166: 398 | E166: =WEEKNUM(A166,2) -> 11 | F166: 372
A167: 46096 | B167: 1812.2 | C167: 2899.2 | D167: 398 | E167: =WEEKNUM(A167,2) -> 11 | F167: 372
A168: 46097 | B168: 1745.06 | C168: 2572.06 | D168: 398 | E168: 11 | F168: 372
A169: 46098 | C169: 1081 | E169: 11 | F169: 372 | G169: 11
A170: 46099 | C170: 186.64 | E170: 11 | F170: 372 | G170: 11
A171: 46111 | C171: 1598.18 | E171: =WEEKNUM(A171,2) -> 14 | F171: 372 | G171: 11
A172: 46112 | C172: 2207.7 | E172: =WEEKNUM(A172,2) -> 14 | F172: 372 | G172: 11
A173: 46113 | B173: 1453.42 | C173: 2678.42 | D173: 398 | E173: =WEEKNUM(A173,2) -> 14 | F173: 372
A174: 46114 | B174: 1635.4 | C174: 2809.4 | D174: 398 | E174: =WEEKNUM(A174,2) -> 14 | F174: 372
A175: 46115 | B175: 1688.58 | C175: 2748.58 | D175: 398 | E175: =WEEKNUM(A175,2) -> 14 | F175: 372
A176: 46116 | B176: 1705.1 | C176: 2814.1 | D176: 398 | E176: =WEEKNUM(A176,2) -> 14 | F176: 372
A177: 46117 | B177: 1562.1 | C177: 2913.1 | D177: 398 | E177: =WEEKNUM(A177,2) -> 14 | F177: 372
A178: =+A177+1 -> 46118 | B178: 1396 | C178: 2733 | D178: 398 | E178: =WEEKNUM(A178,2) -> 15 | F178: 372
A179: =+A178+1 -> 46119 | B179: 1371 | C179: 2984 | D179: 398 | E179: =WEEKNUM(A179,2) -> 15 | F179: 372
A180: =+A179+1 -> 46120 | B180: 1404 | C180: 2928 | D180: 398 | E180: =WEEKNUM(A180,2) -> 15 | F180: 372
A181: =+A180+1 -> 46121 | B181: 1451 | C181: 2686 | D181: 398 | E181: =WEEKNUM(A181,2) -> 15 | F181: 372
A182: =+A181+1 -> 46122 | B182: 1445 | C182: 2385 | D182: 398 | E182: =WEEKNUM(A182,2) -> 15 | F182: 372
A183: =+A182+1 -> 46123 | B183: 1545 | C183: 2379 | D183: 398 | E183: =WEEKNUM(A183,2) -> 15 | F183: 372
A184: =+A183+1 -> 46124 | B184: 1043 | C184: 2343 | D184: 398 | E184: =WEEKNUM(A184,2) -> 15 | F184: 372
A185: 46125 | B185: 1235.92 | C185: 2587.92 | D185: 398 | E185: =WEEKNUM(A185,2) -> 16 | F185: 372
A186: 46126 | B186: 1196.2 | C186: 2697.2 | D186: 398 | E186: =WEEKNUM(A186,2) -> 16 | F186: 372
A187: 46127 | B187: 1220.26 | C187: 2634.26 | D187: 398 | E187: =WEEKNUM(A187,2) -> 16 | F187: 372
A188: 46128 | B188: 1637.06 | C188: 2719.06 | D188: 398 | E188: =WEEKNUM(A188,2) -> 16 | F188: 372
A189: 46129 | B189: 1685.1 | C189: 2803.1 | D189: 398 | E189: =WEEKNUM(A189,2) -> 16 | F189: 372
A190: 46130 | B190: 1498.06 | C190: 2500.06 | D190: 398 | E190: =WEEKNUM(A190,2) -> 16 | F190: 372
A191: 46131 | B191: 1236.66 | C191: 1658.66 | D191: 398 | E191: =WEEKNUM(A191,2) -> 16 | F191: 372
A192: 46132 | B192: 1557.4 | C192: 1658.4 | D192: 398 | E192: =WEEKNUM(A192,2) -> 17 | F192: 372
A193: 46133 | B193: 1155.74 | C193: 1477.74 | D193: 398 | E193: =WEEKNUM(A193,2) -> 17 | F193: 372
A194: 46134 | B194: 1181.64 | C194: 1499.64 | D194: 398 | E194: =WEEKNUM(A194,2) -> 17 | F194: 372
A195: 46135 | B195: 1124.8 | C195: 1736.8 | D195: 398 | E195: =WEEKNUM(A195,2) -> 17 | F195: 372
A196: 46136 | B196: 797.36 | C196: 1854.36 | D196: 398 | E196: =WEEKNUM(A196,2) -> 17 | F196: 372
... A202: 46142 | B202: 1690.76 | C202: 1578.76 | D202: 398 | E202: =WEEKNUM(A202,2) -> 18 | F202: 372

Sheet TARGET
A1: PP | Q1: LD
B2: 1 | C2: 1 | D2: 2 | E2: 2 | F2: 3 | G2: 3 | H2: 4 | I2: 4 | J2: 5 | K2: 5 | L2: 6 | M2: 6 | Q2: 1 | R2: 1 | S2: 2 | T2: 2 | U2: 3 | V2: 3 | W2: 4 | X2: 4 | Y2: 5 | Z2: 5 | AA2: 6 | AB2: 6 | AC2: 7 | AD2: 7 | AE2: 8 | AF2: 8
A3: DATE | B3: A | C3: B | D3: A | E3: B | F3: A | G3: B | H3: A | I3: B | J3: A | K3: B | O3: WEEK | Q3: A | R3: B | S3: A | T3: B | U3: A | V3: B | W3: A | X3: B | Y3: A | Z3: B | AA3: A | AB3: B | AC3: A | AD3: B | AE3: A | AF3: B
A4: 46054 | N4: 0 | O4: 6 | Q4: 210 | R4: 220 | S4: 140 | T4: 170 | U4: 0 | V4: 0 | W4: 390 | X4: 390 | Y4: 0 | Z4: 0 | AA4: 0 | AB4: 0 | AC4: 500 | AD4: 800 | AE4: 500 | AF4: 500 | AG4: 3820
A5: 46055 | B5: 90 | C5: 125 | D5: 140 | E5: 180 | F5: 0 | G5: 0 | H5: 450 | I5: 800 | J5: 350 | K5: 500 | L5: 0 | M5: 0 | N5: 2635 | O5: 6 | Q5: 185 | R5: 185 | S5: 0 | T5: 0 | U5: 0 | V5: 0 | W5: 480 | X5: 480 | Y5: 0 | Z5: 0 | AA5: 0 | AB5: 0 | AC5: 850 | AD5: 700 | AE5: 400 | AF5: 400 | AG5: 3680
A6: 46056 | B6: 120 | C6: 120 | D6: 160 | E6: 160 | F6: 0 | G6: 0 | H6: 780 | I6: 750 | J6: 480 | K6: 500 | L6: 0 | M6: 0 | N6: 3070 | O6: 6 | Q6: 180 | R6: 180 | S6: 100 | T6: 0 | U6: 0 | V6: 0 | W6: 430 | X6: 430 | Y6: 0 | Z6: 0 | AA6: 0 | AB6: 0 | AC6: 720 | AD6: 720 | AE6: 410 | AF6: 340 | AG6: 3510
A7: 46057 | B7: 120 | C7: 120 | D7: 180 | E7: 180 | F7: 0 | G7: 0 | H7: 750 | I7: 750 | J7: 500 | K7: 500 | L7: 0 | M7: 0 | N7: 3100 | O7: 6 | Q7: 160 | R7: 160 | S7: 160 | T7: 180 | U7: 0 | V7: 0 | W7: 320 | X7: 400 | Y7: 0 | Z7: 0 | AA7: 0 | AB7: 0 | AC7: 700 | AD7: 700 | AE7: 300 | AF7: 330 | AG7: 3410
A8: 46058 | B8: 120 | C8: 120 | D8: 180 | E8: 180 | F8: 0 | G8: 0 | H8: 550 | I8: 500 | J8: 700 | K8: 620 | L8: 0 | M8: 0 | N8: 2970 | O8: 6 | Q8: 120 | R8: 150 | S8: 130 | T8: 130 | U8: 0 | V8: 0 | W8: 420 | X8: 400 | Y8: 0 | Z8: 0 | AA8: 0 | AB8: 0 | AC8: 530 | AD8: 460 | AE8: 500 | AF8: 430 | AG8: 3270
A9: 46062 | B9: 90 | C9: 150 | D9: 150 | E9: 210 | F9: 0 | G9: 0 | H9: 480 | I9: 700 | J9: 300 | K9: 600 | L9: 0 | M9: 0 | N9: 2680 | O9: 7 | Q9: 100 | R9: 140 | S9: 0 | T9: 0 | U9: 0 | V9: 0 | W9: 270 | X9: 420 | Y9: 0 | Z9: 450 | AA9: 0 | AB9: 0 | AC9: 0 | AD9: 450 | AE9: 360 | AF9: 550 | AG9: 2740
A10: 46063 | B10: 135 | C10: 135 | D10: 230 | E10: 230 | F10: 0 | G10: 0 | H10: 740 | I10: 740 | J10: 550 | K10: 500 | L10: 0 | M10: 0 | N10: 3260 | O10: 7 | Q10: 180 | R10: 180 | S10: 110 | T10: 145 | U10: 0 | V10: 0 | W10: 500 | X10: 400 | Y10: 400 | Z10: 380 | AA10: 0 | AB10: 0 | AC10: 800 | AD10: 900 | AE10: 500 | AF10: 450 | AG10: 4945
A11: 46064 | B11: 145 | C11: 145 | D11: 225 | E11: 225 | F11: 0 | G11: 0 | H11: 750 | I11: 70 | J11: 500 | K11: 420 | L11: 0 | M11: 0 | N11: 2480 | O11: 7 | Q11: 200 | R11: 230 | S11: 170 | T11: 100 | U11: 0 | V11: 0 | W11: 420 | X11: 390 | Y11: 340 | Z11: 300 | AA11: 410 | AB11: 650 | AC11: 600 | AD11: 800 | AE11: 400 | AF11: 340 | AG11: 5350
A12: 46065 | B12: 130 | C12: 130 | D12: 200 | E12: 200 | F12: 0 | G12: 0 | H12: 0 | I12: 450 | J12: 500 | K12: 500 | L12: 0 | M12: 0 | N12: 2110 | O12: 7 | Q12: 200 | R12: 200 | S12: 80 | T12: 80 | U12: 0 | V12: 0 | W12: 290 | X12: 350 | Y12: 490 | Z12: 450 | AA12: 600 | AB12: 600 | AC12: 800 | AD12: 800 | AE12: 500 | AF12: 500 | AG12: 5940
A13: 46066 | B13: 135 | C13: 135 | D13: 190 | E13: 190 | F13: 0 | G13: 0 | H13: 700 | I13: 1100 | J13: 500 | K13: 500 | L13: 0 | M13: 0 | N13: 3450 | O13: 7 | Q13: 200 | R13: 200 | S13: 100 | T13: 80 | U13: 0 | V13: 0 | W13: 500 | X13: 550 | Y13: 430 | Z13: 370 | AA13: 650 | AB13: 650 | AC13: 870 | AD13: 850 | AE13: 500 | AF13: 420 | AG13: 6370
A14: 46067 | B14: 140 | C14: 130 | D14: 180 | E14: 180 | F14: 0 | G14: 0 | H14: 780 | I14: 750 | J14: 200 | K14: 350 | L14: 0 | M14: 0 | N14: 2710 | O14: 7 | Q14: 200 | R14: 200 | S14: 100 | T14: 80 | U14: 0 | V14: 0 | W14: 500 | X14: 550 | Y14: 430 | Z14: 370 | AA14: 650 | AB14: 650 | AC14: 870 | AD14: 850 | AE14: 500 | AF14: 420 | AG14: 6370
A15: 46068 | B15: 140 | C15: 130 | D15: 180 | E15: 180 | F15: 0 | G15: 0 | H15: 780 | I15: 750 | J15: 200 | K15: 350 | L15: 0 | M15: 0 | N15: 2710 | O15: 7 | Q15: 160 | R15: 185 | S15: 160 | T15: 200 | U15: 0 | V15: 0 | W15: 400 | X15: 280 | Y15: 400 | Z15: 500 | AA15: 670 | AB15: 670 | AC15: 560 | AD15: 700 | AE15: 340 | AF15: 340 | AG15: 5565
