Workbook
Name Slicer_WEEK_NO.: #N/A

Sheet PT
L1: DAILY OPERATION REVIEW FLEXO PRINTING
A2: DATE | B2: SHIFT | C2: MACHINES | D2: سائز تبدیل | E2: کوالٹی CHANGE | F2: ھیٹنگ | I2: TOTAL MIN | J2: P.S HOURS | K2: الیکٹریکل | L2: ڈایی صاف | M2: مکینیکل | N2: سائز کم | O2: سیمپل چیک | P2: مال میں مسئلہ | Q2: جالی تبدیل | S2: TOTAL MIN | T2: U.P.S HOURS | U2: T.S HOURS | V2: RUNNING | W2: TOTAL HOURS | X2: WASTAGE/KGs | Y2: KWH/KG | Z2: TOTAL PRODUCTION | AA2: TARGET | AB2: RECIPE | AC2: WEEK NO. | AD2: REMARKS | AE2: ACTION | AF2: ACTION PLAN
A3: 45658 | B3: A | C3: 1 | I3: 0 | J3: 0 | Q3: 65 | S3: 65 | T3: 1.0833333 | U3: 1.0833333 | V3: 10.916667 | W3: 12 | X3: 0 | Z3: 130.1 | AA3: 150 | AC3: 1
A4: 45658 | B4: B | C4: 1 | I4: 0 | J4: 0 | S4: 0 | T4: 0 | U4: 0 | V4: 12 | W4: 12 | X4: 4 | Z4: 148.3 | AA4: 150 | AC4: 1
A5: 45658 | B5: A | C5: 3 | D5: 7 | I5: 7 | J5: 0.11666667 | S5: 0 | T5: 0 | U5: 0.11666667 | V5: 11.883333 | W5: 12 | X5: 44 | Z5: 474.4 | AA5: 450 | AC5: 1
A6: 45658 | B6: B | C6: 3 | I6: 0 | J6: 0 | S6: 0 | T6: 0 | U6: 0 | V6: 12 | W6: 12 | X6: 9 | Z6: 327.7 | AA6: 350 | AB6: 372 | AC6: 1
A7: 45658 | B7: A | C7: 5 | D7: 10 | I7: 10 | J7: 0.16666667 | N7: 10 | S7: 10 | T7: 0.16666667 | U7: 0.33333333 | V7: 11.666667 | W7: 12 | X7: 0 | Y7: 1832 | Z7: 471.4 | AA7: 450 | AC7: 1
A8: 45658 | B8: B | C8: 5 | D8: 10 | I8: 10 | J8: 0.16666667 | S8: 0 | T8: 0 | U8: 0.16666667 | V8: 11.833333 | W8: 12 | X8: 15.6 | Z8: 480.4 | AA8: 450 | AC8: 1
A9: 45658 | B9: A | C9: 7 | I9: 0 | J9: 0 | N9: 20 | S9: 20 | T9: 0.33333333 | U9: 0.33333333 | V9: 11.666667 | W9: 12 | X9: 0 | Z9: 587.2 | AA9: 600 | AC9: 1
A10: 45658 | B10: B | C10: 7 | D10: 2 | I10: 2 | J10: 0.033333333 | S10: 0 | T10: 0 | U10: 0.033333333 | V10: 11.966667 | W10: 12 | X10: 7.2 | Z10: 407.54 | AA10: 400 | AC10: 1
A11: 45659 | B11: A | C11: 1 | D11: 5 | I11: 5 | J11: 0.083333333 | S11: 0 | T11: 0 | U11: 0.083333333 | V11: 11.916667 | W11: 12 | X11: 20 | Z11: 186.56 | AA11: 200 | AC11: 1
A12: 45659 | B12: B | C12: 1 | I12: 0 | J12: 0 | S12: 0 | T12: 0 | U12: 0 | V12: 12 | W12: 12 | X12: 2 | Z12: 162 | AA12: 150 | AC12: 1
A13: 45659 | B13: A | C13: 3 | I13: 0 | J13: 0 | S13: 0 | T13: 0 | U13: 0 | V13: 12 | W13: 12 | X13: 0 | Z13: 360.2 | AA13: 350 | AB13: 372 | AC13: 1
A14: 45659 | B14: B | C14: 3 | I14: 0 | J14: 0 | S14: 0 | T14: 0 | U14: 0 | V14: 12 | W14: 12 | X14: 0 | Z14: 383 | AA14: 400 | AC14: 1
A15: 45659 | B15: A | C15: 5 | I15: 0 | J15: 0 | S15: 0 | T15: 0 | U15: 0 | V15: 12 | W15: 12 | X15: 0 | Z15: 495.6 | AA15: 500 | AC15: 1
A16: 45659 | B16: B | C16: 5 | I16: 0 | J16: 0 | S16: 0 | T16: 0 | U16: 0 | V16: 12 | W16: 12 | X16: 0 | Y16: 1886 | Z16: 84.8 | AA16: 100 | AC16: 1
A17: 45659 | B17: B | C17: 6 | F17: 180 | I17: 180 | J17: 3 | S17: 0 | T17: 0 | U17: 3 | V17: 9 | W17: 12 | X17: 36.2 | Z17: 451.26 | AA17: 450 | AC17: 1
A18: 45659 | B18: A | C18: 7 | I18: 0 | J18: 0 | S18: 0 | T18: 0 | U18: 0 | V18: 12 | W18: 12 | X18: 0 | Z18: 401.38 | AA18: 400 | AC18: 1
A19: 45659 | B19: B | C19: 7 | I19: 0 | J19: 0 | S19: 0 | T19: 0 | U19: 0 | V19: 12 | W19: 12 | X19: 13.9 | Z19: 412.58 | AA19: 400 | AC19: 1
A20: 45660 | B20: A | C20: 1 | I20: 0 | J20: 0 | S20: 0 | T20: 0 | U20: 0 | V20: 12 | W20: 12 | X20: 0 | Z20: 157.8 | AA20: 150 | AC20: 1
A21: 45660 | B21: B | C21: 1 | I21: 0 | J21: 0 | S21: 0 | T21: 0 | U21: 0 | V21: 12 | W21: 12 | X21: 0 | Z21: 200.4 | AA21: 200 | AC21: 1
A22: 45660 | B22: A | C22: 3 | I22: 0 | J22: 0 | S22: 0 | T22: 0 | U22: 0 | V22: 12 | W22: 12 | X22: 0 | Z22: 263.4 | AA22: 250 | AB22: 372 | AC22: 1
A23: 45660 | B23: B | C23: 3 | I23: 0 | J23: 0 | S23: 0 | T23: 0 | U23: 0 | V23: 12 | W23: 12 | X23: 0 | Y23: 1949 | Z23: 253.2 | AA23: 250 | AC23: 1
A24: 45660 | B24: A | C24: 6 | D24: 15 | I24: 15 | J24: 0.25 | N24: 5 | S24: 5 | T24: 0.083333333 | U24: 0.33333333 | V24: 11.666667 | W24: 12 | X24: 0 | Z24: 607 | AA24: 600 | AC24: 1
A25: 45660 | B25: B | C25: 6 | I25: 0 | J25: 0 | K25: 45 | S25: 45 | T25: 0.75 | U25: 0.75 | V25: 11.25 | W25: 12 | X25: 35 | Z25: 572 | AA25: 550 | AC25: 1
A26: 45660 | B26: A | C26: 7 | I26: 0 | J26: 0 | S26: 0 | T26: 0 | U26: 0 | V26: 12 | W26: 12 | X26: 0 | Z26: 522.16 | AA26: 500 | AC26: 1
A27: 45660 | B27: B | C27: 7 | I27: 0 | J27: 0 | S27: 0 | T27: 0 | U27: 0 | V27: 12 | W27: 12 | X27: 6.5 | Z27: 433.06 | AA27: 450 | AC27: 1
A28: 45661 | B28: A | C28: 1 | I28: 0 | J28: 0 | S28: 0 | T28: 0 | U28: 0 | V28: 12 | W28: 12 | X28: 0 | Z28: 175 | AA28: 200 | AC28: 1
A29: 45661 | B29: B | C29: 1 | I29: 0 | J29: 0 | S29: 0 | T29: 0 | U29: 0 | V29: 12 | W29: 12 | X29: 0 | Z29: 196.7 | AA29: 200 | AB29: 372 | AC29: 1
A30: 45661 | B30: A | C30: 3 | I30: 0 | J30: 0 | S30: 0 | T30: 0 | U30: 0 | V30: 12 | W30: 12 | X30: 38.2 | Z30: 428 | AA30: 400 | AC30: 1
A31: 45661 | B31: B | C31: 3 | E31: 25 | I31: 25 | J31: 0.41666667 | S31: 0 | T31: 0 | U31: 0.41666667 | V31: 11.583333 | W31: 12 | X31: 0 | Y31: 2149 | Z31: 644.4 | AA31: 650 | AC31: 1
A32: 45661 | B32: A | C32: 6 | I32: 0 | J32: 0 | S32: 0 | T32: 0 | U32: 0 | V32: 12 | W32: 12 | X32: 0 | Z32: 808.2 | AA32: 800 | AC32: 1
A33: 45661 | B33: B | C33: 6 | D33: 2 | I33: 2 | J33: 0.033333333 | N33: 10 | S33: 10 | T33: 0.16666667 | U33: 0.2 | V33: 11.8 | W33: 12 | X33: 0 | Z33: 944.4 | AA33: 950 | AC33: 1
A34: 45661 | B34: A | C34: 7 | I34: 0 | J34: 0 | S34: 0 | T34: 0 | U34: 0 | V34: 12 | W34: 12 | X34: 0 | Z34: 419.74 | AA34: 400 | AC34: 1
A35: 45661 | B35: B | C35: 7 | I35: 0 | J35: 0 | S35: 0 | T35: 0 | U35: 0 | V35: 12 | W35: 12 | X35: 35.2 | Z35: 490.27 | AA35: 500 | AC35: 1
A36: 45662 | B36: A | C36: 1 | I36: 0 | J36: 0 | S36: 0 | T36: 0 | U36: 0 | V36: 12 | W36: 12 | X36: 10 | Z36: 135.6 | AA36: 100 | AC36: 1
A37: 45662 | B37: B | C37: 1 | I37: 0 | J37: 0 | S37: 0 | T37: 0 | U37: 0 | V37: 12 | W37: 12 | X37: 0 | Z37: 564.3 | AA37: 550 | AC37: 1
A38: 45662 | B38: A | C38: 3 | I38: 0 | J38: 0 | S38: 0 | T38: 0 | U38: 0 | V38: 12 | W38: 12 | X38: 0 | Z38: 429.1 | AA38: 400 | AB38: 372 | AC38: 1
A39: 45662 | B39: B | C39: 3 | D39: 10 | I39: 10 | J39: 0.16666667 | S39: 0 | T39: 0 | U39: 0.16666667 | V39: 11.833333 | W39: 12 | X39: 0 | Z39: 557.4 | AA39: 550 | AC39: 1
A40: 45662 | B40: A | C40: 6 | D40: 5 | I40: 5 | J40: 0.083333333 | S40: 0 | T40: 0 | U40: 0.083333333 | V40: 11.916667 | W40: 12 | X40: 0 | Y40: 2297 | Z40: 810 | AA40: 800 | AC40: 1
A41: 45662 | B41: B | C41: 6 | I41: 0 | J41: 0 | L41: 10 | N41: 5 | S41: 15 | T41: 0.25 | U41: 0.25 | V41: 11.75 | W41: 12 | X41: 0 | Z41: 953.5 | AA41: 950 | AC41: 1
A42: 45662 | B42: A | C42: 7 | I42: 0 | J42: 0 | O42: 360 | S42: 360 | T42: 6 | U42: 6 | V42: 6 | W42: 12 | X42: 0 | Z42: 157.42 | AA42: 150 | AC42: 1
A43: 45662 | B43: B | C43: 7 | I43: 0 | J43: 0 | S43: 0 | T43: 0 | U43: 0 | V43: 12 | W43: 12 | X43: 0 | Z43: 537.52 | AA43: 500 | AC43: 1
A44: 45663 | B44: A | C44: 1 | I44: 0 | J44: 0 | S44: 0 | T44: 0 | U44: 0 | V44: 12 | W44: 12 | X44: 0 | Z44: 156.5 | AA44: 150 | AC44: 2
A45: 45663 | B45: B | C45: 1 | I45: 0 | J45: 0 | S45: 0 | T45: 0 | U45: 0 | V45: 12 | W45: 12 | X45: 0 | Z45: 198.4 | AA45: 200 | AC45: 2
A46: 45663 | B46: A | C46: 3 | I46: 0 | J46: 0 | S46: 0 | T46: 0 | U46: 0 | V46: 12 | W46: 12 | X46: 0 | Z46: 420.3 | AA46: 400 | AC46: 2
A47: 45663 | B47: B | C47: 3 | I47: 0 | J47: 0 | S47: 0 | T47: 0 | U47: 0 | V47: 12 | W47: 12 | X47: 0 | Z47: 363.2 | AA47: 350 | AB47: 372 | AC47: 2
A48: 45663 | B48: A | C48: 6 | D48: 18 | I48: 18 | J48: 0.3 | N48: 10 | S48: 10 | T48: 0.16666667 | U48: 0.46666667 | V48: 11.533333 | W48: 12 | X48: 0 | Z48: 948.8 | AA48: 950 | AC48: 2
A49: 45663 | B49: B | C49: 6 | I49: 0 | J49: 0 | S49: 0 | T49: 0 | U49: 0 | V49: 12 | W49: 12 | X49: 0 | Z49: 574.8 | AA49: 550 | AC49: 2
A50: 45663 | B50: A | C50: 7 | D50: 4 | I50: 4 | J50: 0.066666667 | S50: 0 | T50: 0 | U50: 0.066666667 | V50: 11.933333 | W50: 12 | X50: 0 | Y50: 1984 | Z50: 406.73 | AA50: 400 | AC50: 2
A51: 45663 | B51: B | C51: 7 | D51: 2 | I51: 2 | J51: 0.033333333 | N51: 5 | S51: 5 | T51: 0.083333333 | U51: 0.11666667 | V51: 11.883333 | W51: 12 | X51: 0 | Z51: 494.1 | AA51: 500 | AC51: 2
A52: 45664 | B52: A | C52: 1 | D52: 15 | I52: 15 | J52: 0.25 | S52: 0 | T52: 0 | U52: 0.25 | V52: 11.75 | W52: 12 | X52: 0 | Z52: 170.97 | AA52: 150 | AC52: 2
A53: 45664 | B53: B | C53: 1 | I53: 0 | J53: 0 | S53: 0 | T53: 0 | U53: 0 | V53: 12 | W53: 12 | X53: 0 | Z53: 152.2 | AA53: 150 | AC53: 2
A54: 45664 | B54: A | C54: 3 | I54: 0 | J54: 0 | M54: 540 | S54: 540 | T54: 9 | U54: 9 | V54: 3 | W54: 12 | X54: 0 | Z54: 298.2 | AA54: 300 | AC54: 2
A55: 45664 | B55: B | C55: 3 | F55: 240 | I55: 240 | J55: 4 | S55: 0 | T55: 0 | U55: 4 | V55: 8 | W55: 12 | X55: 0 | Z55: 159 | AA55: 150 | AB55: 372 | AC55: 2
A56: 45664 | B56: A | C56: 6 | D56: 6 | I56: 6 | J56: 0.1 | S56: 0 | T56: 0 | U56: 0.1 | V56: 11.9 | W56: 12 | X56: 40 | Z56: 609.4 | AA56: 600 | AC56: 2
A57: 45664 | B57: B | C57: 6 | D57: 15 | I57: 15 | J57: 0.25 | S57: 0 | T57: 0 | U57: 0.25 | V57: 11.75 | W57: 12 | X57: 0 | Y57: 1740 | Z57: 551 | AA57: 550 | AC57: 2
A58: 45664 | B58: A | C58: 7 | D58: 15 | I58: 15 | J58: 0.25 | L58: 10 | N58: 20 | S58: 30 | T58: 0.5 | U58: 0.75 | V58: 11.25 | W58: 12 | X58: 0 | Z58: 406.32 | AA58: 400 | AC58: 2
A59: 45664 | B59: B | C59: 7 | D59: 10 | I59: 10 | J59: 0.16666667 | M59: 90 | S59: 90 | T59: 1.5 | U59: 1.6666667 | V59: 10.333333 | W59: 12 | X59: 0 | Z59: 528.92 | AA59: 500 | AC59: 2
A60: 45665 | B60: A | C60: 1 | D60: 5 | I60: 5 | J60: 0.083333333 | K60: 30 | S60: 30 | T60: 0.5 | U60: 0.58333333 | V60: 11.416667 | W60: 12 | X60: 13 | Z60: 140.8 | AA60: 150 | AC60: 2
A61: 45665 | B61: B | C61: 1 | I61: 0 | J61: 0 | S61: 0 | T61: 0 | U61: 0 | V61: 12 | W61: 12 | X61: 38 | Z61: 191.2 | AA61: 200 | AC61: 2
A62: 45665 | B62: A | C62: 3 | D62: 5 | I62: 5 | J62: 0.083333333 | K62: 30 | S62: 30 | T62: 0.5 | U62: 0.58333333 | V62: 11.416667 | W62: 12 | X62: 25 | Z62: 339.6 | AA62: 300 | AB62: 372 | AC62: 2
A63: 45665 | B63: B | C63: 3 | I63: 0 | J63: 0 | Q63: 60 | S63: 60 | T63: 1 | U63: 1 | V63: 11 | W63: 12 | X63: 0 | Z63: 279.8 | AA63: 300 | AC63: 2
A64: 45665 | B64: A | C64: 6 | D64: 5 | I64: 5 | J64: 0.083333333 | K64: 30 | L64: 150 | S64: 180 | T64: 3 | U64: 3.0833333 | V64: 8.9166667 | W64: 12 | X64: 34 | Z64: 448.85 | AA64: 400 | AC64: 2
A65: 45665 | B65: B | C65: 6 | D65: 10 | I65: 10 | J65: 0.16666667 | S65: 0 | T65: 0 | U65: 0.16666667 | V65: 11.833333 | W65: 12 | X65: 0 | Y65: 1866 | Z65: 663 | AA65: 650 | AC65: 2
A66: 45665 | B66: A | C66: 7 | D66: 15 | I66: 15 | J66: 0.25 | K66: 30 | O66: 40 | S66: 70 | T66: 1.1666667 | U66: 1.4166667 | V66: 10.583333 | W66: 12 | X66: 18 | Z66: 445.68 | AA66: 400 | AC66: 2
A67: 45665 | B67: B | C67: 7 | D67: 5 | I67: 5 | J67: 0.083333333 | S67: 0 | T67: 0 | U67: 0.083333333 | V67: 11.916667 | W67: 12 | X67: 0 | Z67: 489.72 | AA67: 500 | AC67: 2
A68: 45666 | B68: A | C68: 1 | D68: 10 | I68: 10 | J68: 0.16666667 | S68: 0 | T68: 0 | U68: 0.16666667 | V68: 11.833333 | W68: 12 | X68: 0.8 | Z68: 136.15 | AA68: 100 | AC68: 2
A69: 45666 | B69: B | C69: 1 | I69: 0 | J69: 0 | K69: 30 | S69: 30 | T69: 0.5 | U69: 0.5 | V69: 11.5 | W69: 12 | X69: 6 | Z69: 158 | AA69: 150 | AC69: 2
A70: 45666 | B70: A | C70: 3 | D70: 1 | I70: 1 | J70: 0.016666667 | S70: 0 | T70: 0 | U70: 0.016666667 | V70: 11.983333 | W70: 12 | X70: 3 | Z70: 410 | AA70: 400 | AC70: 2
A71: 45666 | B71: B | C71: 3 | D71: 15 | I71: 15 | J71: 0.25 | K71: 30 | S71: 30 | T71: 0.5 | U71: 0.75 | V71: 11.25 | W71: 12 | X71: 6 | Z71: 290.8 | AA71: 300 | AB71: 372 | AC71: 2
A72: 45666 | B72: A | C72: 6 | D72: 5 | I72: 5 | J72: 0.083333333 | N72: 15 | S72: 15 | T72: 0.25 | U72: 0.33333333 | V72: 11.666667 | W72: 12 | X72: 24 | Y72: 1910 | Z72: 563.48 | AA72: 550 | AC72: 2
A73: 45666 | B73: B | C73: 6 | I73: 0 | J73: 0 | K73: 30 | S73: 30 | T73: 0.5 | U73: 0.5 | V73: 11.5 | W73: 12 | X73: 15.4 | Z73: 545.4 | AA73: 550 | AC73: 2
A74: 45666 | B74: A | C74: 7 | D74: 2 | I74: 2 | J74: 0.033333333 | S74: 0 | T74: 0 | U74: 0.033333333 | V74: 11.966667 | W74: 12 | X74: 8 | Z74: 415.14 | AA74: 400 | AC74: 2
A75: 45666 | B75: B | C75: 7 | D75: 5 | I75: 5 | J75: 0.083333333 | K75: 30 | S75: 30 | T75: 0.5 | U75: 0.58333333 | V75: 11.416667 | W75: 12 | X75: 8 | Z75: 508.2 | AA75: 500 | AC75: 2
A76: 45667 | B76: A | C76: 1 | I76: 0 | J76: 0 | P76: 10 | S76: 10 | T76: 0.16666667 | U76: 0.16666667 | V76: 11.833333 | W76: 12 | X76: 10 | Y76: 1856 | Z76: 42.16 | AA76: 50 | AB76: 372 | AC76: 2
A77: 45667 | B77: B | C77: 1 | I77: 0 | J77: 0 | S77: 0 | T77: 0 | U77: 0 | V77: 12 | W77: 12 | X77: 0 | Z77: 67.8 | AA77: 50 | AC77: 2
A78: 45667 | B78: A | C78: 3 | D78: 20 | I78: 20 | J78: 0.33333333 | S78: 0 | T78: 0 | U78: 0.33333333 | V78: 11.666667 | W78: 12 | X78: 5.5 | Z78: 289 | AA78: 300 | AC78: 2
A79: 45667 | B79: B | C79: 3 | D79: 15 | I79: 15 | J79: 0.25 | S79: 0 | T79: 0 | U79: 0.25 | V79: 11.75 | W79: 12 | X79: 26 | Z79: 409.9 | AA79: 400 | AC79: 2
A80: 45667 | B80: A | C80: 6 | I80: 0 | J80: 0 | L80: 30 | S80: 30 | T80: 0.5 | U80: 0.5 | V80: 11.5 | W80: 12 | X80: 0 | Z80: 434.8 | AA80: 400 | AC80: 2
A81: 45667 | B81: B | C81: 6 | I81: 0 | J81: 0 | S81: 0 | T81: 0 | U81: 0 | V81: 12 | W81: 12 | X81: 0 | Z81: 523 | AA81: 500 | AC81: 2
A82: 45667 | B82: A | C82: 7 | D82: 20 | I82: 20 | J82: 0.33333333 | S82: 0 | T82: 0 | U82: 0.33333333 | V82: 11.666667 | W82: 12 | X82: 39 | Z82: 459.71 | AA82: 450 | AC82: 2
A83: 45667 | B83: B | C83: 7 | I83: 0 | J83: 0 | S83: 0 | T83: 0 | U83: 0 | V83: 12 | W83: 12 | X83: 0 | Z83: 601.7 | AA83: 600 | AC83: 2
A84: 45668 | B84: A | C84: 1 | I84: 0 | J84: 0 | S84: 0 | T84: 0 | U84: 0 | V84: 12 | W84: 12 | X84: 0 | Y84: 2034 | Z84: 118.4 | AA84: 100 | AB84: 372 | AC84: 2
A85: 45668 | B85: B | C85: 1 | I85: 0 | J85: 0 | S85: 0 | T85: 0 | U85: 0 | V85: 12 | W85: 12 | X85: 0 | Z85: 251.9 | AA85: 250 | AC85: 2
A86: 45668 | B86: A | C86: 3 | D86: 2 | I86: 2 | J86: 0.033333333 | S86: 0 | T86: 0 | U86: 0.033333333 | V86: 11.966667 | W86: 12 | X86: 0 | Z86: 488 | AA86: 500 | AC86: 2
A87: 45668 | B87: B | C87: 3 | I87: 0 | J87: 0 | S87: 0 | T87: 0 | U87: 0 | V87: 12 | W87: 12 | X87: 0 | Z87: 416.4 | AA87: 400 | AC87: 2
A88: 45668 | B88: A | C88: 6 | D88: 5 | I88: 5 | J88: 0.083333333 | S88: 0 | T88: 0 | U88: 0.083333333 | V88: 11.916667 | W88: 12 | X88: 15 | Z88: 477.6 | AA88: 450 | AC88: 2
A89: 45668 | B89: B | C89: 6 | D89: 15 | I89: 15 | J89: 0.25 | N89: 5 | S89: 5 | T89: 0.083333333 | U89: 0.33333333 | V89: 11.666667 | W89: 12 | X89: 36 | Z89: 597.8 | AA89: 600 | AC89: 2
A90: 45668 | B90: A | C90: 7 | D90: 5 | I90: 5 | J90: 0.083333333 | S90: 0 | T90: 0 | U90: 0.083333333 | V90: 11.916667 | W90: 12 | X90: 12 | Z90: 456.12 | AA90: 450 | AC90: 2
A91: 45668 | B91: B | C91: 7 | D91: 5 | E91: 5 | I91: 10 | J91: 0.16666667 | S91: 0 | T91: 0 | U91: 0.16666667 | V91: 11.833333 | W91: 12 | X91: 0 | Z91: 432.02 | AA91: 400 | AC91: 2
A92: 45669 | B92: A | C92: 1 | I92: 0 | J92: 0 | S92: 0 | T92: 0 | U92: 0 | V92: 12 | W92: 12 | X92: 0 | Y92: 1886 | Z92: 154.9 | AA92: 150 | AB92: 372 | AC92: 2
A93: 45669 | B93: B | C93: 1 | I93: 0 | J93: 0 | S93: 0 | T93: 0 | U93: 0 | V93: 12 | W93: 12 | X93: 4 | Z93: 180.2 | AA93: 200 | AC93: 2
A94: 45669 | B94: A | C94: 3 | I94: 0 | J94: 0 | S94: 0 | T94: 0 | U94: 0 | V94: 12 | W94: 12 | X94: 0 | Z94: 560.8 | AA94: 560 | AC94: 2
A95: 45669 | B95: B | C95: 3 | I95: 0 | J95: 0 | S95: 0 | T95: 0 | U95: 0 | V95: 12 | W95: 12 | X95: 12 | Z95: 527.6 | AA95: 500 | AC95: 2
A96: 45669 | B96: A | C96: 6 | I96: 0 | J96: 0 | S96: 0 | T96: 0 | U96: 0 | V96: 12 | W96: 12 | X96: 19 | Z96: 365.4 | AA96: 350 | AC96: 2
A97: 45669 | B97: B | C97: 6 | I97: 0 | J97: 0 | S97: 0 | T97: 0 | U97: 0 | V97: 12 | W97: 12 | X97: 12 | Z97: 464.7 | AA97: 450 | AC97: 2
A98: 45669 | B98: A | C98: 7 | I98: 0 | J98: 0 | S98: 0 | T98: 0 | U98: 0 | V98: 12 | W98: 12 | X98: 0 | Z98: 563.4 | AA98: 550 | AC98: 2
A99: 45669 | B99: B | C99: 7 | I99: 0 | J99: 0 | S99: 0 | T99: 0 | U99: 0 | V99: 12 | W99: 12 | X99: 2 | Z99: 577.67 | AA99: 550 | AC99: 2
A100: 45670 | B100: A | C100: 1 | I100: 0 | J100: 0 | N100: 20 | S100: 20 | T100: 0.33333333 | U100: 0.33333333 | V100: 11.666667 | W100: 12 | X100: 0 | Y100: 2077 | Z100: 159.1 | AA100: 150 | AB100: 372 | AC100: 3
...

Sheet LD PRO
A1: DATE | B1: SHIFT | C1: MCH# | D1: NET WEIGHT | E1: PRD WATSE | F1: کوالٹی CHANGE | G1: ھیٹنگ | H1: MACHINE ON | I1: TOTAL | J1: ACTION PLAN | K1: P.S HOURS | L1: الیکٹریکل | M1: ACTION | N1: REMARKS | O1: KWH/KG | P1: ڈایی صاف | Q1: مکینیکل | R1: سائز کم | S1: سیمپل چیک | T1: OTHER | U1: جالی تبدیل | V1: TREET | W1: TOTAL 2 | X1: U.P.S HOURS | Y1: T.S HOURS | Z1: RUNNING | AA1: TOTAL HOURS | AB1: WASTAGE/KGs | AC1: TARGET | AD1: RECIPE | AE1: TOTAL PRO | AF1: WEEK NO.
D3: Values
A4: DATE | B4: SHIFT | C4: MCH# | D4: Sum of NET WEIGHT | E4: Sum of PRD WATSE | F4: Sum of کوالٹی CHANGE | G4: Sum of ھیٹنگ | H4: Sum of MACHINE ON | I4: Sum of TOTAL MIN | J4: Count of ACTION PLAN | K4: Sum of P.S HOURS | L4: Sum of الیکٹریکل | M4: Count of ACTION | N4: Count of REMARKS | O4: Sum of KWH/KG | P4: Sum of ڈایی صاف | Q4: Sum of مکینیکل | R4: Sum of سائز کم | S4: Sum of سیمپل چیک | T4: Sum of OTHER | U4: Sum of جالی تبدیل | V4: Sum of TREET | W4: Sum of TOTAL MIN2 | X4: Sum of U.P.S HOURS | Y4: Sum of T.S HOURS | Z4: Sum of RUNNING | AA4: Min of TOTAL HOURS | AB4: Sum of WASTAGE/KGs | AC4: Sum of TARGET | AD4: Min of RECIPE | AE4: Sum of TOTAL PRODUCTION | AF4: Min of WEEK NO.
A5: 46113 | B5: A | C5: 1 | D5: 161.2 | E5: 4 | I5: 0 | K5: 0 | N5: 1 | W5: 0 | X5: 0 | Y5: 0 | Z5: 12 | AA5: 12 | AC5: 169.5 | AF5: 14
A6: 46113 | B6: A | C6: 4 | D6: 434 | E6: 100 | F6: 10 | I6: 10 | K6: 0.16666667 | N6: 2 | W6: 0 | X6: 0 | Y6: 0.16666667 | Z6: 23.833333 | AA6: 12 | AC6: 450 | AF6: 14
A7: 46113 | B7: A | C7: 5 | D7: 278.5 | E7: 3 | I7: 0 | K7: 0 | N7: 1 | W7: 0 | X7: 0 | Y7: 0 | Z7: 12 | AA7: 12 | AC7: 294 | AF7: 14
A8: 46113 | B8: A | C8: 6 | D8: 572.7 | E8: 4 | I8: 0 | K8: 0 | N8: 2 | W8: 0 | X8: 0 | Y8: 0 | Z8: 24 | AA8: 12 | AC8: 599.5 | AF8: 14
A9: 46113 | B9: A | C9: 7 | D9: 336.3 | E9: 6 | I9: 0 | K9: 0 | N9: 2 | Q9: 300 | R9: 20 | W9: 320 | X9: 5.3333333 | Y9: 5.3333333 | Z9: 18.666667 | AA9: 12 | AC9: 358.5 | AF9: 14
A10: 46113 | B10: A | C10: 8 | D10: 388.5 | E10: 13 | I10: 0 | K10: 0 | N10: 3 | W10: 0 | X10: 0 | Y10: 0 | Z10: 36 | AA10: 12 | AC10: 427.5 | AF10: 14
A11: 46113 | B11: B | C11: 1 | D11: 151.7 | E11: 2 | I11: 0 | K11: 0 | N11: 1 | W11: 0 | X11: 0 | Y11: 0 | Z11: 12 | AA11: 12 | AC11: 160 | AF11: 14
A12: 46113 | B12: B | C12: 2 | D12: 193.4 | G12: 120 | I12: 120 | K12: 2 | N12: 1 | W12: 0 | X12: 0 | Y12: 2 | Z12: 10 | AA12: 12 | AC12: 202.5 | AF12: 14
A13: 46113 | B13: B | C13: 4 | D13: 436 | I13: 0 | K13: 0 | N13: 1 | W13: 0 | X13: 0 | Y13: 0 | Z13: 12 | AA13: 12 | AC13: 448.5 | AF13: 14
A14: 46113 | B14: B | C14: 5 | D14: 297.4 | E14: 2 | I14: 0 | K14: 0 | N14: 1 | W14: 0 | X14: 0 | Y14: 0 | Z14: 12 | AA14: 12 | AC14: 309.4 | AF14: 14
A15: 46113 | B15: B | C15: 6 | D15: 545.3 | E15: 2 | I15: 0 | K15: 0 | N15: 1 | W15: 0 | X15: 0 | Y15: 0 | Z15: 12 | AA15: 12 | AC15: 562 | AF15: 14
A16: 46113 | B16: B | C16: 7 | D16: 281.3 | E16: 28 | G16: 240 | I16: 240 | K16: 4 | N16: 2 | W16: 0 | X16: 0 | Y16: 4 | Z16: 20 | AA16: 12 | AC16: 304.5 | AF16: 14
A17: 46113 | B17: B | C17: 8 | D17: 507 | E17: 25 | I17: 0 | K17: 0 | N17: 2 | W17: 0 | X17: 0 | Y17: 0 | Z17: 24 | AA17: 12 | AC17: 556 | AF17: 14
A18: 46114 | B18: A | C18: 1 | D18: 167.7 | E18: 2 | I18: 0 | K18: 0 | N18: 1 | W18: 0 | X18: 0 | Y18: 0 | Z18: 12 | AA18: 12 | AC18: 177.5 | AF18: 14
A19: 46114 | B19: A | C19: 2 | D19: 154.4 | E19: 2 | I19: 0 | K19: 0 | N19: 1 | W19: 0 | X19: 0 | Y19: 0 | Z19: 12 | AA19: 12 | AC19: 163 | AF19: 14
A20: 46114 | B20: A | C20: 4 | D20: 264.9 | E20: 25 | I20: 0 | K20: 0 | N20: 1 | T20: 240 | W20: 240 | X20: 4 | Y20: 4 | Z20: 8 | AA20: 12 | AC20: 275 | AF20: 14
A21: 46114 | B21: A | C21: 5 | D21: 272.7 | E21: 5 | I21: 0 | K21: 0 | N21: 1 | W21: 0 | X21: 0 | Y21: 0 | Z21: 12 | AA21: 12 | AC21: 285.5 | AF21: 14
A22: 46114 | B22: A | C22: 6 | D22: 608.6 | E22: 11 | I22: 0 | K22: 0 | N22: 1 | W22: 0 | X22: 0 | Y22: 0 | Z22: 12 | AA22: 12 | AC22: 631 | AF22: 14
A23: 46114 | B23: A | C23: 7 | D23: 338.4 | E23: 31 | I23: 0 | K23: 0 | N23: 2 | T23: 240 | W23: 240 | X23: 4 | Y23: 4 | Z23: 20 | AA23: 12 | AC23: 362 | AF23: 14
A24: 46114 | B24: A | C24: 8 | D24: 467.3 | E24: 9 | I24: 0 | K24: 0 | N24: 3 | W24: 0 | X24: 0 | Y24: 0 | Z24: 36 | AA24: 12 | AC24: 511 | AF24: 14
A25: 46114 | B25: B | C25: 1 | D25: 170.3 | E25: 2 | I25: 0 | K25: 0 | N25: 2 | W25: 0 | X25: 0 | Y25: 0 | Z25: 24 | AA25: 12 | AC25: 185 | AF25: 14
A26: 46114 | B26: B | C26: 2 | D26: 147.7 | E26: 2 | I26: 0 | K26: 0 | N26: 1 | W26: 0 | X26: 0 | Y26: 0 | Z26: 12 | AA26: 12 | AC26: 155.5 | AF26: 14
A27: 46114 | B27: B | C27: 4 | D27: 429.32 | E27: 9 | I27: 0 | K27: 0 | N27: 3 | W27: 0 | X27: 0 | Y27: 0 | Z27: 36 | AA27: 12 | AC27: 454 | AF27: 14
A28: 46114 | B28: B | C28: 5 | D28: 272.71 | E28: 5 | I28: 0 | K28: 0 | N28: 1 | W28: 0 | X28: 0 | Y28: 0 | Z28: 12 | AA28: 12 | AC28: 284.9 | AF28: 14
A29: 46114 | B29: B | C29: 6 | D29: 591.9 | E29: 9 | I29: 0 | K29: 0 | N29: 1 | W29: 0 | X29: 0 | Y29: 0 | Z29: 12 | AA29: 12 | AC29: 608.5 | AF29: 14
A30: 46114 | B30: B | C30: 7 | D30: 326.9 | E30: 68 | I30: 0 | K30: 0 | N30: 4 | W30: 0 | X30: 0 | Y30: 0 | Z30: 48 | AA30: 12 | AC30: 355.6 | AF30: 14
A31: 46114 | B31: B | C31: 8 | D31: 385.1 | E31: 7 | I31: 0 | K31: 0 | N31: 2 | W31: 0 | X31: 0 | Y31: 0 | Z31: 24 | AA31: 12 | AC31: 408.5 | AF31: 14
A32: 46115 | B32: A | C32: 1 | D32: 141.8 | E32: 1 | I32: 0 | K32: 0 | N32: 1 | W32: 0 | X32: 0 | Y32: 0 | Z32: 12 | AA32: 12 | AC32: 149.5 | AF32: 14
A33: 46115 | B33: A | C33: 2 | D33: 193.3 | E33: 3 | I33: 0 | K33: 0 | N33: 1 | W33: 0 | X33: 0 | Y33: 0 | Z33: 12 | AA33: 12 | AC33: 201.9 | AF33: 14
A34: 46115 | B34: A | C34: 4 | D34: 305 | E34: 56 | F34: 10 | I34: 10 | K34: 0.16666667 | N34: 3 | R34: 10 | W34: 10 | X34: 0.16666667 | Y34: 0.33333333 | Z34: 35.666667 | AA34: 12 | AC34: 329.5 | AF34: 14
A35: 46115 | B35: A | C35: 5 | D35: 292.8 | I35: 0 | K35: 0 | N35: 1 | W35: 0 | X35: 0 | Y35: 0 | Z35: 12 | AA35: 12 | AC35: 305 | AF35: 14
A36: 46115 | B36: A | C36: 6 | D36: 549.5 | E36: 11 | I36: 0 | K36: 0 | N36: 2 | W36: 0 | X36: 0 | Y36: 0 | Z36: 24 | AA36: 12 | AC36: 573 | AF36: 14
A37: 46115 | B37: A | C37: 7 | D37: 512.6 | E37: 35 | F37: 10 | I37: 10 | K37: 0.16666667 | N37: 3 | U37: 90 | W37: 90 | X37: 1.5 | Y37: 1.6666667 | Z37: 34.333333 | AA37: 12 | AC37: 543 | AF37: 14
A38: 46115 | B38: A | C38: 8 | D38: 533.2 | E38: 9 | I38: 0 | K38: 0 | N38: 5 | W38: 0 | X38: 0 | Y38: 0 | Z38: 60 | AA38: 12 | AC38: 580.5 | AF38: 14
A39: 46115 | B39: B | C39: 1 | D39: 140.5 | E39: 2 | I39: 0 | K39: 0 | N39: 1 | W39: 0 | X39: 0 | Y39: 0 | Z39: 12 | AA39: 12 | AC39: 148.5 | AF39: 14
A40: 46115 | B40: B | C40: 2 | D40: 198 | E40: 3 | I40: 0 | K40: 0 | N40: 1 | W40: 0 | X40: 0 | Y40: 0 | Z40: 12 | AA40: 12 | AC40: 206.6 | AF40: 14
A41: 46115 | B41: B | C41: 4 | D41: 288.1 | E41: 28 | F41: 5 | I41: 5 | K41: 0.083333333 | N41: 3 | W41: 0 | X41: 0 | Y41: 0.083333333 | Z41: 35.916667 | AA41: 12 | AC41: 311.5 | AF41: 14
A42: 46115 | B42: B | C42: 5 | D42: 300.2 | I42: 0 | K42: 0 | N42: 1 | W42: 0 | X42: 0 | Y42: 0 | Z42: 12 | AA42: 12 | AC42: 312.4 | AF42: 14
A43: 46115 | B43: B | C43: 6 | D43: 550.9 | E43: 7 | I43: 0 | K43: 0 | N43: 1 | W43: 0 | X43: 0 | Y43: 0 | Z43: 12 | AA43: 12 | AC43: 567.5 | AF43: 14
A44: 46115 | B44: B | C44: 7 | D44: 491.7 | E44: 35 | I44: 0 | K44: 0 | N44: 1 | W44: 0 | X44: 0 | Y44: 0 | Z44: 12 | AA44: 12 | AC44: 505.5 | AF44: 14
A45: 46115 | B45: B | C45: 8 | D45: 302.9 | E45: 5 | F45: 5 | I45: 5 | K45: 0.083333333 | N45: 3 | W45: 0 | X45: 0 | Y45: 0.083333333 | Z45: 35.916667 | AA45: 12 | AC45: 327 | AF45: 14
A46: 46116 | B46: A | C46: 1 | D46: 102.2 | E46: 5.5676411 | I46: 0 | K46: 0 | N46: 1 | W46: 0 | X46: 0 | Y46: 0 | Z46: 12 | AA46: 12 | AC46: 109 | AF46: 14
A47: 46116 | B47: A | C47: 2 | D47: 196.4 | E47: 10.707002 | I47: 0 | K47: 0 | N47: 2 | W47: 0 | X47: 0 | Y47: 0 | Z47: 24 | AA47: 12 | AC47: 210 | AF47: 14
A48: 46116 | B48: A | C48: 4 | D48: 322.2 | E48: 17.613018 | I48: 0 | K48: 0 | N48: 1 | S48: 240 | W48: 240 | X48: 4 | Y48: 4 | Z48: 8 | AA48: 12 | AC48: 334 | AF48: 14
A49: 46116 | B49: A | C49: 5 | D49: 220.3 | E49: 12.098912 | I49: 0 | K49: 0 | N49: 2 | W49: 0 | X49: 0 | Y49: 0 | Z49: 24 | AA49: 12 | AC49: 236 | AF49: 14
A50: 46116 | B50: A | C50: 6 | D50: 521.9 | E50: 28.560928 | I50: 0 | K50: 0 | N50: 1 | W50: 0 | X50: 0 | Y50: 0 | Z50: 12 | AA50: 12 | AC50: 538.5 | AF50: 14
A51: 46116 | B51: A | C51: 7 | D51: 549.1 | E51: 30.199099 | I51: 0 | K51: 0 | N51: 2 | W51: 0 | X51: 0 | Y51: 0 | Z51: 24 | AA51: 12 | AC51: 574.1 | AF51: 14
A52: 46116 | B52: A | C52: 8 | D52: 378.6 | E52: 21.253399 | I52: 0 | K52: 0 | N52: 3 | W52: 0 | X52: 0 | Y52: 0 | Z52: 36 | AA52: 12 | AC52: 412 | AF52: 14
A53: 46116 | B53: B | C53: 1 | D53: 104.9 | E53: 2.0440677 | I53: 0 | K53: 0 | N53: 1 | W53: 0 | X53: 0 | Y53: 0 | Z53: 12 | AA53: 12 | AC53: 113.5 | AF53: 14
A54: 46116 | B54: B | C54: 2 | D54: 162.3 | E54: 3.136749 | I54: 0 | K54: 0 | N54: 2 | W54: 0 | X54: 0 | Y54: 0 | Z54: 24 | AA54: 12 | AC54: 176.5 | AF54: 14
A55: 46116 | B55: B | C55: 4 | D55: 237.5 | E55: 4.577958 | I55: 0 | K55: 0 | N55: 1 | W55: 0 | X55: 0 | Y55: 0 | Z55: 12 | AA55: 12 | AC55: 248 | AF55: 14
A56: 46116 | B56: B | C56: 5 | D56: 424.5 | E56: 8.1856903 | I56: 0 | K56: 0 | N56: 1 | W56: 0 | X56: 0 | Y56: 0 | Z56: 12 | AA56: 12 | AC56: 439.5 | AF56: 14
A57: 46116 | B57: B | C57: 6 | D57: 459 | E57: 8.8111562 | I57: 0 | K57: 0 | N57: 1 | W57: 0 | X57: 0 | Y57: 0 | Z57: 12 | AA57: 12 | AC57: 472.7 | AF57: 14
A58: 46116 | B58: B | C58: 7 | D58: 509.5 | E58: 9.918909 | I58: 0 | K58: 0 | N58: 2 | W58: 0 | X58: 0 | Y58: 0 | Z58: 24 | AA58: 12 | AC58: 536.5 | AF58: 14
A59: 46116 | B59: B | C59: 8 | D59: 475.5 | E59: 9.32547 | I59: 0 | K59: 0 | N59: 3 | W59: 0 | X59: 0 | Y59: 0 | Z59: 36 | AA59: 12 | AC59: 510 | AF59: 14
A60: 46117 | B60: A | C60: 1 | D60: 232.1 | E60: 3.9583333 | I60: 0 | K60: 0 | N60: 1 | W60: 0 | X60: 0 | Y60: 0 | Z60: 12 | AA60: 12 | AC60: 242.5 | AF60: 14
... A73: 46117 | B73: B | C73: 8 | D73: 412.3 | E73: 10.522636 | I73: 0 | K73: 0 | N73: 4 | W73: 0 | X73: 0 | Y73: 0 | Z73: 48 | AA73: 12 | AC73: 450 | AF73: 14
A74: 46118 | B74: A | C74: 1 | D74: 178.7 | E74: 2 | F74: 2 | I74: 2 | K74: 0.033333333 | N74: 1 | W74: 0 | X74: 0 | Y74: 0.033333333 | Z74: 11.966667 | AA74: 12 | AC74: 188 | AF74: 15
A75: 46118 | B75: A | C75: 2 | D75: 225.6 | E75: 1 | I75: 0 | K75: 0 | N75: 1 | W75: 0 | X75: 0 | Y75: 0 | Z75: 12 | AA75: 12 | AC75: 235.5 | AF75: 15
A76: 46118 | B76: A | C76: 4 | D76: 291.5 | E76: 11 | I76: 0 | K76: 0 | N76: 1 | W76: 0 | X76: 0 | Y76: 0 | Z76: 12 | AA76: 12 | AC76: 304.5 | AF76: 15
A77: 46118 | B77: A | C77: 5 | D77: 249.7 | E77: 3 | F77: 2 | I77: 2 | K77: 0.033333333 | N77: 2 | W77: 0 | X77: 0 | Y77: 0.033333333 | Z77: 23.966667 | AA77: 12 | AC77: 267 | AF77: 15
A78: 46118 | B78: A | C78: 6 | D78: 559.4 | E78: 9 | I78: 0 | K78: 0 | N78: 1 | W78: 0 | X78: 0 | Y78: 0 | Z78: 12 | AA78: 12 | AC78: 576 | AF78: 15
A79: 46118 | B79: A | C79: 7 | D79: 832 | E79: 13 | I79: 0 | K79: 0 | N79: 1 | Q79: 10 | W79: 10 | X79: 0.16666667 | Y79: 0.16666667 | Z79: 11.833333 | AA79: 12 | AC79: 847.5 | AF79: 15
A80: 46118 | B80: A | C80: 8 | D80: 450.7 | E80: 5 | F80: 5 | I80: 5 | K80: 0.083333333 | N80: 2 | W80: 0 | X80: 0 | Y80: 0.083333333 | Z80: 23.916667 | AA80: 12 | AC80: 476.5 | AF80: 15
A81: 46118 | B81: B | C81: 1 | D81: 168 | E81: 2 | I81: 0 | K81: 0 | N81: 1 | W81: 0 | X81: 0 | Y81: 0 | Z81: 12 | AA81: 12 | AC81: 177.5 | AF81: 15
A82: 46118 | B82: B | C82: 2 | D82: 219.7 | E82: 1 | I82: 0 | K82: 0 | N82: 1 | W82: 0 | X82: 0 | Y82: 0 | Z82: 12 | AA82: 12 | AC82: 229.5 | AF82: 15
A83: 46118 | B83: B | C83: 4 | D83: 245.8 | E83: 19 | F83: 5 | I83: 5 | K83: 0.083333333 | N83: 1 | R83: 5 | U83: 30 | W83: 35 | X83: 0.58333333 | Y83: 0.66666667 | Z83: 11.333333 | AA83: 12 | AC83: 255 | AF83: 15
A84: 46118 | B84: B | C84: 5 | D84: 243.6 | I84: 0 | K84: 0 | N84: 2 | W84: 0 | X84: 0 | Y84: 0 | Z84: 24 | AA84: 12 | AC84: 263 | AF84: 15
A85: 46118 | B85: B | C85: 6 | D85: 484.4 | E85: 7 | I85: 0 | K85: 0 | N85: 1 | W85: 0 | X85: 0 | Y85: 0 | Z85: 12 | AA85: 12 | AC85: 501 | AF85: 15
A86: 46118 | B86: B | C86: 7 | D86: 886 | E86: 18 | I86: 0 | K86: 0 | N86: 1 | Q86: 60 | W86: 60 | X86: 1 | Y86: 1 | Z86: 11 | AA86: 12 | AC86: 915 | AF86: 15
A87: 46118 | B87: B | C87: 8 | D87: 382.3 | E87: 9 | F87: 7 | I87: 7 | K87: 0.11666667 | N87: 4 | W87: 0 | X87: 0 | Y87: 0.11666667 | Z87: 47.883333 | AA87: 12 | AC87: 414.5 | AF87: 15
A88: 46119 | B88: A | C88: 2 | D88: 172.4 | E88: 2 | F88: 3 | I88: 3 | K88: 0.05 | N88: 2 | W88: 0 | X88: 0 | Y88: 0.05 | Z88: 23.95 | AA88: 12 | AC88: 187 | AF88: 15
A89: 46119 | B89: A | C89: 4 | D89: 435.8 | E89: 5 | I89: 0 | K89: 0 | N89: 2 | W89: 0 | X89: 0 | Y89: 0 | Z89: 24 | AA89: 12 | AC89: 456.5 | AF89: 15
A90: 46119 | B90: A | C90: 5 | D90: 309 | E90: 2 | I90: 0 | K90: 0 | N90: 2 | W90: 0 | X90: 0 | Y90: 0 | Z90: 24 | AA90: 12 | AC90: 328 | AF90: 15
A91: 46119 | B91: A | C91: 6 | D91: 599.9 | E91: 4 | I91: 0 | K91: 0 | N91: 1 | W91: 0 | X91: 0 | Y91: 0 | Z91: 12 | AA91: 12 | AC91: 616.5 | AF91: 15
A92: 46119 | B92: A | C92: 7 | D92: 805.5 | E92: 29 | F92: 10 | I92: 10 | K92: 0.16666667 | N92: 1 | W92: 0 | X92: 0 | Y92: 0.16666667 | Z92: 11.833333 | AA92: 12 | AC92: 831.5 | AF92: 15
A93: 46119 | B93: A | C93: 8 | D93: 399.9 | E93: 6 | F93: 5 | I93: 5 | K93: 0.083333333 | N93: 2 | W93: 0 | X93: 0 | Y93: 0.083333333 | Z93: 23.916667 | AA93: 12 | AC93: 424 | AF93: 15
A94: 46119 | B94: B | C94: 2 | D94: 153.1 | I94: 0 | K94: 0 | N94: 1 | W94: 0 | X94: 0 | Y94: 0 | Z94: 12 | AA94: 12 | AC94: 160.5 | AF94: 15
A95: 46119 | B95: B | C95: 3 | D95: 423.7 | E95: 5 | F95: 2 | I95: 2 | K95: 0.033333333 | N95: 2 | W95: 0 | X95: 0 | Y95: 0.033333333 | Z95: 23.966667 | AA95: 12 | AC95: 442 | AF95: 15
A96: 46119 | B96: B | C96: 4 | D96: 420.3 | I96: 0 | K96: 0 | N96: 3 | W96: 0 | X96: 0 | Y96: 0 | Z96: 36 | AA96: 12 | AC96: 444.5 | AF96: 15
A97: 46119 | B97: B | C97: 5 | D97: 267.8 | I97: 0 | K97: 0 | N97: 2 | W97: 0 | X97: 0 | Y97: 0 | Z97: 24 | AA97: 12 | AC97: 287.5 | AF97: 15
A98: 46119 | B98: B | C98: 6 | D98: 512.9 | E98: 7 | I98: 0 | K98: 0 | N98: 1 | W98: 0 | X98: 0 | Y98: 0 | Z98: 12 | AA98: 12 | AC98: 529.5 | AF98: 15
A99: 46119 | B99: B | C99: 7 | D99: 576 | E99: 63 | F99: 44 | I99: 44 | K99: 0.73333333 | N99: 5 | W99: 0 | X99: 0 | Y99: 0.73333333 | Z99: 59.266667 | AA99: 12 | AC99: 617 | AF99: 15
A100: 46119 | B100: B | C100: 8 | D100: 436.8 | E100: 5 | I100: 0 | K100: 0 | N100: 2 | W100: 0 | X100: 0 | Y100: 0 | Z100: 24 | AA100: 12 | AC100: 464 | AF100: 15
A101: 46120 | B101: A | C101: 2 | D101: 141.7 | I101: 0 | K101: 0 | N101: 1 | W101: 0 | X101: 0 | Y101: 0 | Z101: 12 | AA101: 12 | AC101: 149.5 | AF101: 15
A102: 46120 | B102: A | C102: 3 | D102: 425.1 | E102: 5 | F102: 4 | I102: 4 | K102: 0.066666667 | N102: 2 | W102: 0 | X102: 0 | Y102: 0.066666667 | Z102: 23.933333 | AA102: 12 | AC102: 443 | AF102: 15
A103: 46120 | B103: A | C103: 4 | D103: 372.62 | E103: 3 | F103: 2 | I103: 2 | K103: 0.033333333 | N103: 2 | W103: 0 | X103: 0 | Y103: 0.033333333 | Z103: 23.966667 | AA103: 12 | AC103: 392.02 | AF103: 15
A104: 46120 | B104: A | C104: 5 | D104: 328.2 | E104: 4 | F104: 2 | I104: 2 | K104: 0.033333333 | N104: 3 | W104: 0 | X104: 0 | Y104: 0.033333333 | Z104: 35.966667 | AA104: 12 | AC104: 355 | AF104: 15
A105: 46120 | B105: A | C105: 6 | D105: 439.9 | E105: 4 | F105: 2 | I105: 2 | K105: 0.033333333 | N105: 2 | W105: 0 | X105: 0 | Y105: 0.033333333 | Z105: 23.966667 | AA105: 12 | AC105: 463.5 | AF105: 15
A106: 46120 | B106: A | C106: 7 | D106: 679 | E106: 9 | I106: 0 | K106: 0 | N106: 1 | W106: 0 | X106: 0 | Y106: 0 | Z106: 12 | AA106: 12 | AC106: 702 | AF106: 15
A107: 46120 | B107: A | C107: 8 | D107: 370.1 | E107: 8 | F107: 3 | I107: 3 | K107: 0.05 | N107: 3 | P107: 5 | W107: 5 | X107: 0.083333333 | Y107: 0.13333333 | Z107: 35.866667 | AA107: 12 | AC107: 399 | AF107: 15
A108: 46120 | B108: B | C108: 2 | D108: 117.9 | E108: 2 | I108: 0 | K108: 0 | N108: 1 | W108: 0 | X108: 0 | Y108: 0 | Z108: 12 | AA108: 12 | AC108: 125 | AF108: 15
A109: 46120 | B109: B | C109: 3 | D109: 506 | E109: 7 | I109: 0 | K109: 0 | N109: 2 | W109: 0 | X109: 0 | Y109: 0 | Z109: 24 | AA109: 12 | AC109: 528 | AF109: 15
A110: 46120 | B110: B | C110: 4 | D110: 320.5 | E110: 15 | I110: 0 | K110: 0 | N110: 1 | W110: 0 | X110: 0 | Y110: 0 | Z110: 12 | AA110: 12 | AC110: 332.5 | AF110: 15
A111: 46120 | B111: B | C111: 5 | D111: 280.7 | E111: 10 | I111: 0 | K111: 0 | N111: 1 | W111: 0 | X111: 0 | Y111: 0 | Z111: 12 | AA111: 12 | AC111: 296 | AF111: 15
A112: 46120 | B112: B | C112: 6 | D112: 540.9 | E112: 12 | F112: 3 | I112: 3 | K112: 0.05 | N112: 3 | W112: 0 | X112: 0 | Y112: 0.05 | Z112: 35.95 | AA112: 12 | AC112: 566.5 | AF112: 15
A113: 46120 | B113: B | C113: 7 | D113: 709 | E113: 20 | F113: 3 | I113: 3 | K113: 0.05 | N113: 2 | W113: 0 | X113: 0 | Y113: 0.05 | Z113: 23.95 | AA113: 12 | AC113: 731.5 | AF113: 15
...

Sheet WOR
A1: WEEKLY OPERATION REVIEW LD DEPARTMENT | N1: 46139 | O1: 17
A2: KPI | C2: MACHINES | K2: WEEK NO 17 | L2: % | M2: WEEK NO 16
C3: 1 | D3: =+C3+1 -> 2 | E3: =+D3+1 -> 3 | F3: =+E3+1 -> 4 | G3: =+F3+1 -> 5 | H3: =+G3+1 -> 6 | I3: =+H3+1 -> 7 | J3: =+I3+1 -> 8 | N3: REMARKS
A4: PLANED STOPPAGE HOURS | C4: =SUMIFS('LD PRO'!$K:$K,'LD PRO'!$C:$C,C$3,'LD PRO'!$AF:$AF,WOR!$O$1) -> 0.18333333 | D4: =SUMIFS('LD PRO'!$K:$K,'LD PRO'!$C:$C,D$3,'LD PRO'!$AF:$AF,WOR!$O$1) -> 0.18333333 | E4: =SUMIFS('LD PRO'!$K:$K,'LD PRO'!$C:$C,E$3,'LD PRO'!$AF:$AF,WOR!$O$1) -> 0 | F4: =SUMIFS('LD PRO'!$K:$K,'LD PRO'!$C:$C,F$3,'LD PRO'!$AF:$AF,WOR!$O$1) -> 7.2 | G4: =SUMIFS('LD PRO'!$K:$K,'LD PRO'!$C:$C,G$3,'LD PRO'!$AF:$AF,WOR!$O$1) -> 4.0833333 | H4: =SUMIFS('LD PRO'!$K:$K,'LD PRO'!$C:$C,H$3,'LD PRO'!$AF:$AF,WOR!$O$1) -> 0.6 | I4: =SUMIFS('LD PRO'!$K:$K,'LD PRO'!$C:$C,I$3,'LD PRO'!$AF:$AF,WOR!$O$1) -> 0 | J4: =SUMIFS('LD PRO'!$K:$K,'LD PRO'!$C:$C,J$3,'LD PRO'!$AF:$AF,WOR!$O$1) -> 0.15 | K4: =SUM(C4:J4) -> 12.4 | L4: =+K4/SUMIFS('LD PRO'!AA:AA,'LD PRO'!AF:AF,WOR!O1) -> 0.017514124 | M4: 10.17 | N4: SIZE CHANGE (0.62%) MACHINE ON/OFF (1.13%)
A5: PLANED STOPPAGE % (2 %) | C5: =IFERROR(+C4/SUMIFS('LD PRO'!$AA:$AA,'LD PRO'!$AF:$AF,WOR!$O$1,'LD PRO'!$C:$C,WOR!C3),"-") -> 0.0021825397 | D5: =IFERROR(+D4/SUMIFS('LD PRO'!$AA:$AA,'LD PRO'!$AF:$AF,WOR!$O$1,'LD PRO'!$C:$C,WOR!D3),"-") -> 0.0012731481 | E5: =IFERROR(+E4/SUMIFS('LD PRO'!$AA:$AA,'LD PRO'!$AF:$AF,WOR!$O$1,'LD PRO'!$C:$C,WOR!E3),"-") -> - | F5: =IFERROR(+F4/SUMIFS('LD PRO'!$AA:$AA,'LD PRO'!$AF:$AF,WOR!$O$1,'LD PRO'!$C:$C,WOR!F3),"-") -> 0.054545455 | G5: =IFERROR(+G4/SUMIFS('LD PRO'!$AA:$AA,'LD PRO'!$AF:$AF,WOR!$O$1,'LD PRO'!$C:$C,WOR!G3),"-") -> 0.068055556 | H5: =IFERROR(+H4/SUMIFS('LD PRO'!$AA:$AA,'LD PRO'!$AF:$AF,WOR!$O$1,'LD PRO'!$C:$C,WOR!H3),"-") -> 0.0035714286 | I5: =IFERROR(+I4/SUMIFS('LD PRO'!$AA:$AA,'LD PRO'!$AF:$AF,WOR!$O$1,'LD PRO'!$C:$C,WOR!I3),"-") -> - | J5: =IFERROR(+J4/SUMIFS('LD PRO'!$AA:$AA,'LD PRO'!$AF:$AF,WOR!$O$1,'LD PRO'!$C:$C,WOR!J3),"-") -> 0.00125 | M5: 0.0099
A6: UNPLANED STOPPAGE HOURS | C6: =SUMIFS('LD PRO'!$X:$X,'LD PRO'!$C:$C,C$3,'LD PRO'!$AF:$AF,WOR!$O$1) -> 0 | D6: =SUMIFS('LD PRO'!$X:$X,'LD PRO'!$C:$C,D$3,'LD PRO'!$AF:$AF,WOR!$O$1) -> 0 | E6: =SUMIFS('LD PRO'!$X:$X,'LD PRO'!$C:$C,E$3,'LD PRO'!$AF:$AF,WOR!$O$1) -> 0 | F6: =SUMIFS('LD PRO'!$X:$X,'LD PRO'!$C:$C,F$3,'LD PRO'!$AF:$AF,WOR!$O$1) -> 1.1666667 | G6: =SUMIFS('LD PRO'!$X:$X,'LD PRO'!$C:$C,G$3,'LD PRO'!$AF:$AF,WOR!$O$1) -> 0 | H6: =SUMIFS('LD PRO'!$X:$X,'LD PRO'!$C:$C,H$3,'LD PRO'!$AF:$AF,WOR!$O$1) -> 2.9166667 | I6: =SUMIFS('LD PRO'!$X:$X,'LD PRO'!$C:$C,I$3,'LD PRO'!$AF:$AF,WOR!$O$1) -> 0 | J6: =SUMIFS('LD PRO'!$X:$X,'LD PRO'!$C:$C,J$3,'LD PRO'!$AF:$AF,WOR!$O$1) -> 9 | K6: =SUM(C6:J6) -> 13.083333 | L6: =+K6/SUMIFS('LD PRO'!AA:AA,'LD PRO'!AF:AF,WOR!O1) -> 0.018479284 | M6: 5.67 | N6: MEHCANICAL ISSUE (1.41%) SIZE ISSUE (0.04%) JALI CHANGE (0.16%) TREET ISSUE (0.07%) SAPMLE (0.16%)
A7: UNPLANED STOPPAGE % (1.5%) | C7: =IFERROR(+C6/SUMIFS('LD PRO'!$AA:$AA,'LD PRO'!$AF:$AF,WOR!$O$1,'LD PRO'!$C:$C,WOR!C3),"-") -> 0 | D7: =IFERROR(+D6/SUMIFS('LD PRO'!$AA:$AA,'LD PRO'!$AF:$AF,WOR!$O$1,'LD PRO'!$C:$C,WOR!D3),"-") -> 0 | E7: =IFERROR(+E6/SUMIFS('LD PRO'!$AA:$AA,'LD PRO'!$AF:$AF,WOR!$O$1,'LD PRO'!$C:$C,WOR!E3),"-") -> - | F7: =IFERROR(+F6/SUMIFS('LD PRO'!$AA:$AA,'LD PRO'!$AF:$AF,WOR!$O$1,'LD PRO'!$C:$C,WOR!F3),"-") -> 0.0088383838 | G7: =IFERROR(+G6/SUMIFS('LD PRO'!$AA:$AA,'LD PRO'!$AF:$AF,WOR!$O$1,'LD PRO'!$C:$C,WOR!G3),"-") -> 0 | H7: =IFERROR(+H6/SUMIFS('LD PRO'!$AA:$AA,'LD PRO'!$AF:$AF,WOR!$O$1,'LD PRO'!$C:$C,WOR!H3),"-") -> 0.017361111 | I7: =IFERROR(+I6/SUMIFS('LD PRO'!$AA:$AA,'LD PRO'!$AF:$AF,WOR!$O$1,'LD PRO'!$C:$C,WOR!I3),"-") -> - | J7: =IFERROR(+J6/SUMIFS('LD PRO'!$AA:$AA,'LD PRO'!$AF:$AF,WOR!$O$1,'LD PRO'!$C:$C,WOR!J3),"-") -> 0.075 | M7: 0.0055
A8: TOTAL PRODUCTION KGs | C8: =SUMIFS('LD PRO'!$D:$D,'LD PRO'!$C:$C,C3,'LD PRO'!$AF:$AF,WOR!$O$1) -> 1021.1 | D8: =SUMIFS('LD PRO'!$D:$D,'LD PRO'!$C:$C,D3,'LD PRO'!$AF:$AF,WOR!$O$1) -> 1578.3 | E8: =SUMIFS('LD PRO'!$D:$D,'LD PRO'!$C:$C,E3,'LD PRO'!$AF:$AF,WOR!$O$1) -> 0 | F8: =SUMIFS('LD PRO'!$D:$D,'LD PRO'!$C:$C,F3,'LD PRO'!$AF:$AF,WOR!$O$1) -> 3468.65 | G8: =SUMIFS('LD PRO'!$D:$D,'LD PRO'!$C:$C,G3,'LD PRO'!$AF:$AF,WOR!$O$1) -> 985.2 | H8: =SUMIFS('LD PRO'!$D:$D,'LD PRO'!$C:$C,H3,'LD PRO'!$AF:$AF,WOR!$O$1) -> 7298.6 | I8: =SUMIFS('LD PRO'!$D:$D,'LD PRO'!$C:$C,I3,'LD PRO'!$AF:$AF,WOR!$O$1) -> 0 | J8: =SUMIFS('LD PRO'!$D:$D,'LD PRO'!$C:$C,J3,'LD PRO'!$AF:$AF,WOR!$O$1) -> 3409.6 | K8: =SUM(C8:J8) -> 17761.45 | L8: =+$K$8/$K$9 -> 0.94974414 | M8: 30639.57 | O8: =+K8-M8 -> -12878.12 | P8: WASTE RATE | Q8: 220
A9: TARGET PRODUCTION (95 %) | C9: =SUMIFS('[1]LD PRD'!$AN:$AN,'[1]LD PRD'!$AP:$AP,$O$1,'[1]LD PRD'!$B:$B,C3)-40 -> 1056 | D9: =SUMIFS('[1]LD PRD'!$AN:$AN,'[1]LD PRD'!$AP:$AP,$O$1,'[1]LD PRD'!$B:$B,D3)-40 -> 1648.9 | E9: =SUMIFS('[1]LD PRD'!$AN:$AN,'[1]LD PRD'!$AP:$AP,$O$1,'[1]LD PRD'!$B:$B,E3) -> 0 | F9: =SUMIFS('[1]LD PRD'!$AN:$AN,'[1]LD PRD'!$AP:$AP,$O$1,'[1]LD PRD'!$B:$B,F3) -> 3694.4 | G9: =SUMIFS('[1]LD PRD'!$AN:$AN,'[1]LD PRD'!$AP:$AP,$O$1,'[1]LD PRD'!$B:$B,G3) -> 1072 | H9: =SUMIFS('[1]LD PRD'!$AN:$AN,'[1]LD PRD'!$AP:$AP,$O$1,'[1]LD PRD'!$B:$B,H3) -> 7612.7 | I9: =SUMIFS('[1]LD PRD'!$AN:$AN,'[1]LD PRD'!$AP:$AP,$O$1,'[1]LD PRD'!$B:$B,I3) -> 0 | J9: =SUMIFS('[1]LD PRD'!$AN:$AN,'[1]LD PRD'!$AP:$AP,$O$1,'[1]LD PRD'!$B:$B,J3) -> 3617.3 | K9: =SUM(C9:J9) -> 18701.3 | M9: 32141 | Q9: =+K11*Q8 -> 204600
A10: PRODUCTION ACHIVEMENT % | C10: =IFERROR((C$8/C$9),"--") -> 0.96695076 | D10: =IFERROR((D$8/D$9),"--") -> 0.95718358 | E10: =IFERROR((E$8/E$9),"--") -> -- | F10: =IFERROR((F$8/F$9),"--") -> 0.938894 | G10: =IFERROR((G$8/G$9),"--") -> 0.91902985 | H10: =IFERROR((H$8/H$9),"--") -> 0.95874 | I10: =IFERROR((I$8/I$9),"--") -> -- | J10: =IFERROR((J$8/J$9),"--") -> 0.94258148 | M10: 0.9533 | Q10: =+K13-Q9 -> 141360
A11: WASTAGE/KGS | C11: =SUMIFS('LD PRO'!$E:$E,'LD PRO'!$C:$C,C3,'LD PRO'!$AF:$AF,WOR!$O$1)+C19 -> 33.818133 | D11: =SUMIFS('LD PRO'!$E:$E,'LD PRO'!$C:$C,D3,'LD PRO'!$AF:$AF,WOR!$O$1)+D19 -> 62.588198 | E11: =SUMIFS('LD PRO'!$E:$E,'LD PRO'!$C:$C,E3,'LD PRO'!$AF:$AF,WOR!$O$1)+E19 -> 0 | F11: =SUMIFS('LD PRO'!$E:$E,'LD PRO'!$C:$C,F3,'LD PRO'!$AF:$AF,WOR!$O$1)+F19 -> 236.60806 | G11: =SUMIFS('LD PRO'!$E:$E,'LD PRO'!$C:$C,G3,'LD PRO'!$AF:$AF,WOR!$O$1)+G19 -> 56.463152 | H11: =SUMIFS('LD PRO'!$E:$E,'LD PRO'!$C:$C,H3,'LD PRO'!$AF:$AF,WOR!$O$1)+H19 -> 371.82071 | I11: =SUMIFS('LD PRO'!$E:$E,'LD PRO'!$C:$C,I3,'LD PRO'!$AF:$AF,WOR!$O$1)+I19 -> 0 | J11: =SUMIFS('LD PRO'!$E:$E,'LD PRO'!$C:$C,J3,'LD PRO'!$AF:$AF,WOR!$O$1)+J19 -> 168.70175 | K11: =SUM(C11:J11) -> 930 | L11: =+$K$11/$K$8 -> 0.05236059 | M11: 2743.8 | P11: WASTE LOSS | Q11: =+Q10/K8 -> 7.9588097
A12: WASTAGE/% (4.5 %) | C12: =IFERROR((C$11/C$8),"--") -> 0.033119315 | D12: =IFERROR((D$11/D$8),"--") -> 0.039655451 | E12: =IFERROR((E$11/E$8),"--") -> -- | F12: =IFERROR((F$11/F$8),"--") -> 0.068213299 | G12: =IFERROR((G$11/G$8),"--") -> 0.05731136 | H12: =IFERROR((H$11/H$8),"--") -> 0.050944114 | I12: =IFERROR((I$11/I$8),"--") -> -- | J12: =IFERROR((J$11/J$8),"--") -> 0.049478458 | M12: 0.0896 | O12: PP+LD PRO
A13: WASTAGE/VALUE | C13: {=((SUMIFS([2]KWH!$F:$F,[2]KWH!$E:$E,WOR!$O$1)/(COUNT(_xlfn._xlws.FILTER(_xlfn._xlws.FILTER([2]KWH!$A:$F,[2]KWH!$E:$E=WOR!$O$1),{0,0,0,1,0,0}))))*C11)} -> 12580.345 | D13: {=((SUMIFS([2]KWH!$F:$F,[2]KWH!$E:$E,WOR!$O$1)/(COUNT(_xlfn._xlws.FILTER(_xlfn._xlws.FILTER([2]KWH!$A:$F,[2]KWH!$E:$E=WOR!$O$1),{0,0,0,1,0,0}))))*D11)} -> 23282.81 | E13: {=((SUMIFS([2]KWH!$F:$F,[2]KWH!$E:$E,WOR!$O$1)/(COUNT(_xlfn._xlws.FILTER(_xlfn._xlws.FILTER([2]KWH!$A:$F,[2]KWH!$E:$E=WOR!$O$1),{0,0,0,1,0,0}))))*E11)} -> 0 | F13: {=((SUMIFS([2]KWH!$F:$F,[2]KWH!$E:$E,WOR!$O$1)/(COUNT(_xlfn._xlws.FILTER(_xlfn._xlws.FILTER([2]KWH!$A:$F,[2]KWH!$E:$E=WOR!$O$1),{0,0,0,1,0,0}))))*F11)} -> 88018.199 | G13: {=((SUMIFS([2]KWH!$F:$F,[2]KWH!$E:$E,WOR!$O$1)/(COUNT(_xlfn._xlws.FILTER(_xlfn._xlws.FILTER([2]KWH!$A:$F,[2]KWH!$E:$E=WOR!$O$1),{0,0,0,1,0,0}))))*G11)} -> 21004.293 | H13: {=((SUMIFS([2]KWH!$F:$F,[2]KWH!$E:$E,WOR!$O$1)/(COUNT(_xlfn._xlws.FILTER(_xlfn._xlws.FILTER([2]KWH!$A:$F,[2]KWH!$E:$E=WOR!$O$1),{0,0,0,1,0,0}))))*H11)} -> 138317.3 | I13: {=((SUMIFS([2]KWH!$F:$F,[2]KWH!$E:$E,WOR!$O$1)/(COUNT(_xlfn._xlws.FILTER(_xlfn._xlws.FILTER([2]KWH!$A:$F,[2]KWH!$E:$E=WOR!$O$1),{0,0,0,1,0,0}))))*I11)} -> 0 | J13: {=((SUMIFS([2]KWH!$F:$F,[2]KWH!$E:$E,WOR!$O$1)/(COUNT(_xlfn._xlws.FILTER(_xlfn._xlws.FILTER([2]KWH!$A:$F,[2]KWH!$E:$E=WOR!$O$1),{0,0,0,1,0,0}))))*J11)} -> 62757.051 | K13: {=((SUMIFS([2]KWH!$F:$F,[2]KWH!$E:$E,WOR!$O$1)/(COUNT(_xlfn._xlws.FILTER(_xlfn._xlws.FILTER([2]KWH!$A:$F,[2]KWH!$E:$E=WOR!$O$1),{0,0,0,1,0,0}))))*K11)} -> 345960 | L13: =+$Q$11 -> 7.9588097 | M13: 13.61
A14: TOTAL KWH @ 44 | C14: =SUMIFS([2]KWH!$C:$C,[2]KWH!$E:$E,WOR!$O$1) -> 11343.5 | O14: =+K8+[2]WOR!$J$8 -> 31617.77
A15: KWH VALUE (26/KG) | C15: =+C14*44 -> 499114 | L15: =+$C$15/$K$8 -> 28.100971 | M15: 25.27 | O15: TOTAL EX | P15: LD PRO | Q15: LD STORE EX
A16: LABOR/KG | B16: VARIABLE | C16: =((236000)/26)*7 -> 63538.462 | F16: =C16/$K$8 -> 3.577324 | G16: ADMIN | H16: 150000 | J16: =((H16/26)*7)/K8 -> 2.2737229 | K16: =+F16+J17+J16 -> 9.5458466 | M16: 5.53 | O16: 180470.25 | P16: =+K8 -> 17761.45 | Q16: =+P16*O18 -> 101380.12
B17: FIXED | C17: FOREMANS | E17: =((115500/26)*7)/$K$8 -> 1.7507666 | I17: STAFF | J17: =(((128250/26)*7)/K8)+E17 -> 3.6947997 | N17: =+M18+M16+M15+M13 -> 46.85 | P17: PP PRO | Q17: PP STORE EX
A18: STORE EXPENSE | C18: =+Q16 -> 101380.12 | F18: REPAIR | K18: =+(C18+H18)/K8 -> 5.7078741 | M18: 2.44 | N18: =+K18+K16+L15+L13 -> 51.313502 | O18: =+O16/O14 -> 5.7078741 | P18: =+[2]WOR!$J$8 -> 13856.32 | Q18: =+P18*O18 -> 79090.13
C19: =($N$22/$K$8)*C8 -> 24.318133 | D19: =($N$22/$K$8)*D8 -> 37.588198 | E19: =($N$22/$K$8)*E8 -> 0 | F19: =($N$22/$K$8)*F8 -> 82.608061 | G19: =($N$22/$K$8)*G8 -> 23.463152 | H19: =($N$22/$K$8)*H8 -> 173.82071 | I19: =($N$22/$K$8)*I8 -> 0 | J19: =($N$22/$K$8)*J8 -> 81.201749
K20: 1626
G21: 82795 | M21: tr# | N21: 930 | O21: =+N21-K11 -> 0
G22: =+G21/2 -> 41397.5 | I22: =429960/2 -> 214980 | M22: diff | N22: 423
K24: store | L24: 97295
K25: repair | L25: 5074
D39: =35000*20% -> 7000
D40: =+D39+35000 -> 42000

Sheet MOR
A1: MONTHLY OPERATION REVIEW LD DEPARTMENT | X1: 46113
A2: KPI | C2: MACHINES | H2: MONTH OF APR | I2: % | J2: MONTH OF MAR | K2: MONTH OF FEB | L2: MONTH OF JAN | M2: MONTH OF DEC | N2: MONTH OF NOV | O2: MONTH OF OCT | P2: MONTH OF SEP | Q2: MONTH OF AUG | R2: MONTH OF JUL | S2: MONTH OF JUN | T2: MONTH OF MAY | U2: MONTH OF APR | V2: MONTH OF MAR | W2: MONTH OF FEB
C3: 14 | D3: =+C3+1 -> 15 | E3: =+D3+1 -> 16 | F3: =+E3+1 -> 17 | G3: =+F3+1 -> 18 | X3: REMARKS
A4: PLANED STOPPAGE HOURS | C4: =SUMIFS('LD PRO'!$K:$K,'LD PRO'!$AF:$AF,MOR!C3) -> 6.6666667 | D4: =SUMIFS('LD PRO'!$K:$K,'LD PRO'!$AF:$AF,MOR!D3) -> 2.9166667 | E4: =SUMIFS('LD PRO'!$K:$K,'LD PRO'!$AF:$AF,MOR!E3) -> 10.166667 | F4: =SUMIFS('LD PRO'!$K:$K,'LD PRO'!$AF:$AF,MOR!F3) -> 12.4 | G4: =SUMIFS('LD PRO'!$K:$K,'LD PRO'!$AF:$AF,MOR!G3) -> 8.9166667 | H4: =SUM(C4:G4) -> 41.066667 | I4: =SUM('LD PRO'!K:K)/SUM('LD PRO'!AA:AA) -> 0.0099194847 | J4: 57.7 | K4: 64.8 | L4: 56.38 | M4: 79.48 | N4: 132.15 | O4: 93.58 | P4: 71.1 | Q4: 34.233333 | R4: 68.59 | S4: 30.13 | T4: 28.3 | U4: 27.73 | V4: 30.85 | W4: 16.03 | X4: Size Change 0.32% + MACHINE ON/OFF 0.67%
A5: PLANED STOPPAGE TARGET(2%) | C5: =IFERROR((C4/(SUMIFS('LD PRO'!$AA:$AA,'LD PRO'!$AF:$AF,MOR!C3))),"--") -> 0.0080515298 | D5: =IFERROR((D4/(SUMIFS('LD PRO'!$AA:$AA,'LD PRO'!$AF:$AF,MOR!D3))),"--") -> 0.0027006173 | E5: =IFERROR((E4/(SUMIFS('LD PRO'!$AA:$AA,'LD PRO'!$AF:$AF,MOR!E3))),"--") -> 0.0098514212 | F5: =IFERROR((F4/(SUMIFS('LD PRO'!$AA:$AA,'LD PRO'!$AF:$AF,MOR!F3))),"--") -> 0.017514124 | G5: =IFERROR((G4/(SUMIFS('LD PRO'!$AA:$AA,'LD PRO'!$AF:$AF,MOR!G3))),"--") -> 0.018123306 | J5: 0.0194 | K5: 0.0181 | L5: 0.0155 | M5: 0.0208 | N5: 0.0347 | O5: 0.0205 | P5: 0.0211 | Q5: 0.0099 | R5: 0.0217 | S5: 0.0123 | T5: 0.0084 | U5: 0.0115 | V5: 0.0117 | W5: 0.0059
A6: UNPLANED STOPPAGE HOURS | C6: =SUMIFS('LD PRO'!$X:$X,'LD PRO'!$AF:$AF,MOR!C3) -> 19 | D6: =SUMIFS('LD PRO'!$X:$X,'LD PRO'!$AF:$AF,MOR!D3) -> 2.8333333 | E6: =SUMIFS('LD PRO'!$X:$X,'LD PRO'!$AF:$AF,MOR!E3) -> 5.6666667 | F6: =SUMIFS('LD PRO'!$X:$X,'LD PRO'!$AF:$AF,MOR!F3) -> 13.083333 | G6: =SUMIFS('LD PRO'!$X:$X,'LD PRO'!$AF:$AF,MOR!G3) -> 1.3833333 | H6: =SUM(C6:G6) -> 41.966667 | I6: =SUM('LD PRO'!X:X)/SUM('LD PRO'!AA:AA) -> 0.010136876 | J6: 20 | K6: 37.63 | L6: 8.47 | M6: 28.3 | N6: 33.27 | O6: 70.53 | P6: 73.42 | Q6: 70.85 | R6: 75.9 | S6: 36.97 | T6: 73 | U6: 33.05 | V6: 40.3 | W6: 24.75 | X6: DAI CLEAN (0.01%) SIZE ISSUE(0.04%) JALI CHANGE (0.11 %),MECHANICAL ISSUE (0.50%) SAMPLE (0.14%) OTHERS (0.19%) TREET ISSUE(0.01%)
A7: UNPLANED STOPPAGE TARGET(1.5%) | C7: =IFERROR((C6/(SUMIFS('LD PRO'!$AA:$AA,'LD PRO'!$AF:$AF,MOR!C3))),"--") -> 0.02294686 | D7: =IFERROR((D6/(SUMIFS('LD PRO'!$AA:$AA,'LD PRO'!$AF:$AF,MOR!D3))),"--") -> 0.0026234568 | E7: =IFERROR((E6/(SUMIFS('LD PRO'!$AA:$AA,'LD PRO'!$AF:$AF,MOR!E3))),"--") -> 0.0054909561 | F7: =IFERROR((F6/(SUMIFS('LD PRO'!$AA:$AA,'LD PRO'!$AF:$AF,MOR!F3))),"--") -> 0.018479284 | G7: =IFERROR((G6/(SUMIFS('LD PRO'!$AA:$AA,'LD PRO'!$AF:$AF,MOR!G3))),"--") -> 0.0028116531 | J7: 0.0067 | K7: 0.0105 | L7: 0.0023 | M7: 0.0074 | N7: 0.0087 | O7: 0.0154 | P7: 0.0218 | Q7: 0.0206 | R7: 0.024 | S7: 0.0151 | T7: 0.0217 | U7: 0.0137 | V7: 0.0153 | W7: 0.0091
A8: TOTAL PRODUCTION KGs | C8: =SUMIFS('LD PRO'!$D:$D,'LD PRO'!$AF:$AF,MOR!C3) -> 24062.33 | D8: =SUMIFS('LD PRO'!$D:$D,'LD PRO'!$AF:$AF,MOR!D3) -> 35370.95 | E8: =SUMIFS('LD PRO'!$D:$D,'LD PRO'!$AF:$AF,MOR!E3) -> 30639.57 | F8: =SUMIFS('LD PRO'!$D:$D,'LD PRO'!$AF:$AF,MOR!F3) -> 17761.45 | G8: =SUMIFS('LD PRO'!$D:$D,'LD PRO'!$AF:$AF,MOR!G3) -> 10790.1 | H8: =SUM(C8:G8) -> 118624.4 | I8: =+$H$8/$H$9 -> 0.95022388 | J8: 87392 | K8: 108010 | L8: 108283 | M8: 140403 | N8: 136620 | O8: 130657 | P8: 96689 | Q8: 97861.76 | R8: 92549 | S8: 71426 | T8: 99398 | U8: 79599 | V8: 90537.99 | W8: 92723.29
A9: TARGET PRODUCTION | C9: =SUMIFS('LD PRO'!$AC:$AC,'LD PRO'!$AF:$AF,MOR!C3) -> 25361.4 | D9: =SUMIFS('LD PRO'!$AC:$AC,'LD PRO'!$AF:$AF,MOR!D3)-200 -> 36881.15 | E9: =SUMIFS('LD PRO'!$AC:$AC,'LD PRO'!$AF:$AF,MOR!E3) -> 32241.15 | F9: =SUMIFS('LD PRO'!$AC:$AC,'LD PRO'!$AF:$AF,MOR!F3) -> 18781.3 | G9: =SUMIFS('LD PRO'!$AC:$AC,'LD PRO'!$AF:$AF,MOR!G3) -> 11573.37 | H9: =SUM(C9:G9) -> 124838.37 | J9: 92327 | K9: 113970 | L9: 114237 | M9: 147058 | N9: 142377 | O9: 136825 | P9: 97853 | Q9: 99884 | R9: 95400 | S9: 74050 | T9: 101750 | U9: 81950 | V9: 91750 | W9: 94000
A10: PRODUCTION ACHIVEMENT TARGET(95%) | C10: =IFERROR((C$8/C$9),"--") -> 0.94877767 | D10: =IFERROR((D$8/D$9),"--") -> 0.95905225 | E10: =IFERROR((E$8/E$9),"--") -> 0.95032497 | F10: =IFERROR((F$8/F$9),"--") -> 0.94569865 | G10: =IFERROR((G$8/G$9),"--") -> 0.93232135 | J10: 0.9466 | K10: 0.9477 | L10: 0.9479 | M10: 0.9547 | N10: 0.9596 | O10: 0.9549 | P10: 0.9881 | Q10: 0.9798 | R10: 0.9701 | S10: 0.9646 | T10: 0.9769 | U10: 0.9713 | V10: =+V8/V9 -> 0.98679008 | W10: =+W8/W9 -> 0.98641798
A11: WASTAGE/KGS | C11: =SUMIFS('LD PRO'!$E:$E,'LD PRO'!$AF:$AF,MOR!C3)+C26 -> 1383.3728 | D11: =SUMIFS('LD PRO'!$E:$E,'LD PRO'!$AF:$AF,MOR!D3)+D26 -> 1705.2759 | E11: =SUMIFS('LD PRO'!$E:$E,'LD PRO'!$AF:$AF,MOR!E3)+E26 -> 1580.9727 | F11: =SUMIFS('LD PRO'!$E:$E,'LD PRO'!$AF:$AF,MOR!F3)+F26 -> 894.79674 | G11: =SUMIFS('LD PRO'!$E:$E,'LD PRO'!$AF:$AF,MOR!G3) -> 553.5 | H11: =SUM(C11:G11) -> 6117.9181 | I11: =+$H$11/$H$8 -> 0.051573859 | J11: 4874 | K11: 5556 | L11: 5536 | M11: 6802 | N11: 8710 | O11: 13444 | P11: 5918 | Q11: 6141.22 | R11: 4664 | S11: 4041 | T11: 4483 | U11: 3186 | V11: 6660.2 | W11: 3510.9
A12: WASTE TARGET(4.5 % ) | C12: =IFERROR((C$11/C$8),"--") -> 0.057491222 | D12: =IFERROR((D$11/D$8),"--") -> 0.048211198 | E12: =IFERROR((E$11/E$8),"--") -> 0.05159905 | F12: =IFERROR((F$11/F$8),"--") -> 0.050378586 | G12: =IFERROR((G$11/G$8),"--") -> 0.051297022 | J12: 0.0558 | K12: 0.0514 | L12: 0.0511 | M12: 0.0484 | N12: 0.0638 | O12: 0.1029 | P12: 0.0612 | Q12: 0.0628 | R12: 0.0504 | S12: 0.0566 | T12: 0.0451 | U12: 0.04 | V12: 0.0736 | W12: 0.0379
A13: WASTAGE/VALUE | C13: {=IFERROR(((SUMIFS(KWH!$F:$F,KWH!$E:$E,C3)/(COUNT(_xlfn._xlws.FILTER(_xlfn._xlws.FILTER(KWH!$A:$F,KWH!$E:$E=C3),{0,0,0,0,0,1}))))*C11),"0")} -> 514614.66 | D13: {=IFERROR(((SUMIFS(KWH!$F:$F,KWH!$E:$E,D3)/(COUNT(_xlfn._xlws.FILTER(_xlfn._xlws.FILTER(KWH!$A:$F,KWH!$E:$E=D3),{0,0,0,0,0,1}))))*D11),"0")} -> 634362.62 | E13: {=IFERROR(((SUMIFS(KWH!$F:$F,KWH!$E:$E,E3)/(COUNT(_xlfn._xlws.FILTER(_xlfn._xlws.FILTER(KWH!$A:$F,KWH!$E:$E=E3),{0,0,0,0,0,1}))))*E11),"0")} -> 588121.85 | F13: {=IFERROR(((SUMIFS(KWH!$F:$F,KWH!$E:$E,F3)/(COUNT(_xlfn._xlws.FILTER(_xlfn._xlws.FILTER(KWH!$A:$F,KWH!$E:$E=F3),{0,0,0,0,0,1}))))*F11),"-")} -> 332864.39 | G13: {=IFERROR(((SUMIFS(KWH!$F:$F,KWH!$E:$E,G3)/(COUNT(_xlfn._xlws.FILTER(_xlfn._xlws.FILTER(KWH!$A:$F,KWH!$E:$E=G3),{0,0,0,0,0,1}))))*G11),"0")} -> 205902 | H13: =SUM(C13:G13) -> 2275865.5 | I13: =+H29 -> 7.8392265 | J13: 8.48 | K13: 7.81 | L13: 7.77 | M13: 7.36 | N13: 9.69 | O13: 15.66 | P13: 8.63 | Q13: 8.28 | R13: 6.65 | S13: 8.2 | T13: 5.95 | U13: 6.43 | V13: 10.37 | W13: 5.34
A14: ROLL WASTE | C14: 1035 | I14: =+$C$14/$H$8 -> 0.0087250178 | J14: 0.072 | K14: 0.014 | L14: 0.014 | M14: 0.014 | N14: 0.014 | O14: 3.45
A15: WASTAGE/VALUE | C15: {=IFERROR(((SUMIFS([2]KWH!$F:$F,[2]KWH!$E:$E,C3)/(COUNT(_xlfn._xlws.FILTER(_xlfn._xlws.FILTER([2]KWH!$A:$F,[2]KWH!$E:$E=C3),{0,0,0,0,0,1}))))*C14),"0")} -> 385020 | H15: =+P29 -> 1.3262027
A16: TOTAL KWH | C16: =SUMIFS(KWH!$C:$C,KWH!$E:$E,MOR!C3)-1055.6 -> 17074.76 | D16: =SUMIFS(KWH!$C:$C,KWH!$E:$E,MOR!D3)-1055.6 -> 17382.4 | E16: =SUMIFS(KWH!$C:$C,KWH!$E:$E,MOR!E3)-1055.6 -> 16544.66 | F16: =SUMIFS(KWH!$C:$C,KWH!$E:$E,MOR!F3)-1055.6 -> 10287.9 | G16: =SUMIFS(KWH!$C:$C,KWH!$E:$E,MOR!G3)-1055.6 -> 6072.16 | H16: =SUM(C16:G16) -> 67361.88 | J16: 52514 | K16: 64987.7 | L16: 65452 | M16: 72866 | N16: 72055 | O16: 75416 | P16: 58943 | Q16: 59604 | R16: 54386 | S16: 43049 | T16: 61584 | U16: 46211 | V16: 51018 | W16: 53168
A17: KWH VALUE @ 44 | C17: =+C16*44 -> 751289.44 | D17: =+D16*44 -> 764825.6 | E17: =+E16*44 -> 727965.04 | F17: =+F16*44 -> 452667.6 | G17: =+G16*44 -> 267175.04 | H17: =+H16*44 -> 2963922.7 | J17: =+J16*44 -> 2310616 | K17: =+K16*44 -> 2859458.8 | L17: =+L16*44 -> 2879888 | M17: =+M16*44 -> 3206104 | N17: =+N16*44 -> 3170420 | O17: =+O16*44 -> 3318304 | P17: =+P16*44 -> 2593492 | Q17: 2622576 | R17: 2392962 | S17: 1894134 | T17: 2709696 | U17: 2033284 | V17: 2244792 | W17: =+W16*44 -> 2339392
A18: KWH VALUE TARGET(26/KG) | C18: =IFERROR((C17/C8),"-") -> 31.222639 | D18: =IFERROR((D17/D8),"-") -> 21.622987 | E18: =IFERROR((E17/E8),"-") -> 23.758984 | F18: =IFERROR((F17/F8),"-") -> 25.48596 | G18: =IFERROR((G17/G8),"-") -> 24.761127 | I18: =+H17/H8 -> 24.985776 | J18: 26.44 | K18: 26.47 | L18: 26.6 | M18: 22.83 | N18: 23.21 | O18: 25.4 | P18: 26.82 | Q18: =+Q17/Q8 -> 26.798782 | R18: 25.86 | S18: 26.52 | T18: 27.26 | U18: 25.54 | V18: 24.79 | W18: =+W17/W8 -> 25.229821
A19: LABOR/KG | B19: VARIABLE | C19: 5.9167797 | D19: 5.6032272 | E19: 6.6596509 | F19: 9.611506 | G19: 11.11967 | H19: 7.17 | I19: =+D20+D21+F20+H19 -> 11.54 | J19: 16.24 | K19: 12.03 | L19: 8.86 | M19: 8.86 | N19: 9.23 | O19: 9.2 | P19: 10.33 | Q19: 10.31 | R19: 9.89 | S19: 10.78 | T19: 10.13 | U19: 8.6 | V19: 8.26 | W19: 7.03
B20: FIXED | C20: STAFF+STORES | D20: 1.67 | E20: WELFARE | F20: 0.31
A21: OVERHEADS | C21: ADMIN | D21: 2.39 | E21: PACKING | F21: 0.76
C22: REPAIR | D22: 0.86 | E22: STORE & SPARES | F22: 1.17 | I22: =+D24+F21+D23+D22+F22+F23+F24 -> 3.36 | J22: 6 | K22: 3.32 | L22: 4.08 | M22: 4.08 | N22: 2.05 | O22: 5.7 | P22: 6.97 | Q22: 4.84 | R22: 5.73 | S22: 7.14 | T22: 10.26 | U22: 4.86 | V22: 4.64 | W22: =0.01+0.11+0.01+0.59+0.05 -> 0.77
C23: FREIGHT | E23: CORE | F23: 0.57
C24: RM GENERAL | E24: OTHERS
A25: CONVERSION COST | I25: =+I22+I19+I18+I13 -> 47.725003 | J25: =+J22+J19+J18+J13 -> 57.16 | K25: =+K22+K19+K18+K13 -> 49.63 | L25: =+L22+L19+L18+L13 -> 47.31 | M25: =+M22+M19+M18+M13 -> 43.13 | N25: =+N22+N19+N18+N13 -> 44.18 | O25: =+O22+O19+O18+O13 -> 55.96 | P25: =+P22+P19+P18+P13 -> 52.75 | Q25: 50.24 | R25: 48.13 | S25: 52.64 | T25: 53.6 | U25: 45.44 | V25: =+V22+V19+V18+V13 -> 48.06 | W25: =+W22+W19+W18+W13 -> 38.369821
B26: =+$D$29/$H$8*C8 -> 525.36775 | C26: =+$D$29/$H$8*C8 -> 525.36775 | D26: =+$D$29/$H$8*D8 -> 772.27586 | E26: =+$D$29/$H$8*E8 -> 668.97271 | F26: =+$D$29/$H$8*F8 -> 387.79674 | G26: WASTE RATE | H26: 220 | I26: WASTE RATE | P26: 220
H27: =+H11*H26 -> 1345942 | P27: =+C14*P26 -> 227700
E28: 6354 | H28: =+H13-H27 -> 929923.55 | P28: =+C15-P27 -> 157320
D29: 2590 | E29: =+E28-H11 -> 236.08194 | G29: WASTE LOSS | H29: =+H28/H8 -> 7.8392265 | I29: WASTE LOSS | P29: =+P28/$H$8 -> 1.3262027

Sheet KWH
A1: DATE | B1: PP | C1: LD | D1: RECIPE | E1: WEEK | F1: LD RECIPE
A2: 1-Oct-25 | B2: 1945 | C2: 2272 | D2: 398 | E2: 40 | F2: 372 | G2: 49
A3: 2-Oct-25 | B3: 2087 | C3: 2567 | D3: 398 | E3: 40 | F3: 372
A4: 3-Oct-25 | B4: 2040 | C4: 2864 | D4: 398 | E4: 40 | F4: 372
A5: 4-Oct-25 | B5: 2041 | C5: 2931 | D5: 398 | E5: 40 | F5: 372
A6: 5-Oct-25 | B6: 2044.5 | C6: 2856.5 | D6: 398 | E6: 40 | F6: 372
A7: 6-Oct-25 | B7: 2021.5 | C7: 2836.5 | D7: 398 | E7: 41 | F7: 372
A8: 7-Oct-25 | B8: 2048 | C8: 3082 | D8: 398 | E8: 41 | F8: 372
A9: 8-Oct-25 | B9: 1996.5 | C9: 2762.5 | D9: 398 | E9: 41 | F9: 372
A10: 9-Oct-25 | B10: 2129 | C10: 2361 | D10: 398 | E10: 41 | F10: 372
A11: 10-Oct-25 | B11: 2141.5 | C11: 2543.5 | D11: 398 | E11: 41 | F11: 372
A12: 11-Oct-25 | B12: 2009 | C12: 2336 | D12: 398 | E12: 41 | F12: 372
A13: 12-Oct-25 | B13: 1625 | C13: 2339 | D13: 398 | E13: 41 | F13: 372
A14: 13-Oct-25 | B14: 200.5 | C14: 2155.5 | D14: 398 | E14: 42 | F14: 372
... A20: 19-Oct-25 | B20: 1295.5 | C20: 1945.5 | D20: 398 | E20: 42 | F20: 372
A21: 45950 | B21: 268.74 | C21: 2841.74 | D21: 398 | E21: 43 | F21: 372
A22: 45951 | B22: 1401.58 | C22: 3008.58 | D22: 398 | E22: 43 | F22: 372
A23: 45952 | B23: 2077.08 | C23: 2827.08 | D23: 398 | E23: 43 | F23: 372
A24: 45953 | B24: 2136.28 | C24: 3083.28 | D24: 398 | E24: 43 | F24: 372
A25: 45954 | B25: 2195.44 | C25: 3140.44 | D25: 398 | E25: 43 | F25: 372
A26: 45955 | B26: 1812.82 | C26: 2870.82 | D26: 398 | E26: 43 | F26: 372
A27: 45956 | B27: 378.12 | C27: 3051.12 | D27: 398 | E27: 43 | F27: 372
A28: 45957 | B28: 1323.38 | C28: 3086.38 | D28: 398 | E28: 44 | F28: 372
A29: 45958 | B29: 1463.7 | C29: 2527.7 | D29: 398 | E29: 44 | F29: 372
A30: 45959 | B30: 1974.3 | C30: 2304.3 | D30: 398 | E30: 44 | F30: 372
A31: 45960 | B31: 2147.72 | C31: 2998.72 | D31: 398 | E31: 44 | F31: 372
A32: 45961 | B32: 1924.84 | C32: 3020.84 | D32: 398 | E32: 44 | F32: 372
... A93: 46022 | B93: 2267.82 | C93: 2234.82 | D93: 398 | E93: 53 | F93: 372
A94: 46023 | B94: 2239.92 | C94: 2232.92 | D94: 398 | E94: 54 | F94: 372 | G94: 53
A95: 46024 | B95: 2093.3 | C95: 2310.3 | D95: 398 | E95: 54 | F95: 372 | G95: 53
A96: 46025 | B96: 1923.86 | C96: 1799.86 | D96: 398 | E96: 54 | F96: 372 | G96: 53
A97: 46026 | B97: 1907.04 | C97: 162.04 | D97: 398 | E97: 54 | F97: 372 | G97: 53
A98: 46027 | B98: 1806.04 | C98: 1676.04 | D98: 398 | E98: 54 | F98: 372 | G98: 54
A99: 46028 | B99: 1905.56 | C99: 2311.56 | D99: 398 | E99: 54 | F99: 372 | G99: 54
A100: 46029 | B100: 1738.06 | C100: 2359.06 | D100: 398 | E100: 54 | F100: 372 | G100: 54
A101: 46030 | B101: 1793.72 | C101: 2433.72 | D101: 398 | E101: 54 | F101: 372 | G101: 54
A102: 46031 | B102: 1906.28 | C102: 2899.28 | D102: 398 | E102: 54 | F102: 372 | G102: 54
A103: 46032 | B103: 1535.72 | C103: 2712.72 | D103: 398 | E103: 54 | F103: 372 | G103: 54
A104: 46033 | B104: 1681.52 | C104: 2715.52 | D104: 398 | E104: 54 | F104: 372 | G104: 54
A105: 46034 | B105: 1906.4 | C105: 2725.4 | D105: 398 | E105: 55 | F105: 372 | G105: 55
... A124: 46053 | B124: 1588.22 | C124: 2220.22 | D124: 398 | E124: 57 | F124: 372 | G124: 57
A125: 46054 | B125: 163.8 | C125: 2275.8 | D125: 398 | E125: 6 | F125: 372 | G125: 6 | H125: 57
A126: 46055 | B126: 1886.22 | C126: 2077.22 | D126: 398 | E126: 6 | F126: 372 | G126: 6
A127: 46056 | B127: 1923.62 | C127: 2132.62 | D127: 398 | E127: 6 | F127: 372 | G127: 6
A128: 46057 | B128: 1701.78 | C128: 2122.78 | D128: 398 | E128: 6 | F128: 372 | G128: 6
A129: 46058 | B129: 1638.92 | C129: 1828.92 | D129: 398 | E129: 6 | F129: 372 | G129: 6
A130: 46059 | B130: 132.84 | C130: 86.84 | D130: 398 | E130: 6 | F130: 372 | G130: 6
A131: 46060 | B131: 178.2 | C131: 77.2 | D131: 398 | E131: 6 | F131: 372 | G131: 6
A132: 46061 | B132: 125.4 | C132: 88.4 | D132: 398 | E132: 6 | F132: 372 | G132: 6
A133: 46062 | B133: 1739.66 | C133: 1924.66 | D133: 398 | E133: 7 | F133: 372 | G133: 7
A134: 46063 | B134: 1893.98 | C134: 2722.98 | D134: 398 | E134: 7 | F134: 372 | G134: 7
A135: 46064 | B135: 1582.24 | C135: 3184.24 | D135: 398 | E135: 7 | F135: 372 | G135: 7
A136: 46065 | B136: 1478.88 | C136: 3255.88 | D136: 398 | E136: 7 | F136: 372 | G136: 7
A137: 46066 | B137: 1954.78 | C137: 3290.78 | D137: 398 | E137: 7 | F137: 372 | G137: 7
... A160: 46089 | B160: 195.44 | C160: 2946.44 | D160: 398 | E160: 10 | F160: 372 | G160: 10
A161: 46090 | B161: 1696.04 | C161: 2805.04 | D161: 398 | E161: =WEEKNUM(A161,2) -> 11 | F161: 372 | G161: 11
A162: 46091 | B162: 1801.54 | C162: 3005.54 | D162: 398 | E162: =WEEKNUM(A162,2) -> 11 | F162: 372 | G162: 11
A163: 46092 | B163: 1803.26 | C163: 2534.26 | D163: 398 | E163: =WEEKNUM(A163,2) -> 11 | F163: 372 | G163: 11
A164: 46093 | B164: 1886.5 | C164: 2797.5 | D164: 398 | E164: =WEEKNUM(A164,2) -> 11 | F164: 372 | G164: 11
A165: 46094 | B165: 1812.58 | C165: 3021.58 | D165: 398 | E165: =WEEKNUM(A165,2) -> 11 | F165: 372 | G165: 11
A166: 46095 | B166: 1968.22 | C166: 3091.22 | D166: 398 | E166: =WEEKNUM(A166,2) -> 11 | F166: 372 | G166: 11
A167: 46096 | B167: 1812.2 | C167: 2899.2 | D167: 398 | E167: =WEEKNUM(A167,2) -> 11 | F167: 372 | G167: 11
A168: 46097 | B168: 1745.06 | C168: 2572.06 | D168: 398 | E168: =WEEKNUM(A168,2) -> 12 | F168: 372 | G168: 12
A169: 46098 | C169: 1322 | E169: =WEEKNUM(A169,2) -> 12 | F169: 372 | G169: 12
A170: 46099 | C170: 295.28 | E170: 12 | F170: 372 | G170: 12
A171: 46111 | C171: 1692.36 | E171: 14 | F171: 372 | G171: 14
A172: 46112 | C172: 2474.4 | E172: 14 | F172: 372 | G172: 14
A173: 46113 | B173: 1453.42 | C173: 2678.42 | D173: 398 | E173: =WEEKNUM(A173,2) -> 14 | F173: 372 | G173: 14
A174: 46114 | B174: 1635.4 | C174: 2809.4 | D174: 398 | E174: =WEEKNUM(A174,2) -> 14 | F174: 372 | G174: 14
A175: 46115 | B175: 1688.58 | C175: 2748.58 | D175: 398 | E175: =WEEKNUM(A175,2) -> 14 | F175: 372 | G175: 14
A176: 46116 | B176: 1705.1 | C176: 2814.1 | D176: 398 | E176: =WEEKNUM(A176,2) -> 14 | F176: 372 | G176: 14
A177: 46117 | B177: 1562.1 | C177: 2913.1 | D177: 398 | E177: =WEEKNUM(A177,2) -> 14 | F177: 372 | G177: 14
A178: =+A177+1 -> 46118 | B178: 1396 | C178: 2733 | D178: 398 | E178: 15 | F178: 372 | G178: 15
A179: =+A178+1 -> 46119 | B179: 1371 | C179: 2984 | D179: 398 | E179: 15 | F179: 372 | G179: 15
A180: =+A179+1 -> 46120 | B180: 1404 | C180: 2928 | D180: 398 | E180: 15 | F180: 372 | G180: 15
A181: =+A180+1 -> 46121 | B181: 1451 | C181: 2686 | D181: 398 | E181: 15 | F181: 372 | G181: 15
A182: =+A181+1 -> 46122 | B182: 1445 | C182: 2385 | D182: 398 | E182: 15 | F182: 372 | G182: 15
A183: =+A182+1 -> 46123 | B183: 1545 | C183: 2379 | D183: 398 | E183: 15 | F183: 372 | G183: 15
A184: =+A183+1 -> 46124 | B184: 1043 | C184: 2343 | D184: 398 | E184: 15 | F184: 372 | G184: 15
A185: 46125 | B185: 1235.92 | C185: 2587.92 | D185: 398 | E185: =WEEKNUM(A185,2) -> 16 | F185: 372
A186: 46126 | B186: 1196.2 | C186: 2697.2 | D186: 398 | E186: =WEEKNUM(A186,2) -> 16 | F186: 372
A187: 46127 | B187: 1220.26 | C187: 2634.26 | D187: 398 | E187: =WEEKNUM(A187,2) -> 16 | F187: 372
A188: 46128 | B188: 1637.06 | C188: 2719.06 | D188: 398 | E188: =WEEKNUM(A188,2) -> 16 | F188: 372
A189: 46129 | B189: 1685.1 | C189: 2803.1 | D189: 398 | E189: =WEEKNUM(A189,2) -> 16 | F189: 372
A190: 46130 | B190: 1498.06 | C190: 2500.06 | D190: 398 | E190: =WEEKNUM(A190,2) -> 16 | F190: 372
A191: 46131 | B191: 1236.66 | C191: 1658.66 | D191: 398 | E191: =WEEKNUM(A191,2) -> 16 | F191: 372
A192: 46132 | B192: 1557.4 | C192: 1658.4 | D192: 398 | E192: =WEEKNUM(A192,2) -> 17 | F192: 372
A193: 46133 | B193: 1155.74 | C193: 1477.74 | D193: 398 | E193: =WEEKNUM(A193,2) -> 17 | F193: 372
A194: 46134 | B194: 1181.64 | C194: 1499.64 | D194: 398 | E194: =WEEKNUM(A194,2) -> 17 | F194: 372
A195: 46135 | B195: 1124.8 | C195: 1736.8 | D195: 398 | E195: =WEEKNUM(A195,2) -> 17 | F195: 372
A196: 46136 | B196: 797.36 | C196: 1854.36 | D196: 398 | E196: =WEEKNUM(A196,2) -> 17 | F196: 372
... A202: 46142 | B202: 1690.76 | C202: 1578.76 | D202: 398 | E202: =WEEKNUM(A202,2) -> 18 | F202: 372
